order_line_id,order_id,order_date,customer_id,product_id,salesrep_id,quantity,unit_price,discount_rate,amount,currency,sales_channel,order_status
OL00000001,O0000001,2024-03-13,C00411,P0032,SR006,4,2970.00,0.05,11286.00,EUR,Direct,Completed
OL00000002,O0000001,2024-03-13,C00411,P0017,SR006,1,5280.00,0.05,5016.00,EUR,Direct,Completed
OL00000003,O0000002,2025-05-19,C00392,P0025,SR008,1,3200.00,0.05,3040.00,EUR,Direct,Completed
OL00000004,O0000003,2023-12-29,C00248,P0005,SR004,1,10725.00,0.10,9652.50,EUR,Direct,Completed
OL00000005,O0000004,2026-06-12,C00497,P0009,SR004,10,24300.00,0.00,243000.00,EUR,Partner,Completed
OL00000006,O0000004,2026-06-12,C00497,P0026,SR004,2,2970.00,0.00,5940.00,EUR,Partner,Completed
OL00000007,O0000004,2026-06-12,C00497,P0018,SR004,2,1323.00,0.05,2513.70,EUR,Partner,Completed
OL00000008,O0000005,2024-03-22,C00164,P0023,SR011,1,808.50,0.05,768.07,EUR,Partner,Completed
OL00000009,O0000005,2024-03-22,C00164,P0013,SR011,2,3200.00,0.00,6400.00,EUR,Partner,Completed
OL00000010,O0000005,2024-03-22,C00164,P0056,SR011,10,7920.00,0.00,79200.00,EUR,Partner,Completed
OL00000011,O0000005,2024-03-22,C00164,P0041,SR011,1,1237.50,0.15,1051.88,EUR,Partner,Completed
OL00000012,O0000006,2023-12-17,C00321,P0032,SR006,1,2970.00,0.00,2970.00,EUR,Direct,Completed
OL00000013,O0000007,2026-03-06,C00361,P0035,SR011,10,1237.50,0.00,12375.00,EUR,Direct,Completed
OL00000014,O0000007,2026-03-06,C00361,P0010,SR011,2,3200.00,0.10,5760.00,EUR,Direct,Completed
OL00000015,O0000008,2025-06-01,C00252,P0020,SR012,1,14850.00,0.10,13365.00,EUR,Online,Completed
OL00000016,O0000009,2026-02-20,C00077,P0063,SR001,1,12960.00,0.05,12312.00,EUR,Partner,Completed
OL00000017,O0000010,2023-04-29,C00437,P0058,SR006,1,2400.00,0.10,2160.00,EUR,Online,Completed
OL00000018,O0000011,2023-02-10,C00294,P0062,SR005,3,7920.00,0.00,23760.00,EUR,Direct,Completed
OL00000019,O0000011,2023-02-10,C00294,P0007,SR005,5,9000.00,0.00,45000.00,EUR,Direct,Completed
OL00000020,O0000012,2025-09-17,C00319,P0015,SR009,3,17550.00,0.00,0.00,EUR,Partner,Cancelled
OL00000021,O0000013,2023-05-21,C00391,P0045,SR012,2,6480.00,0.00,12960.00,EUR,Direct,Returned
OL00000022,O0000014,2025-04-06,C00268,P0037,SR001,2,4800.00,0.05,9120.00,EUR,Online,Completed
OL00000023,O0000014,2025-04-06,C00268,P0034,SR001,1,490.00,0.05,465.50,EUR,Online,Completed
OL00000024,O0000014,2025-04-06,C00268,P0028,SR001,10,750.00,0.15,6375.00,EUR,Online,Completed
OL00000025,O0000014,2025-04-06,C00268,P0062,SR001,5,7920.00,0.10,35640.00,EUR,Online,Completed
OL00000026,O0000015,2024-06-19,C00005,P0071,SR011,1,808.50,0.00,808.50,EUR,Direct,Completed
OL00000027,O0000015,2024-06-19,C00005,P0059,SR011,3,14850.00,0.00,44550.00,EUR,Direct,Completed
OL00000028,O0000016,2025-05-07,C00036,P0014,SR007,1,7920.00,0.00,7920.00,EUR,Direct,Returned
OL00000029,O0000016,2025-05-07,C00036,P0052,SR007,5,2400.00,0.00,12000.00,EUR,Direct,Returned
OL00000030,O0000017,2024-01-18,C00050,P0038,SR007,2,2970.00,0.20,4752.00,EUR,Direct,Completed
OL00000031,O0000017,2024-01-18,C00050,P0059,SR007,3,14850.00,0.05,42322.50,EUR,Direct,Completed
OL00000032,O0000017,2024-01-18,C00050,P0021,SR007,2,6480.00,0.05,12312.00,EUR,Direct,Completed
OL00000033,O0000017,2024-01-18,C00050,P0040,SR007,2,4800.00,0.15,8160.00,EUR,Direct,Completed
OL00000034,O0000018,2024-07-21,C00351,P0049,SR003,10,1250.00,0.05,11875.00,EUR,Partner,Completed
OL00000035,O0000019,2024-05-17,C00330,P0032,SR006,4,2970.00,0.10,10692.00,EUR,Partner,Completed
OL00000036,O0000020,2023-06-09,C00138,P0035,SR007,2,1237.50,0.10,2227.50,EUR,Direct,Completed
OL00000037,O0000021,2026-01-05,C00458,P0029,SR007,1,14850.00,0.00,14850.00,EUR,Online,Returned
OL00000038,O0000021,2026-01-05,C00458,P0011,SR007,1,808.50,0.05,768.07,EUR,Online,Returned
OL00000039,O0000022,2023-01-13,C00113,P0013,SR007,2,3200.00,0.00,0.00,EUR,Online,Cancelled
OL00000040,O0000023,2026-04-16,C00073,P0051,SR001,2,12960.00,0.00,25920.00,EUR,Direct,Completed
OL00000041,O0000023,2026-04-16,C00073,P0048,SR001,1,17550.00,0.05,16672.50,EUR,Direct,Completed
OL00000042,O0000023,2026-04-16,C00073,P0046,SR001,1,3200.00,0.10,2880.00,EUR,Direct,Completed
OL00000043,O0000024,2025-03-03,C00264,P0039,SR006,4,12960.00,0.00,51840.00,EUR,Partner,Completed
OL00000044,O0000024,2025-03-03,C00264,P0021,SR006,1,6480.00,0.00,6480.00,EUR,Partner,Completed
OL00000045,O0000025,2026-08-18,C00404,P0051,SR001,1,12960.00,0.00,12960.00,EUR,Direct,Completed
OL00000046,O0000025,2026-08-18,C00404,P0016,SR001,1,490.00,0.05,465.50,EUR,Direct,Completed
OL00000047,O0000026,2023-07-06,C00306,P0065,SR011,2,5280.00,0.00,10560.00,EUR,Online,Completed
OL00000048,O0000027,2025-05-26,C00153,P0048,SR008,10,17550.00,0.10,157950.00,EUR,Direct,Completed
OL00000049,O0000028,2025-10-28,C00003,P0011,SR001,1,808.50,0.05,768.07,EUR,Partner,Completed
OL00000050,O0000029,2025-08-25,C00051,P0061,SR006,20,3200.00,0.15,54400.00,EUR,Direct,Completed
OL00000051,O0000030,2023-03-01,C00019,P0037,SR001,1,4800.00,0.05,4560.00,EUR,Direct,Completed
OL00000052,O0000030,2023-03-01,C00019,P0075,SR001,1,6480.00,0.00,6480.00,EUR,Direct,Completed
OL00000053,O0000031,2024-02-10,C00470,P0050,SR004,1,2062.50,0.05,1959.38,EUR,Partner,Completed
OL00000054,O0000032,2024-06-29,C00053,P0005,SR007,3,10725.00,0.00,0.00,EUR,Direct,Cancelled
OL00000055,O0000032,2024-06-29,C00053,P0046,SR007,10,3200.00,0.10,0.00,EUR,Direct,Cancelled
OL00000056,O0000033,2023-04-30,C00416,P0072,SR011,2,2673.00,0.05,5078.70,EUR,Direct,Returned
OL00000057,O0000034,2026-06-06,C00387,P0052,SR001,3,2400.00,0.00,7200.00,EUR,Direct,Completed
OL00000058,O0000035,2023-01-02,C00397,P0011,SR002,5,808.50,0.05,3840.38,EUR,Direct,Completed
OL00000059,O0000036,2026-05-03,C00311,P0013,SR003,1,3200.00,0.15,2720.00,EUR,Direct,Returned
OL00000060,O0000037,2024-02-06,C00321,P0035,SR002,1,1237.50,0.00,1237.50,EUR,Direct,Returned
OL00000061,O0000038,2024-07-21,C00319,P0070,SR004,1,750.00,0.00,750.00,EUR,Partner,Completed
OL00000062,O0000039,2026-09-04,C00251,P0005,SR004,3,10725.00,0.05,30566.25,EUR,Direct,Completed
OL00000063,O0000040,2026-03-22,C00212,P0062,SR009,1,7920.00,0.10,7128.00,EUR,Online,Completed
OL00000064,O0000041,2024-07-21,C00316,P0004,SR010,2,6500.00,0.00,13000.00,EUR,Direct,Completed
OL00000065,O0000041,2024-07-21,C00316,P0051,SR010,1,12960.00,0.00,12960.00,EUR,Direct,Completed
OL00000066,O0000042,2024-03-25,C00195,P0006,SR011,1,3375.00,0.00,3375.00,EUR,Partner,Completed
OL00000067,O0000042,2024-03-25,C00195,P0061,SR011,2,3200.00,0.00,6400.00,EUR,Partner,Completed
OL00000068,O0000042,2024-03-25,C00195,P0056,SR011,1,7920.00,0.15,6732.00,EUR,Partner,Completed
OL00000069,O0000042,2024-03-25,C00195,P0058,SR011,20,2400.00,0.10,43200.00,EUR,Partner,Completed
OL00000070,O0000043,2026-09-02,C00105,P0026,SR009,3,2970.00,0.00,8910.00,EUR,Direct,Completed
OL00000071,O0000043,2026-09-02,C00105,P0066,SR009,2,3375.00,0.15,5737.50,EUR,Direct,Completed
OL00000072,O0000043,2026-09-02,C00105,P0002,SR009,2,1633.50,0.15,2776.95,EUR,Direct,Completed
OL00000073,O0000043,2026-09-02,C00105,P0072,SR009,1,2673.00,0.00,2673.00,EUR,Direct,Completed
OL00000074,O0000044,2023-05-24,C00002,P0012,SR001,3,17550.00,0.05,50017.50,EUR,Direct,Completed
OL00000075,O0000044,2023-05-24,C00002,P0075,SR001,2,6480.00,0.10,11664.00,EUR,Direct,Completed
OL00000076,O0000044,2023-05-24,C00002,P0069,SR001,10,12960.00,0.00,129600.00,EUR,Direct,Completed
OL00000077,O0000044,2023-05-24,C00002,P0031,SR001,2,6500.00,0.00,13000.00,EUR,Direct,Completed
OL00000078,O0000045,2025-04-19,C00355,P0054,SR010,2,17550.00,0.00,35100.00,EUR,Direct,Completed
OL00000079,O0000045,2025-04-19,C00355,P0056,SR010,4,7920.00,0.15,26928.00,EUR,Direct,Completed
OL00000080,O0000045,2025-04-19,C00355,P0064,SR010,2,490.00,0.15,833.00,EUR,Direct,Completed
OL00000081,O0000046,2025-06-22,C00315,P0058,SR006,1,2400.00,0.20,1920.00,EUR,Online,Completed
OL00000082,O0000046,2025-06-22,C00315,P0015,SR006,2,17550.00,0.15,29835.00,EUR,Online,Completed
OL00000083,O0000047,2025-07-12,C00033,P0045,SR010,2,6480.00,0.10,11664.00,EUR,Online,Completed
OL00000084,O0000048,2025-02-13,C00193,P0032,SR008,3,2970.00,0.10,8019.00,EUR,Partner,Completed
OL00000085,O0000048,2025-02-13,C00193,P0024,SR008,1,3375.00,0.15,2868.75,EUR,Partner,Completed
OL00000086,O0000049,2026-01-11,C00500,P0003,SR005,2,8640.00,0.00,17280.00,EUR,Direct,Completed
OL00000087,O0000049,2026-01-11,C00500,P0026,SR005,2,2970.00,0.00,5940.00,EUR,Direct,Completed
OL00000088,O0000049,2026-01-11,C00500,P0004,SR005,1,6500.00,0.00,6500.00,EUR,Direct,Completed
OL00000089,O0000049,2026-01-11,C00500,P0034,SR005,3,490.00,0.15,1249.50,EUR,Direct,Completed
OL00000090,O0000050,2026-08-19,C00126,P0040,SR012,2,4800.00,0.05,9120.00,EUR,Online,Completed
OL00000091,O0000050,2026-08-19,C00126,P0051,SR012,1,12960.00,0.05,12312.00,EUR,Online,Completed
OL00000092,O0000051,2023-09-10,C00486,P0050,SR001,1,2062.50,0.00,2062.50,EUR,Direct,Completed
OL00000093,O0000051,2023-09-10,C00486,P0006,SR001,4,3375.00,0.00,13500.00,EUR,Direct,Completed
OL00000094,O0000052,2025-05-18,C00162,P0041,SR008,1,1237.50,0.05,1175.62,EUR,Direct,Completed
OL00000095,O0000053,2025-09-20,C00177,P0051,SR004,4,12960.00,0.05,49248.00,EUR,Direct,Completed
OL00000096,O0000053,2025-09-20,C00177,P0054,SR004,2,17550.00,0.00,35100.00,EUR,Direct,Completed
OL00000097,O0000053,2025-09-20,C00177,P0064,SR004,1,490.00,0.05,465.50,EUR,Direct,Completed
OL00000098,O0000054,2025-03-21,C00179,P0050,SR005,1,2062.50,0.10,1856.25,EUR,Direct,Completed
OL00000099,O0000055,2023-01-22,C00368,P0027,SR006,1,24300.00,0.15,20655.00,EUR,Direct,Completed
OL00000100,O0000056,2025-03-02,C00377,P0006,SR011,1,3375.00,0.15,2868.75,EUR,Direct,Completed
OL00000101,O0000056,2025-03-02,C00377,P0061,SR011,2,3200.00,0.15,5440.00,EUR,Direct,Completed
OL00000102,O0000057,2025-12-13,C00036,P0044,SR010,4,14850.00,0.10,0.00,EUR,Direct,Cancelled
OL00000103,O0000058,2023-10-07,C00456,P0055,SR004,1,490.00,0.00,490.00,EUR,Partner,Completed
OL00000104,O0000059,2024-08-14,C00479,P0051,SR004,1,12960.00,0.00,12960.00,EUR,Partner,Completed
OL00000105,O0000060,2024-04-09,C00059,P0057,SR007,2,6480.00,0.20,10368.00,EUR,Direct,Completed
OL00000106,O0000060,2024-04-09,C00059,P0075,SR007,3,6480.00,0.00,19440.00,EUR,Direct,Completed
OL00000107,O0000061,2023-08-31,C00415,P0065,SR010,3,5280.00,0.00,15840.00,EUR,Direct,Completed
OL00000108,O0000061,2023-08-31,C00415,P0026,SR010,3,2970.00,0.00,8910.00,EUR,Direct,Completed
OL00000109,O0000062,2023-10-17,C00419,P0021,SR004,4,6480.00,0.10,23328.00,EUR,Partner,Completed
OL00000110,O0000063,2023-05-17,C00407,P0027,SR003,3,24300.00,0.10,65610.00,EUR,Partner,Returned
OL00000111,O0000064,2025-01-09,C00304,P0056,SR009,2,7920.00,0.10,0.00,EUR,Direct,Cancelled
OL00000112,O0000064,2025-01-09,C00304,P0040,SR009,3,4800.00,0.05,0.00,EUR,Direct,Cancelled
OL00000113,O0000065,2025-04-05,C00121,P0051,SR012,3,12960.00,0.00,38880.00,EUR,Partner,Completed
OL00000114,O0000066,2026-06-11,C00282,P0049,SR003,2,1250.00,0.10,2250.00,EUR,Direct,Completed
OL00000115,O0000067,2025-12-22,C00262,P0041,SR010,1,1237.50,0.15,1051.88,EUR,Direct,Completed
OL00000116,O0000067,2025-12-22,C00262,P0065,SR010,3,5280.00,0.10,14256.00,EUR,Direct,Completed
OL00000117,O0000068,2023-10-25,C00298,P0019,SR011,1,3200.00,0.00,3200.00,EUR,Direct,Completed
OL00000118,O0000068,2023-10-25,C00298,P0011,SR011,3,808.50,0.10,2182.95,EUR,Direct,Completed
OL00000119,O0000069,2026-06-21,C00189,P0064,SR001,1,490.00,0.05,465.50,EUR,Partner,Completed
OL00000120,O0000069,2026-06-21,C00189,P0020,SR001,1,14850.00,0.10,13365.00,EUR,Partner,Completed
OL00000121,O0000070,2023-01-02,C00167,P0024,SR011,20,3375.00,0.05,64125.00,EUR,Online,Completed
OL00000122,O0000070,2023-01-02,C00167,P0021,SR011,3,6480.00,0.10,17496.00,EUR,Online,Completed
OL00000123,O0000071,2023-05-30,C00164,P0067,SR001,1,2400.00,0.00,2400.00,EUR,Partner,Completed
OL00000124,O0000071,2023-05-30,C00164,P0019,SR001,2,3200.00,0.20,5120.00,EUR,Partner,Completed
OL00000125,O0000072,2024-09-21,C00388,P0012,SR006,10,17550.00,0.00,0.00,EUR,Online,Cancelled
OL00000126,O0000072,2024-09-21,C00388,P0035,SR006,2,1237.50,0.10,0.00,EUR,Online,Cancelled
OL00000127,O0000073,2023-01-17,C00388,P0065,SR012,20,5280.00,0.05,100320.00,EUR,Partner,Completed
OL00000128,O0000073,2023-01-17,C00388,P0010,SR012,3,3200.00,0.10,8640.00,EUR,Partner,Completed
OL00000129,O0000073,2023-01-17,C00388,P0048,SR012,2,17550.00,0.15,29835.00,EUR,Partner,Completed
OL00000130,O0000074,2025-01-10,C00463,P0055,SR002,1,490.00,0.15,416.50,EUR,Online,Completed
OL00000131,O0000075,2024-02-04,C00125,P0074,SR010,4,7920.00,0.15,26928.00,EUR,Partner,Completed
OL00000132,O0000075,2024-02-04,C00125,P0011,SR010,1,808.50,0.15,687.23,EUR,Partner,Completed
OL00000133,O0000075,2024-02-04,C00125,P0052,SR010,1,2400.00,0.00,2400.00,EUR,Partner,Completed
OL00000134,O0000075,2024-02-04,C00125,P0056,SR010,3,7920.00,0.20,19008.00,EUR,Partner,Completed
OL00000135,O0000076,2023-12-09,C00328,P0071,SR002,1,808.50,0.10,727.65,EUR,Direct,Completed
OL00000136,O0000077,2026-07-29,C00468,P0036,SR002,5,8640.00,0.00,43200.00,EUR,Partner,Completed
OL00000137,O0000078,2023-08-02,C00340,P0072,SR006,1,2673.00,0.15,2272.05,EUR,Direct,Completed
OL00000138,O0000079,2025-11-08,C00220,P0050,SR009,2,2062.50,0.00,4125.00,EUR,Online,Returned
OL00000139,O0000079,2025-11-08,C00220,P0018,SR009,1,1323.00,0.00,1323.00,EUR,Online,Returned
OL00000140,O0000080,2024-10-04,C00362,P0040,SR012,3,4800.00,0.15,12240.00,EUR,Online,Completed
OL00000141,O0000081,2024-01-26,C00139,P0056,SR011,1,7920.00,0.00,7920.00,EUR,Partner,Completed
OL00000142,O0000081,2024-01-26,C00139,P0037,SR011,1,4800.00,0.15,4080.00,EUR,Partner,Completed
OL00000143,O0000082,2023-12-19,C00070,P0069,SR002,2,12960.00,0.05,24624.00,EUR,Direct,Completed
OL00000144,O0000082,2023-12-19,C00070,P0029,SR002,1,14850.00,0.00,14850.00,EUR,Direct,Completed
OL00000145,O0000082,2023-12-19,C00070,P0005,SR002,1,10725.00,0.10,9652.50,EUR,Direct,Completed
OL00000146,O0000083,2025-11-04,C00490,P0075,SR001,1,6480.00,0.00,6480.00,EUR,Online,Completed
OL00000147,O0000083,2025-11-04,C00490,P0026,SR001,10,2970.00,0.10,26730.00,EUR,Online,Completed
OL00000148,O0000084,2024-03-25,C00202,P0041,SR006,2,1237.50,0.00,2475.00,EUR,Direct,Completed
OL00000149,O0000085,2023-10-01,C00312,P0015,SR004,2,17550.00,0.05,33345.00,EUR,Online,Completed
OL00000150,O0000086,2023-05-30,C00411,P0008,SR006,5,1237.50,0.00,6187.50,EUR,Direct,Completed
OL00000151,O0000086,2023-05-30,C00411,P0043,SR006,3,490.00,0.00,1470.00,EUR,Direct,Completed
OL00000152,O0000087,2024-11-12,C00110,P0061,SR011,10,3200.00,0.05,0.00,EUR,Partner,Cancelled
OL00000153,O0000087,2024-11-12,C00110,P0037,SR011,2,4800.00,0.10,0.00,EUR,Partner,Cancelled
OL00000154,O0000087,2024-11-12,C00110,P0047,SR011,1,3960.00,0.15,0.00,EUR,Partner,Cancelled
OL00000155,O0000087,2024-11-12,C00110,P0070,SR011,2,750.00,0.00,0.00,EUR,Partner,Cancelled
OL00000156,O0000088,2024-07-07,C00344,P0032,SR006,2,2970.00,0.10,5346.00,EUR,Direct,Completed
OL00000157,O0000088,2024-07-07,C00344,P0052,SR006,3,2400.00,0.05,6840.00,EUR,Direct,Completed
OL00000158,O0000089,2023-06-24,C00332,P0041,SR001,1,1237.50,0.05,1175.62,EUR,Partner,Completed
OL00000159,O0000089,2023-06-24,C00332,P0073,SR001,2,9000.00,0.10,16200.00,EUR,Partner,Completed
OL00000160,O0000090,2025-11-30,C00059,P0006,SR008,3,3375.00,0.00,10125.00,EUR,Partner,Completed
OL00000161,O0000090,2025-11-30,C00059,P0033,SR008,3,17550.00,0.15,44752.50,EUR,Partner,Completed
OL00000162,O0000090,2025-11-30,C00059,P0001,SR008,20,490.00,0.10,8820.00,EUR,Partner,Completed
OL00000163,O0000090,2025-11-30,C00059,P0030,SR008,2,6480.00,0.10,11664.00,EUR,Partner,Completed
OL00000164,O0000091,2024-08-10,C00035,P0035,SR008,3,1237.50,0.15,3155.62,EUR,Online,Completed
OL00000165,O0000091,2024-08-10,C00035,P0073,SR008,2,9000.00,0.15,15300.00,EUR,Online,Completed
OL00000166,O0000092,2026-04-14,C00116,P0055,SR007,2,490.00,0.00,980.00,EUR,Direct,Completed
OL00000167,O0000092,2026-04-14,C00116,P0005,SR007,1,10725.00,0.00,10725.00,EUR,Direct,Completed
OL00000168,O0000093,2025-11-16,C00294,P0066,SR007,1,3375.00,0.00,3375.00,EUR,Direct,Completed
OL00000169,O0000093,2025-11-16,C00294,P0069,SR007,1,12960.00,0.05,12312.00,EUR,Direct,Completed
OL00000170,O0000094,2026-08-30,C00392,P0065,SR002,4,5280.00,0.00,21120.00,EUR,Partner,Completed
OL00000171,O0000094,2026-08-30,C00392,P0010,SR002,20,3200.00,0.00,64000.00,EUR,Partner,Completed
OL00000172,O0000095,2023-07-30,C00322,P0041,SR007,3,1237.50,0.10,3341.25,EUR,Direct,Completed
OL00000173,O0000095,2023-07-30,C00322,P0040,SR007,1,4800.00,0.00,4800.00,EUR,Direct,Completed
OL00000174,O0000096,2023-07-21,C00052,P0051,SR004,3,12960.00,0.15,33048.00,EUR,Partner,Completed
OL00000175,O0000097,2023-09-15,C00216,P0051,SR002,10,12960.00,0.10,116640.00,EUR,Online,Completed
OL00000176,O0000097,2023-09-15,C00216,P0068,SR002,1,1237.50,0.05,1175.62,EUR,Online,Completed
OL00000177,O0000097,2023-09-15,C00216,P0004,SR002,5,6500.00,0.00,32500.00,EUR,Online,Completed
OL00000178,O0000098,2025-08-09,C00225,P0049,SR007,20,1250.00,0.10,22500.00,EUR,Direct,Completed
OL00000179,O0000098,2025-08-09,C00225,P0020,SR007,4,14850.00,0.00,59400.00,EUR,Direct,Completed
OL00000180,O0000099,2023-05-13,C00085,P0046,SR004,1,3200.00,0.00,3200.00,EUR,Direct,Completed
OL00000181,O0000100,2025-12-14,C00107,P0031,SR005,1,6500.00,0.15,5525.00,EUR,Direct,Completed
OL00000182,O0000101,2024-07-04,C00200,P0030,SR009,1,6480.00,0.10,5832.00,EUR,Direct,Completed
OL00000183,O0000102,2024-10-17,C00104,P0054,SR008,3,17550.00,0.20,42120.00,EUR,Direct,Completed
OL00000184,O0000102,2024-10-17,C00104,P0010,SR008,1,3200.00,0.00,3200.00,EUR,Direct,Completed
OL00000185,O0000103,2025-09-11,C00034,P0066,SR005,10,3375.00,0.20,27000.00,EUR,Partner,Completed
OL00000186,O0000103,2025-09-11,C00034,P0006,SR005,2,3375.00,0.00,6750.00,EUR,Partner,Completed
OL00000187,O0000104,2024-05-15,C00004,P0063,SR007,3,12960.00,0.05,36936.00,EUR,Online,Completed
OL00000188,O0000105,2023-02-28,C00053,P0059,SR005,5,14850.00,0.05,70537.50,EUR,Direct,Completed
OL00000189,O0000106,2024-11-13,C00361,P0061,SR011,5,3200.00,0.05,15200.00,EUR,Direct,Completed
OL00000190,O0000106,2024-11-13,C00361,P0012,SR011,1,17550.00,0.10,15795.00,EUR,Direct,Completed
OL00000191,O0000106,2024-11-13,C00361,P0035,SR011,4,1237.50,0.10,4455.00,EUR,Direct,Completed
OL00000192,O0000107,2023-03-22,C00378,P0052,SR002,2,2400.00,0.00,4800.00,EUR,Online,Completed
OL00000193,O0000107,2023-03-22,C00378,P0017,SR002,1,5280.00,0.00,5280.00,EUR,Online,Completed
OL00000194,O0000108,2024-03-03,C00179,P0032,SR001,1,2970.00,0.15,2524.50,EUR,Direct,Completed
OL00000195,O0000108,2024-03-03,C00179,P0002,SR001,1,1633.50,0.20,1306.80,EUR,Direct,Completed
OL00000196,O0000109,2023-05-02,C00308,P0030,SR010,3,6480.00,0.00,19440.00,EUR,Partner,Completed
OL00000197,O0000110,2025-09-19,C00434,P0074,SR001,1,7920.00,0.05,7524.00,EUR,Direct,Completed
OL00000198,O0000111,2025-05-19,C00017,P0048,SR011,1,17550.00,0.00,17550.00,EUR,Online,Completed
OL00000199,O0000112,2025-03-10,C00086,P0045,SR001,1,6480.00,0.00,6480.00,EUR,Direct,Completed
OL00000200,O0000113,2023-06-01,C00393,P0048,SR004,10,17550.00,0.05,0.00,EUR,Online,Cancelled
OL00000201,O0000114,2026-03-02,C00037,P0052,SR012,1,2400.00,0.10,2160.00,EUR,Direct,Completed
OL00000202,O0000115,2024-01-04,C00385,P0016,SR002,2,490.00,0.00,980.00,EUR,Direct,Returned
OL00000203,O0000115,2024-01-04,C00385,P0073,SR002,20,9000.00,0.00,180000.00,EUR,Direct,Returned
OL00000204,O0000115,2024-01-04,C00385,P0067,SR002,1,2400.00,0.00,2400.00,EUR,Direct,Returned
OL00000205,O0000116,2026-05-20,C00108,P0010,SR011,3,3200.00,0.15,8160.00,EUR,Direct,Completed
OL00000206,O0000116,2026-05-20,C00108,P0022,SR011,3,6500.00,0.00,19500.00,EUR,Direct,Completed
OL00000207,O0000116,2026-05-20,C00108,P0052,SR011,3,2400.00,0.00,7200.00,EUR,Direct,Completed
OL00000208,O0000117,2024-01-06,C00407,P0027,SR011,2,24300.00,0.15,41310.00,EUR,Direct,Completed
OL00000209,O0000117,2024-01-06,C00407,P0067,SR011,4,2400.00,0.10,8640.00,EUR,Direct,Completed
OL00000210,O0000118,2024-12-24,C00111,P0047,SR007,3,3960.00,0.00,11880.00,EUR,Direct,Completed
OL00000211,O0000118,2024-12-24,C00111,P0065,SR007,2,5280.00,0.10,9504.00,EUR,Direct,Completed
OL00000212,O0000119,2023-02-11,C00133,P0066,SR010,20,3375.00,0.00,67500.00,EUR,Direct,Completed
OL00000213,O0000119,2023-02-11,C00133,P0032,SR010,3,2970.00,0.00,8910.00,EUR,Direct,Completed
OL00000214,O0000119,2023-02-11,C00133,P0007,SR010,3,9000.00,0.00,27000.00,EUR,Direct,Completed
OL00000215,O0000119,2023-02-11,C00133,P0033,SR010,10,17550.00,0.15,149175.00,EUR,Direct,Completed
OL00000216,O0000120,2025-02-22,C00429,P0070,SR007,5,750.00,0.05,3562.50,EUR,Online,Completed
OL00000217,O0000120,2025-02-22,C00429,P0017,SR007,10,5280.00,0.05,50160.00,EUR,Online,Completed
OL00000218,O0000121,2026-01-05,C00003,P0024,SR012,3,3375.00,0.05,9618.75,EUR,Direct,Completed
OL00000219,O0000122,2025-02-22,C00314,P0003,SR002,1,8640.00,0.00,8640.00,EUR,Direct,Completed
OL00000220,O0000123,2025-02-06,C00252,P0015,SR001,2,17550.00,0.00,35100.00,EUR,Direct,Completed
OL00000221,O0000123,2025-02-06,C00252,P0053,SR001,10,2062.50,0.00,20625.00,EUR,Direct,Completed
OL00000222,O0000124,2026-05-04,C00477,P0025,SR009,10,3200.00,0.10,28800.00,EUR,Partner,Completed
OL00000223,O0000125,2024-12-03,C00478,P0023,SR004,1,808.50,0.10,727.65,EUR,Direct,Completed
OL00000224,O0000125,2024-12-03,C00478,P0014,SR004,3,7920.00,0.00,23760.00,EUR,Direct,Completed
OL00000225,O0000126,2026-01-23,C00035,P0011,SR009,3,808.50,0.00,2425.50,EUR,Online,Completed
OL00000226,O0000127,2023-03-23,C00309,P0073,SR008,3,9000.00,0.15,22950.00,EUR,Partner,Completed
OL00000227,O0000128,2024-07-01,C00227,P0038,SR001,4,2970.00,0.15,10098.00,EUR,Direct,Completed
OL00000228,O0000129,2024-10-11,C00374,P0034,SR011,1,490.00,0.10,441.00,EUR,Online,Completed
OL00000229,O0000129,2024-10-11,C00374,P0047,SR011,1,3960.00,0.15,3366.00,EUR,Online,Completed
OL00000230,O0000130,2026-08-12,C00127,P0052,SR011,1,2400.00,0.00,2400.00,EUR,Direct,Completed
OL00000231,O0000131,2023-05-08,C00342,P0013,SR007,3,3200.00,0.00,9600.00,EUR,Online,Returned
OL00000232,O0000131,2023-05-08,C00342,P0057,SR007,3,6480.00,0.20,15552.00,EUR,Online,Returned
OL00000233,O0000132,2025-08-01,C00496,P0041,SR006,3,1237.50,0.00,3712.50,EUR,Partner,Completed
OL00000234,O0000132,2025-08-01,C00496,P0005,SR006,1,10725.00,0.00,10725.00,EUR,Partner,Completed
OL00000235,O0000133,2026-06-01,C00351,P0001,SR003,4,490.00,0.10,1764.00,EUR,Direct,Completed
OL00000236,O0000134,2025-09-03,C00181,P0007,SR011,10,9000.00,0.10,0.00,EUR,Online,Cancelled
OL00000237,O0000134,2025-09-03,C00181,P0030,SR011,3,6480.00,0.00,0.00,EUR,Online,Cancelled
OL00000238,O0000135,2026-09-17,C00225,P0020,SR010,3,14850.00,0.00,44550.00,EUR,Direct,Completed
OL00000239,O0000135,2026-09-17,C00225,P0063,SR010,2,12960.00,0.05,24624.00,EUR,Direct,Completed
OL00000240,O0000136,2024-11-21,C00393,P0074,SR001,1,7920.00,0.00,7920.00,EUR,Direct,Completed
OL00000241,O0000136,2024-11-21,C00393,P0018,SR001,20,1323.00,0.05,25137.00,EUR,Direct,Completed
OL00000242,O0000137,2025-08-07,C00157,P0073,SR002,5,9000.00,0.05,42750.00,EUR,Direct,Completed
OL00000243,O0000137,2025-08-07,C00157,P0009,SR002,2,24300.00,0.20,38880.00,EUR,Direct,Completed
OL00000244,O0000138,2023-02-26,C00198,P0033,SR009,2,17550.00,0.00,0.00,EUR,Direct,Cancelled
OL00000245,O0000138,2023-02-26,C00198,P0052,SR009,5,2400.00,0.10,0.00,EUR,Direct,Cancelled
OL00000246,O0000139,2026-09-23,C00425,P0071,SR010,1,808.50,0.10,727.65,EUR,Direct,Completed
OL00000247,O0000140,2023-08-16,C00056,P0028,SR003,2,750.00,0.15,1275.00,EUR,Direct,Completed
OL00000248,O0000141,2024-06-29,C00194,P0034,SR002,3,490.00,0.20,1176.00,EUR,Direct,Completed
OL00000249,O0000141,2024-06-29,C00194,P0009,SR002,1,24300.00,0.10,21870.00,EUR,Direct,Completed
OL00000250,O0000142,2024-08-01,C00390,P0036,SR009,1,8640.00,0.05,8208.00,EUR,Online,Completed
OL00000251,O0000142,2024-08-01,C00390,P0009,SR009,3,24300.00,0.00,72900.00,EUR,Online,Completed
OL00000252,O0000143,2023-02-22,C00279,P0007,SR005,1,9000.00,0.00,9000.00,EUR,Direct,Completed
OL00000253,O0000143,2023-02-22,C00279,P0047,SR005,5,3960.00,0.10,17820.00,EUR,Direct,Completed
OL00000254,O0000143,2023-02-22,C00279,P0064,SR005,1,490.00,0.20,392.00,EUR,Direct,Completed
OL00000255,O0000143,2023-02-22,C00279,P0062,SR005,2,7920.00,0.10,14256.00,EUR,Direct,Completed
OL00000256,O0000144,2025-11-21,C00437,P0039,SR005,3,12960.00,0.00,38880.00,EUR,Direct,Completed
OL00000257,O0000145,2024-12-24,C00371,P0063,SR003,5,12960.00,0.00,64800.00,EUR,Direct,Completed
OL00000258,O0000145,2024-12-24,C00371,P0069,SR003,1,12960.00,0.10,11664.00,EUR,Direct,Completed
OL00000259,O0000145,2024-12-24,C00371,P0064,SR003,5,490.00,0.10,2205.00,EUR,Direct,Completed
OL00000260,O0000146,2024-05-22,C00391,P0052,SR008,3,2400.00,0.10,6480.00,EUR,Partner,Completed
OL00000261,O0000146,2024-05-22,C00391,P0024,SR008,2,3375.00,0.05,6412.50,EUR,Partner,Completed
OL00000262,O0000147,2026-04-26,C00222,P0020,SR005,10,14850.00,0.00,148500.00,EUR,Online,Completed
OL00000263,O0000148,2024-07-02,C00492,P0016,SR011,1,490.00,0.20,392.00,EUR,Direct,Completed
OL00000264,O0000149,2026-01-19,C00177,P0024,SR004,2,3375.00,0.10,6075.00,EUR,Direct,Completed
OL00000265,O0000149,2026-01-19,C00177,P0045,SR004,5,6480.00,0.10,29160.00,EUR,Direct,Completed
OL00000266,O0000149,2026-01-19,C00177,P0048,SR004,3,17550.00,0.00,52650.00,EUR,Direct,Completed
OL00000267,O0000149,2026-01-19,C00177,P0044,SR004,10,14850.00,0.00,148500.00,EUR,Direct,Completed
OL00000268,O0000150,2025-10-10,C00135,P0032,SR009,1,2970.00,0.15,2524.50,EUR,Direct,Completed
OL00000269,O0000150,2025-10-10,C00135,P0001,SR009,3,490.00,0.10,1323.00,EUR,Direct,Completed
OL00000270,O0000150,2025-10-10,C00135,P0007,SR009,1,9000.00,0.00,9000.00,EUR,Direct,Completed
OL00000271,O0000151,2023-01-06,C00113,P0072,SR006,2,2673.00,0.05,5078.70,EUR,Partner,Completed
OL00000272,O0000152,2023-05-22,C00373,P0067,SR007,2,2400.00,0.05,4560.00,EUR,Direct,Returned
OL00000273,O0000153,2026-08-13,C00133,P0049,SR009,3,1250.00,0.15,3187.50,EUR,Online,Completed
OL00000274,O0000153,2026-08-13,C00133,P0016,SR009,2,490.00,0.05,931.00,EUR,Online,Completed
OL00000275,O0000154,2026-05-27,C00048,P0050,SR004,5,2062.50,0.05,9796.88,EUR,Partner,Completed
OL00000276,O0000154,2026-05-27,C00048,P0074,SR004,2,7920.00,0.10,14256.00,EUR,Partner,Completed
OL00000277,O0000154,2026-05-27,C00048,P0067,SR004,2,2400.00,0.05,4560.00,EUR,Partner,Completed
OL00000278,O0000155,2025-04-17,C00420,P0052,SR007,1,2400.00,0.00,0.00,EUR,Online,Cancelled
OL00000279,O0000155,2025-04-17,C00420,P0033,SR007,3,17550.00,0.15,0.00,EUR,Online,Cancelled
OL00000280,O0000155,2025-04-17,C00420,P0051,SR007,4,12960.00,0.05,0.00,EUR,Online,Cancelled
OL00000281,O0000155,2025-04-17,C00420,P0073,SR007,1,9000.00,0.15,0.00,EUR,Online,Cancelled
OL00000282,O0000156,2025-06-01,C00127,P0015,SR006,2,17550.00,0.00,35100.00,EUR,Direct,Completed
OL00000283,O0000156,2025-06-01,C00127,P0054,SR006,2,17550.00,0.00,35100.00,EUR,Direct,Completed
OL00000284,O0000156,2025-06-01,C00127,P0034,SR006,3,490.00,0.20,1176.00,EUR,Direct,Completed
OL00000285,O0000157,2023-01-13,C00015,P0075,SR011,4,6480.00,0.00,0.00,EUR,Direct,Cancelled
OL00000286,O0000157,2023-01-13,C00015,P0052,SR011,5,2400.00,0.15,0.00,EUR,Direct,Cancelled
OL00000287,O0000157,2023-01-13,C00015,P0058,SR011,3,2400.00,0.05,0.00,EUR,Direct,Cancelled
OL00000288,O0000158,2024-10-24,C00140,P0073,SR009,4,9000.00,0.00,36000.00,EUR,Direct,Completed
OL00000289,O0000159,2024-07-01,C00241,P0068,SR007,2,1237.50,0.00,2475.00,EUR,Partner,Returned
OL00000290,O0000159,2024-07-01,C00241,P0020,SR007,1,14850.00,0.00,14850.00,EUR,Partner,Returned
OL00000291,O0000159,2024-07-01,C00241,P0018,SR007,20,1323.00,0.10,23814.00,EUR,Partner,Returned
OL00000292,O0000160,2024-01-10,C00155,P0038,SR004,1,2970.00,0.00,2970.00,EUR,Direct,Returned
OL00000293,O0000160,2024-01-10,C00155,P0010,SR004,5,3200.00,0.05,15200.00,EUR,Direct,Returned
OL00000294,O0000161,2024-09-18,C00204,P0028,SR007,5,750.00,0.10,0.00,EUR,Direct,Cancelled
OL00000295,O0000161,2024-09-18,C00204,P0029,SR007,3,14850.00,0.05,0.00,EUR,Direct,Cancelled
OL00000296,O0000162,2023-04-28,C00133,P0046,SR001,3,3200.00,0.10,8640.00,EUR,Partner,Completed
OL00000297,O0000162,2023-04-28,C00133,P0017,SR001,1,5280.00,0.10,4752.00,EUR,Partner,Completed
OL00000298,O0000163,2024-10-21,C00039,P0045,SR004,3,6480.00,0.10,17496.00,EUR,Direct,Completed
OL00000299,O0000164,2024-12-23,C00346,P0030,SR006,1,6480.00,0.00,6480.00,EUR,Partner,Returned
OL00000300,O0000165,2026-03-03,C00258,P0001,SR006,2,490.00,0.05,931.00,EUR,Direct,Completed
OL00000301,O0000165,2026-03-03,C00258,P0022,SR006,1,6500.00,0.00,6500.00,EUR,Direct,Completed
OL00000302,O0000165,2026-03-03,C00258,P0068,SR006,1,1237.50,0.15,1051.88,EUR,Direct,Completed
OL00000303,O0000165,2026-03-03,C00258,P0061,SR006,1,3200.00,0.10,2880.00,EUR,Direct,Completed
OL00000304,O0000166,2026-02-20,C00423,P0003,SR011,2,8640.00,0.05,16416.00,EUR,Direct,Completed
OL00000305,O0000167,2024-09-03,C00389,P0048,SR009,3,17550.00,0.00,0.00,EUR,Online,Cancelled
OL00000306,O0000168,2023-10-26,C00227,P0073,SR007,2,9000.00,0.10,16200.00,EUR,Partner,Completed
OL00000307,O0000168,2023-10-26,C00227,P0015,SR007,2,17550.00,0.10,31590.00,EUR,Partner,Completed
OL00000308,O0000168,2023-10-26,C00227,P0069,SR007,3,12960.00,0.00,38880.00,EUR,Partner,Completed
OL00000309,O0000169,2023-12-31,C00423,P0037,SR008,1,4800.00,0.05,4560.00,EUR,Direct,Completed
OL00000310,O0000169,2023-12-31,C00423,P0066,SR008,1,3375.00,0.20,2700.00,EUR,Direct,Completed
OL00000311,O0000169,2023-12-31,C00423,P0006,SR008,2,3375.00,0.00,6750.00,EUR,Direct,Completed
OL00000312,O0000170,2025-04-25,C00222,P0070,SR007,2,750.00,0.05,1425.00,EUR,Direct,Completed
OL00000313,O0000171,2023-07-04,C00225,P0061,SR005,5,3200.00,0.00,16000.00,EUR,Partner,Completed
OL00000314,O0000171,2023-07-04,C00225,P0073,SR005,2,9000.00,0.00,18000.00,EUR,Partner,Completed
OL00000315,O0000172,2026-07-01,C00244,P0075,SR006,4,6480.00,0.15,0.00,EUR,Partner,Cancelled
OL00000316,O0000173,2023-07-08,C00170,P0006,SR004,1,3375.00,0.00,3375.00,EUR,Direct,Completed
OL00000317,O0000173,2023-07-08,C00170,P0019,SR004,1,3200.00,0.00,3200.00,EUR,Direct,Completed
OL00000318,O0000173,2023-07-08,C00170,P0050,SR004,1,2062.50,0.05,1959.38,EUR,Direct,Completed
OL00000319,O0000174,2026-01-21,C00470,P0003,SR008,4,8640.00,0.10,31104.00,EUR,Direct,Completed
OL00000320,O0000174,2026-01-21,C00470,P0009,SR008,3,24300.00,0.15,61965.00,EUR,Direct,Completed
OL00000321,O0000174,2026-01-21,C00470,P0073,SR008,2,9000.00,0.05,17100.00,EUR,Direct,Completed
OL00000322,O0000175,2023-04-10,C00184,P0056,SR001,20,7920.00,0.05,0.00,EUR,Partner,Cancelled
OL00000323,O0000175,2023-04-10,C00184,P0048,SR001,4,17550.00,0.00,0.00,EUR,Partner,Cancelled
OL00000324,O0000175,2023-04-10,C00184,P0025,SR001,3,3200.00,0.05,0.00,EUR,Partner,Cancelled
OL00000325,O0000175,2023-04-10,C00184,P0044,SR001,1,14850.00,0.10,0.00,EUR,Partner,Cancelled
OL00000326,O0000176,2025-06-28,C00427,P0013,SR009,20,3200.00,0.00,64000.00,EUR,Online,Completed
OL00000327,O0000176,2025-06-28,C00427,P0027,SR009,4,24300.00,0.05,92340.00,EUR,Online,Completed
OL00000328,O0000177,2023-01-23,C00046,P0024,SR009,1,3375.00,0.00,3375.00,EUR,Partner,Completed
OL00000329,O0000177,2023-01-23,C00046,P0027,SR009,1,24300.00,0.10,21870.00,EUR,Partner,Completed
OL00000330,O0000178,2025-06-08,C00293,P0073,SR004,1,9000.00,0.00,9000.00,EUR,Partner,Completed
OL00000331,O0000179,2026-04-08,C00256,P0072,SR003,3,2673.00,0.15,6816.15,EUR,Direct,Completed
OL00000332,O0000179,2026-04-08,C00256,P0043,SR003,5,490.00,0.05,2327.50,EUR,Direct,Completed
OL00000333,O0000180,2025-10-08,C00060,P0009,SR005,1,24300.00,0.00,24300.00,EUR,Direct,Completed
OL00000334,O0000181,2024-11-30,C00176,P0027,SR005,3,24300.00,0.00,72900.00,EUR,Partner,Completed
OL00000335,O0000181,2024-11-30,C00176,P0007,SR005,3,9000.00,0.00,27000.00,EUR,Partner,Completed
OL00000336,O0000182,2024-12-15,C00010,P0072,SR002,2,2673.00,0.05,5078.70,EUR,Direct,Completed
OL00000337,O0000183,2025-01-09,C00499,P0042,SR011,4,4860.00,0.05,18468.00,EUR,Direct,Completed
OL00000338,O0000184,2023-09-11,C00274,P0062,SR004,10,7920.00,0.00,79200.00,EUR,Partner,Completed
OL00000339,O0000185,2026-06-05,C00370,P0024,SR001,1,3375.00,0.05,3206.25,EUR,Online,Completed
OL00000340,O0000186,2023-03-06,C00369,P0049,SR004,3,1250.00,0.00,3750.00,EUR,Online,Completed
OL00000341,O0000187,2023-08-02,C00072,P0007,SR011,3,9000.00,0.05,25650.00,EUR,Online,Completed
OL00000342,O0000187,2023-08-02,C00072,P0006,SR011,1,3375.00,0.00,3375.00,EUR,Online,Completed
OL00000343,O0000188,2024-02-03,C00226,P0004,SR005,1,6500.00,0.00,6500.00,EUR,Direct,Returned
OL00000344,O0000188,2024-02-03,C00226,P0027,SR005,5,24300.00,0.05,115425.00,EUR,Direct,Returned
OL00000345,O0000188,2024-02-03,C00226,P0069,SR005,10,12960.00,0.05,123120.00,EUR,Direct,Returned
OL00000346,O0000189,2024-10-04,C00453,P0013,SR006,3,3200.00,0.15,8160.00,EUR,Direct,Completed
OL00000347,O0000190,2024-10-04,C00457,P0037,SR007,3,4800.00,0.05,13680.00,EUR,Direct,Completed
OL00000348,O0000190,2024-10-04,C00457,P0030,SR007,2,6480.00,0.00,12960.00,EUR,Direct,Completed
OL00000349,O0000191,2023-06-28,C00191,P0038,SR007,1,2970.00,0.05,2821.50,EUR,Online,Completed
OL00000350,O0000192,2024-06-19,C00145,P0052,SR006,4,2400.00,0.15,8160.00,EUR,Online,Completed
OL00000351,O0000192,2024-06-19,C00145,P0054,SR006,1,17550.00,0.10,15795.00,EUR,Online,Completed
OL00000352,O0000193,2024-11-04,C00141,P0069,SR005,4,12960.00,0.00,51840.00,EUR,Direct,Completed
OL00000353,O0000194,2025-04-14,C00426,P0004,SR010,10,6500.00,0.15,55250.00,EUR,Direct,Completed
OL00000354,O0000194,2025-04-14,C00426,P0019,SR010,2,3200.00,0.05,6080.00,EUR,Direct,Completed
OL00000355,O0000194,2025-04-14,C00426,P0043,SR010,10,490.00,0.10,4410.00,EUR,Direct,Completed
OL00000356,O0000195,2025-07-05,C00325,P0034,SR009,3,490.00,0.10,1323.00,EUR,Online,Completed
OL00000357,O0000196,2024-12-30,C00088,P0068,SR004,2,1237.50,0.10,2227.50,EUR,Online,Completed
OL00000358,O0000197,2025-09-19,C00233,P0073,SR004,3,9000.00,0.20,21600.00,EUR,Online,Completed
OL00000359,O0000197,2025-09-19,C00233,P0003,SR004,20,8640.00,0.00,172800.00,EUR,Online,Completed
OL00000360,O0000198,2024-02-18,C00197,P0018,SR011,1,1323.00,0.00,1323.00,EUR,Direct,Completed
OL00000361,O0000199,2024-06-09,C00295,P0007,SR012,1,9000.00,0.20,7200.00,EUR,Direct,Completed
OL00000362,O0000199,2024-06-09,C00295,P0012,SR012,10,17550.00,0.15,149175.00,EUR,Direct,Completed
OL00000363,O0000199,2024-06-09,C00295,P0018,SR012,1,1323.00,0.00,1323.00,EUR,Direct,Completed
OL00000364,O0000200,2026-07-29,C00351,P0051,SR004,4,12960.00,0.00,51840.00,EUR,Direct,Completed
OL00000365,O0000201,2023-01-05,C00240,P0068,SR011,2,1237.50,0.10,2227.50,EUR,Partner,Returned
OL00000366,O0000202,2025-05-20,C00221,P0051,SR012,1,12960.00,0.10,11664.00,EUR,Direct,Completed
OL00000367,O0000202,2025-05-20,C00221,P0045,SR012,2,6480.00,0.00,12960.00,EUR,Direct,Completed
OL00000368,O0000203,2023-09-05,C00356,P0033,SR007,1,17550.00,0.20,14040.00,EUR,Direct,Completed
OL00000369,O0000203,2023-09-05,C00356,P0018,SR007,3,1323.00,0.05,3770.55,EUR,Direct,Completed
OL00000370,O0000203,2023-09-05,C00356,P0056,SR007,1,7920.00,0.00,7920.00,EUR,Direct,Completed
OL00000371,O0000204,2023-12-14,C00190,P0016,SR005,3,490.00,0.00,1470.00,EUR,Direct,Completed
OL00000372,O0000204,2023-12-14,C00190,P0026,SR005,2,2970.00,0.05,5643.00,EUR,Direct,Completed
OL00000373,O0000204,2023-12-14,C00190,P0071,SR005,3,808.50,0.00,2425.50,EUR,Direct,Completed
OL00000374,O0000205,2026-07-06,C00289,P0009,SR004,2,24300.00,0.00,0.00,EUR,Direct,Cancelled
OL00000375,O0000205,2026-07-06,C00289,P0035,SR004,1,1237.50,0.00,0.00,EUR,Direct,Cancelled
OL00000376,O0000205,2026-07-06,C00289,P0042,SR004,1,4860.00,0.00,0.00,EUR,Direct,Cancelled
OL00000377,O0000205,2026-07-06,C00289,P0020,SR004,3,14850.00,0.05,0.00,EUR,Direct,Cancelled
OL00000378,O0000206,2026-08-23,C00212,P0032,SR011,2,2970.00,0.00,5940.00,EUR,Direct,Completed
OL00000379,O0000206,2026-08-23,C00212,P0024,SR011,1,3375.00,0.00,3375.00,EUR,Direct,Completed
OL00000380,O0000206,2026-08-23,C00212,P0046,SR011,2,3200.00,0.05,6080.00,EUR,Direct,Completed
OL00000381,O0000207,2025-03-05,C00068,P0047,SR008,1,3960.00,0.15,0.00,EUR,Partner,Cancelled
OL00000382,O0000207,2025-03-05,C00068,P0056,SR008,5,7920.00,0.05,0.00,EUR,Partner,Cancelled
OL00000383,O0000208,2025-01-08,C00411,P0051,SR009,3,12960.00,0.15,33048.00,EUR,Partner,Completed
OL00000384,O0000209,2024-12-04,C00050,P0022,SR008,1,6500.00,0.00,6500.00,EUR,Online,Completed
OL00000385,O0000209,2024-12-04,C00050,P0046,SR008,3,3200.00,0.05,9120.00,EUR,Online,Completed
OL00000386,O0000210,2024-03-15,C00258,P0021,SR002,3,6480.00,0.00,19440.00,EUR,Direct,Completed
OL00000387,O0000210,2024-03-15,C00258,P0049,SR002,3,1250.00,0.05,3562.50,EUR,Direct,Completed
OL00000388,O0000210,2024-03-15,C00258,P0027,SR002,4,24300.00,0.00,97200.00,EUR,Direct,Completed
OL00000389,O0000211,2024-10-01,C00420,P0041,SR002,1,1237.50,0.00,1237.50,EUR,Direct,Completed
OL00000390,O0000211,2024-10-01,C00420,P0054,SR002,1,17550.00,0.10,15795.00,EUR,Direct,Completed
OL00000391,O0000212,2023-09-26,C00319,P0037,SR009,1,4800.00,0.10,4320.00,EUR,Direct,Completed
OL00000392,O0000213,2026-03-14,C00120,P0065,SR011,5,5280.00,0.10,23760.00,EUR,Direct,Returned
OL00000393,O0000213,2026-03-14,C00120,P0059,SR011,4,14850.00,0.15,50490.00,EUR,Direct,Returned
OL00000394,O0000214,2026-06-17,C00407,P0075,SR010,3,6480.00,0.00,19440.00,EUR,Partner,Completed
OL00000395,O0000214,2026-06-17,C00407,P0054,SR010,1,17550.00,0.05,16672.50,EUR,Partner,Completed
OL00000396,O0000214,2026-06-17,C00407,P0004,SR010,1,6500.00,0.10,5850.00,EUR,Partner,Completed
OL00000397,O0000215,2026-06-16,C00177,P0008,SR012,2,1237.50,0.00,0.00,EUR,Direct,Cancelled
OL00000398,O0000215,2026-06-16,C00177,P0068,SR012,3,1237.50,0.10,0.00,EUR,Direct,Cancelled
OL00000399,O0000215,2026-06-16,C00177,P0059,SR012,3,14850.00,0.00,0.00,EUR,Direct,Cancelled
OL00000400,O0000216,2025-05-25,C00188,P0009,SR003,4,24300.00,0.20,77760.00,EUR,Direct,Completed
OL00000401,O0000216,2025-05-25,C00188,P0057,SR003,1,6480.00,0.10,5832.00,EUR,Direct,Completed
OL00000402,O0000217,2026-06-27,C00419,P0051,SR001,1,12960.00,0.00,12960.00,EUR,Online,Completed
OL00000403,O0000218,2025-10-18,C00055,P0036,SR008,3,8640.00,0.10,23328.00,EUR,Online,Completed
OL00000404,O0000219,2025-12-17,C00320,P0045,SR002,10,6480.00,0.15,55080.00,EUR,Online,Completed
OL00000405,O0000219,2025-12-17,C00320,P0009,SR002,1,24300.00,0.15,20655.00,EUR,Online,Completed
OL00000406,O0000219,2025-12-17,C00320,P0068,SR002,3,1237.50,0.00,3712.50,EUR,Online,Completed
OL00000407,O0000220,2024-02-12,C00308,P0068,SR009,3,1237.50,0.00,3712.50,EUR,Partner,Completed
OL00000408,O0000220,2024-02-12,C00308,P0005,SR009,10,10725.00,0.00,107250.00,EUR,Partner,Completed
OL00000409,O0000220,2024-02-12,C00308,P0016,SR009,5,490.00,0.00,2450.00,EUR,Partner,Completed
OL00000410,O0000221,2024-10-11,C00342,P0055,SR003,20,490.00,0.10,8820.00,EUR,Partner,Completed
OL00000411,O0000222,2023-01-24,C00130,P0062,SR003,1,7920.00,0.00,7920.00,EUR,Direct,Completed
OL00000412,O0000222,2023-01-24,C00130,P0048,SR003,2,17550.00,0.00,35100.00,EUR,Direct,Completed
OL00000413,O0000223,2023-05-16,C00178,P0011,SR011,2,808.50,0.00,1617.00,EUR,Direct,Completed
OL00000414,O0000223,2023-05-16,C00178,P0048,SR011,1,17550.00,0.10,15795.00,EUR,Direct,Completed
OL00000415,O0000224,2026-08-15,C00205,P0037,SR011,4,4800.00,0.10,17280.00,EUR,Partner,Completed
OL00000416,O0000224,2026-08-15,C00205,P0052,SR011,1,2400.00,0.10,2160.00,EUR,Partner,Completed
OL00000417,O0000225,2024-10-26,C00132,P0066,SR009,3,3375.00,0.05,9618.75,EUR,Direct,Completed
OL00000418,O0000226,2024-12-22,C00311,P0005,SR004,3,10725.00,0.15,27348.75,EUR,Direct,Completed
OL00000419,O0000226,2024-12-22,C00311,P0022,SR004,2,6500.00,0.00,13000.00,EUR,Direct,Completed
OL00000420,O0000226,2024-12-22,C00311,P0019,SR004,1,3200.00,0.00,3200.00,EUR,Direct,Completed
OL00000421,O0000226,2024-12-22,C00311,P0059,SR004,4,14850.00,0.00,59400.00,EUR,Direct,Completed
OL00000422,O0000227,2023-02-17,C00014,P0064,SR004,5,490.00,0.00,0.00,EUR,Direct,Cancelled
OL00000423,O0000228,2024-08-20,C00110,P0007,SR002,4,9000.00,0.10,32400.00,EUR,Online,Returned
OL00000424,O0000228,2024-08-20,C00110,P0010,SR002,1,3200.00,0.00,3200.00,EUR,Online,Returned
OL00000425,O0000228,2024-08-20,C00110,P0001,SR002,10,490.00,0.15,4165.00,EUR,Online,Returned
OL00000426,O0000229,2026-02-17,C00078,P0031,SR005,3,6500.00,0.00,19500.00,EUR,Partner,Completed
OL00000427,O0000230,2025-03-19,C00486,P0051,SR001,1,12960.00,0.20,10368.00,EUR,Direct,Completed
OL00000428,O0000231,2026-02-17,C00231,P0033,SR005,1,17550.00,0.10,15795.00,EUR,Partner,Completed
OL00000429,O0000232,2025-12-04,C00402,P0051,SR002,2,12960.00,0.00,25920.00,EUR,Direct,Completed
OL00000430,O0000233,2025-06-16,C00123,P0038,SR006,3,2970.00,0.15,7573.50,EUR,Direct,Completed
OL00000431,O0000234,2026-07-06,C00327,P0002,SR009,20,1633.50,0.15,27769.50,EUR,Direct,Completed
OL00000432,O0000235,2026-07-01,C00365,P0027,SR003,1,24300.00,0.00,0.00,EUR,Direct,Cancelled
OL00000433,O0000235,2026-07-01,C00365,P0066,SR003,2,3375.00,0.00,0.00,EUR,Direct,Cancelled
OL00000434,O0000236,2024-08-30,C00086,P0005,SR012,5,10725.00,0.10,48262.50,EUR,Direct,Returned
OL00000435,O0000236,2024-08-30,C00086,P0058,SR012,3,2400.00,0.15,6120.00,EUR,Direct,Returned
OL00000436,O0000237,2023-09-24,C00044,P0057,SR005,4,6480.00,0.00,25920.00,EUR,Direct,Completed
OL00000437,O0000237,2023-09-24,C00044,P0034,SR005,1,490.00,0.10,441.00,EUR,Direct,Completed
OL00000438,O0000238,2025-05-10,C00265,P0074,SR007,3,7920.00,0.00,23760.00,EUR,Direct,Completed
OL00000439,O0000239,2024-11-29,C00044,P0049,SR010,5,1250.00,0.10,5625.00,EUR,Partner,Completed
OL00000440,O0000240,2024-08-15,C00333,P0061,SR010,1,3200.00,0.15,2720.00,EUR,Direct,Completed
OL00000441,O0000241,2025-12-07,C00466,P0009,SR005,2,24300.00,0.20,38880.00,EUR,Online,Completed
OL00000442,O0000241,2025-12-07,C00466,P0026,SR005,2,2970.00,0.10,5346.00,EUR,Online,Completed
OL00000443,O0000241,2025-12-07,C00466,P0074,SR005,2,7920.00,0.00,15840.00,EUR,Online,Completed
OL00000444,O0000241,2025-12-07,C00466,P0044,SR005,1,14850.00,0.05,14107.50,EUR,Online,Completed
OL00000445,O0000242,2025-08-06,C00355,P0021,SR005,20,6480.00,0.00,129600.00,EUR,Direct,Completed
OL00000446,O0000243,2024-11-28,C00252,P0028,SR006,5,750.00,0.00,3750.00,EUR,Direct,Completed
OL00000447,O0000244,2026-04-28,C00017,P0002,SR004,3,1633.50,0.00,4900.50,EUR,Direct,Completed
OL00000448,O0000245,2024-08-15,C00376,P0008,SR001,4,1237.50,0.10,4455.00,EUR,Partner,Completed
OL00000449,O0000246,2023-11-02,C00041,P0003,SR003,10,8640.00,0.00,86400.00,EUR,Direct,Completed
OL00000450,O0000246,2023-11-02,C00041,P0057,SR003,1,6480.00,0.00,6480.00,EUR,Direct,Completed
OL00000451,O0000247,2025-08-11,C00450,P0005,SR012,2,10725.00,0.00,21450.00,EUR,Direct,Completed
OL00000452,O0000247,2025-08-11,C00450,P0012,SR012,2,17550.00,0.15,29835.00,EUR,Direct,Completed
OL00000453,O0000247,2025-08-11,C00450,P0009,SR012,3,24300.00,0.10,65610.00,EUR,Direct,Completed
OL00000454,O0000248,2024-06-04,C00058,P0021,SR007,1,6480.00,0.20,5184.00,EUR,Online,Completed
OL00000455,O0000248,2024-06-04,C00058,P0064,SR007,1,490.00,0.05,465.50,EUR,Online,Completed
OL00000456,O0000248,2024-06-04,C00058,P0016,SR007,4,490.00,0.20,1568.00,EUR,Online,Completed
OL00000457,O0000249,2023-11-14,C00278,P0019,SR007,3,3200.00,0.05,9120.00,EUR,Online,Completed
OL00000458,O0000250,2025-02-14,C00130,P0041,SR012,4,1237.50,0.00,4950.00,EUR,Direct,Completed
OL00000459,O0000250,2025-02-14,C00130,P0052,SR012,1,2400.00,0.05,2280.00,EUR,Direct,Completed
OL00000460,O0000251,2025-04-18,C00103,P0051,SR002,2,12960.00,0.00,25920.00,EUR,Partner,Completed
OL00000461,O0000251,2025-04-18,C00103,P0002,SR002,3,1633.50,0.10,4410.45,EUR,Partner,Completed
OL00000462,O0000251,2025-04-18,C00103,P0013,SR002,2,3200.00,0.05,6080.00,EUR,Partner,Completed
OL00000463,O0000252,2025-03-25,C00047,P0072,SR005,3,2673.00,0.10,7217.10,EUR,Direct,Completed
OL00000464,O0000253,2023-03-06,C00453,P0016,SR012,1,490.00,0.15,416.50,EUR,Online,Completed
OL00000465,O0000254,2023-09-11,C00073,P0070,SR002,1,750.00,0.10,675.00,EUR,Direct,Completed
OL00000466,O0000254,2023-09-11,C00073,P0065,SR002,4,5280.00,0.05,20064.00,EUR,Direct,Completed
OL00000467,O0000254,2023-09-11,C00073,P0057,SR002,5,6480.00,0.00,32400.00,EUR,Direct,Completed
OL00000468,O0000255,2024-06-08,C00349,P0041,SR004,2,1237.50,0.10,0.00,EUR,Online,Cancelled
OL00000469,O0000255,2024-06-08,C00349,P0062,SR004,1,7920.00,0.10,0.00,EUR,Online,Cancelled
OL00000470,O0000256,2024-01-26,C00029,P0070,SR004,10,750.00,0.10,6750.00,EUR,Direct,Completed
OL00000471,O0000256,2024-01-26,C00029,P0010,SR004,3,3200.00,0.15,8160.00,EUR,Direct,Completed
OL00000472,O0000257,2023-12-31,C00042,P0004,SR005,2,6500.00,0.10,11700.00,EUR,Direct,Completed
OL00000473,O0000258,2024-11-27,C00466,P0060,SR003,2,17550.00,0.00,35100.00,EUR,Direct,Completed
OL00000474,O0000259,2025-06-15,C00010,P0057,SR008,5,6480.00,0.00,0.00,EUR,Partner,Cancelled
OL00000475,O0000260,2023-12-22,C00162,P0007,SR012,3,9000.00,0.05,25650.00,EUR,Partner,Completed
OL00000476,O0000261,2026-05-23,C00275,P0040,SR006,2,4800.00,0.00,9600.00,EUR,Partner,Completed
OL00000477,O0000261,2026-05-23,C00275,P0058,SR006,4,2400.00,0.00,9600.00,EUR,Partner,Completed
OL00000478,O0000262,2025-06-18,C00068,P0075,SR011,1,6480.00,0.00,6480.00,EUR,Partner,Completed
OL00000479,O0000263,2024-01-29,C00291,P0013,SR012,5,3200.00,0.20,12800.00,EUR,Partner,Completed
OL00000480,O0000264,2023-07-10,C00167,P0068,SR001,2,1237.50,0.00,2475.00,EUR,Direct,Completed
OL00000481,O0000264,2023-07-10,C00167,P0023,SR001,10,808.50,0.00,8085.00,EUR,Direct,Completed
OL00000482,O0000265,2026-01-19,C00296,P0002,SR008,3,1633.50,0.00,0.00,EUR,Partner,Cancelled
OL00000483,O0000265,2026-01-19,C00296,P0072,SR008,1,2673.00,0.15,0.00,EUR,Partner,Cancelled
OL00000484,O0000266,2024-04-18,C00121,P0054,SR002,5,17550.00,0.10,78975.00,EUR,Direct,Completed
OL00000485,O0000267,2025-11-29,C00214,P0048,SR002,1,17550.00,0.00,17550.00,EUR,Online,Completed
OL00000486,O0000268,2025-04-27,C00027,P0066,SR006,3,3375.00,0.00,10125.00,EUR,Partner,Completed
OL00000487,O0000268,2025-04-27,C00027,P0067,SR006,1,2400.00,0.00,2400.00,EUR,Partner,Completed
OL00000488,O0000268,2025-04-27,C00027,P0011,SR006,3,808.50,0.05,2304.22,EUR,Partner,Completed
OL00000489,O0000269,2025-03-11,C00480,P0066,SR010,3,3375.00,0.05,9618.75,EUR,Direct,Completed
OL00000490,O0000270,2025-08-15,C00438,P0040,SR004,5,4800.00,0.10,21600.00,EUR,Partner,Completed
OL00000491,O0000271,2026-05-24,C00271,P0042,SR006,1,4860.00,0.10,4374.00,EUR,Direct,Completed
OL00000492,O0000272,2023-12-03,C00056,P0049,SR009,1,1250.00,0.10,1125.00,EUR,Direct,Completed
OL00000493,O0000273,2024-06-04,C00047,P0015,SR005,1,17550.00,0.05,0.00,EUR,Direct,Cancelled
OL00000494,O0000274,2025-02-06,C00361,P0075,SR002,4,6480.00,0.15,22032.00,EUR,Online,Returned
OL00000495,O0000275,2023-01-12,C00491,P0025,SR004,3,3200.00,0.05,9120.00,EUR,Direct,Completed
OL00000496,O0000276,2025-03-18,C00467,P0046,SR008,5,3200.00,0.00,16000.00,EUR,Direct,Returned
OL00000497,O0000277,2023-10-31,C00251,P0036,SR002,2,8640.00,0.00,17280.00,EUR,Direct,Completed
OL00000498,O0000277,2023-10-31,C00251,P0038,SR002,3,2970.00,0.00,8910.00,EUR,Direct,Completed
OL00000499,O0000277,2023-10-31,C00251,P0001,SR002,2,490.00,0.00,980.00,EUR,Direct,Completed
OL00000500,O0000278,2023-12-28,C00481,P0022,SR007,1,6500.00,0.15,5525.00,EUR,Direct,Completed
OL00000501,O0000278,2023-12-28,C00481,P0051,SR007,3,12960.00,0.15,33048.00,EUR,Direct,Completed
OL00000502,O0000279,2024-03-01,C00026,P0004,SR010,1,6500.00,0.00,6500.00,EUR,Partner,Completed
OL00000503,O0000279,2024-03-01,C00026,P0006,SR010,10,3375.00,0.00,33750.00,EUR,Partner,Completed
OL00000504,O0000279,2024-03-01,C00026,P0064,SR010,1,490.00,0.00,490.00,EUR,Partner,Completed
OL00000505,O0000280,2024-06-21,C00286,P0002,SR007,1,1633.50,0.05,1551.82,EUR,Direct,Completed
OL00000506,O0000280,2024-06-21,C00286,P0020,SR007,5,14850.00,0.00,74250.00,EUR,Direct,Completed
OL00000507,O0000281,2024-12-25,C00250,P0056,SR007,1,7920.00,0.00,7920.00,EUR,Direct,Completed
OL00000508,O0000282,2023-04-03,C00275,P0032,SR012,2,2970.00,0.20,4752.00,EUR,Partner,Completed
OL00000509,O0000282,2023-04-03,C00275,P0040,SR012,1,4800.00,0.10,4320.00,EUR,Partner,Completed
OL00000510,O0000283,2024-03-28,C00034,P0028,SR006,1,750.00,0.00,750.00,EUR,Direct,Completed
OL00000511,O0000284,2025-06-04,C00064,P0074,SR002,2,7920.00,0.00,15840.00,EUR,Direct,Completed
OL00000512,O0000285,2026-03-04,C00127,P0028,SR008,2,750.00,0.05,1425.00,EUR,Direct,Completed
OL00000513,O0000285,2026-03-04,C00127,P0056,SR008,2,7920.00,0.00,15840.00,EUR,Direct,Completed
OL00000514,O0000286,2026-02-12,C00337,P0008,SR007,3,1237.50,0.00,0.00,EUR,Direct,Cancelled
OL00000515,O0000286,2026-02-12,C00337,P0063,SR007,4,12960.00,0.00,0.00,EUR,Direct,Cancelled
OL00000516,O0000287,2024-11-11,C00103,P0044,SR005,2,14850.00,0.10,26730.00,EUR,Direct,Completed
OL00000517,O0000287,2024-11-11,C00103,P0069,SR005,2,12960.00,0.00,25920.00,EUR,Direct,Completed
OL00000518,O0000288,2025-03-13,C00152,P0018,SR012,3,1323.00,0.00,0.00,EUR,Direct,Cancelled
OL00000519,O0000288,2025-03-13,C00152,P0033,SR012,20,17550.00,0.10,0.00,EUR,Direct,Cancelled
OL00000520,O0000289,2025-08-26,C00319,P0035,SR012,4,1237.50,0.00,4950.00,EUR,Online,Completed
OL00000521,O0000289,2025-08-26,C00319,P0052,SR012,3,2400.00,0.00,7200.00,EUR,Online,Completed
OL00000522,O0000290,2025-01-12,C00163,P0065,SR010,20,5280.00,0.00,105600.00,EUR,Partner,Completed
OL00000523,O0000291,2023-07-10,C00051,P0041,SR012,2,1237.50,0.00,2475.00,EUR,Direct,Completed
OL00000524,O0000292,2025-08-14,C00266,P0047,SR005,1,3960.00,0.00,0.00,EUR,Online,Cancelled
OL00000525,O0000292,2025-08-14,C00266,P0042,SR005,2,4860.00,0.00,0.00,EUR,Online,Cancelled
OL00000526,O0000292,2025-08-14,C00266,P0050,SR005,3,2062.50,0.00,0.00,EUR,Online,Cancelled
OL00000527,O0000293,2024-02-13,C00199,P0035,SR005,3,1237.50,0.10,3341.25,EUR,Online,Completed
OL00000528,O0000293,2024-02-13,C00199,P0009,SR005,3,24300.00,0.00,72900.00,EUR,Online,Completed
OL00000529,O0000294,2026-04-26,C00199,P0073,SR002,10,9000.00,0.10,81000.00,EUR,Online,Completed
OL00000530,O0000294,2026-04-26,C00199,P0069,SR002,2,12960.00,0.00,25920.00,EUR,Online,Completed
OL00000531,O0000294,2026-04-26,C00199,P0009,SR002,3,24300.00,0.10,65610.00,EUR,Online,Completed
OL00000532,O0000295,2025-06-04,C00392,P0012,SR011,1,17550.00,0.15,14917.50,EUR,Online,Completed
OL00000533,O0000296,2024-06-05,C00423,P0063,SR012,10,12960.00,0.00,129600.00,EUR,Partner,Completed
OL00000534,O0000297,2024-06-22,C00381,P0041,SR004,4,1237.50,0.00,4950.00,EUR,Direct,Completed
OL00000535,O0000298,2023-12-20,C00263,P0028,SR003,20,750.00,0.00,15000.00,EUR,Direct,Completed
OL00000536,O0000299,2023-06-25,C00393,P0040,SR010,1,4800.00,0.00,4800.00,EUR,Online,Completed
OL00000537,O0000299,2023-06-25,C00393,P0056,SR010,4,7920.00,0.05,30096.00,EUR,Online,Completed
OL00000538,O0000300,2026-06-02,C00410,P0016,SR012,4,490.00,0.10,1764.00,EUR,Direct,Completed
OL00000539,O0000301,2025-05-07,C00290,P0014,SR002,1,7920.00,0.05,7524.00,EUR,Partner,Completed
OL00000540,O0000302,2025-09-14,C00343,P0050,SR002,5,2062.50,0.05,9796.88,EUR,Direct,Completed
OL00000541,O0000303,2025-11-08,C00500,P0010,SR010,3,3200.00,0.15,0.00,EUR,Direct,Cancelled
OL00000542,O0000304,2026-07-17,C00312,P0028,SR004,1,750.00,0.10,675.00,EUR,Partner,Completed
OL00000543,O0000305,2023-05-20,C00238,P0035,SR011,1,1237.50,0.10,1113.75,EUR,Direct,Completed
OL00000544,O0000305,2023-05-20,C00238,P0061,SR011,3,3200.00,0.00,9600.00,EUR,Direct,Completed
OL00000545,O0000306,2026-03-12,C00063,P0065,SR002,2,5280.00,0.00,10560.00,EUR,Direct,Completed
OL00000546,O0000306,2026-03-12,C00063,P0016,SR002,1,490.00,0.00,490.00,EUR,Direct,Completed
OL00000547,O0000306,2026-03-12,C00063,P0005,SR002,2,10725.00,0.00,21450.00,EUR,Direct,Completed
OL00000548,O0000307,2024-08-03,C00474,P0054,SR003,1,17550.00,0.00,17550.00,EUR,Online,Completed
OL00000549,O0000308,2024-12-02,C00294,P0044,SR006,1,14850.00,0.00,14850.00,EUR,Direct,Completed
OL00000550,O0000308,2024-12-02,C00294,P0061,SR006,4,3200.00,0.00,12800.00,EUR,Direct,Completed
OL00000551,O0000309,2023-11-13,C00450,P0041,SR004,10,1237.50,0.00,12375.00,EUR,Direct,Completed
OL00000552,O0000310,2023-01-03,C00014,P0040,SR009,2,4800.00,0.00,9600.00,EUR,Direct,Returned
OL00000553,O0000311,2024-10-29,C00218,P0061,SR005,2,3200.00,0.20,5120.00,EUR,Direct,Completed
OL00000554,O0000312,2025-09-07,C00236,P0011,SR002,1,808.50,0.05,768.07,EUR,Partner,Completed
OL00000555,O0000312,2025-09-07,C00236,P0069,SR002,5,12960.00,0.00,64800.00,EUR,Partner,Completed
OL00000556,O0000313,2023-03-30,C00093,P0031,SR011,1,6500.00,0.15,5525.00,EUR,Direct,Completed
OL00000557,O0000313,2023-03-30,C00093,P0067,SR011,1,2400.00,0.10,2160.00,EUR,Direct,Completed
OL00000558,O0000314,2023-04-29,C00327,P0010,SR012,10,3200.00,0.10,28800.00,EUR,Partner,Completed
OL00000559,O0000315,2024-09-24,C00454,P0003,SR007,2,8640.00,0.05,16416.00,EUR,Partner,Completed
OL00000560,O0000315,2024-09-24,C00454,P0044,SR007,4,14850.00,0.00,59400.00,EUR,Partner,Completed
OL00000561,O0000316,2023-10-28,C00225,P0064,SR012,4,490.00,0.10,1764.00,EUR,Direct,Completed
OL00000562,O0000316,2023-10-28,C00225,P0044,SR012,3,14850.00,0.05,42322.50,EUR,Direct,Completed
OL00000563,O0000316,2023-10-28,C00225,P0063,SR012,1,12960.00,0.05,12312.00,EUR,Direct,Completed
OL00000564,O0000317,2024-06-28,C00260,P0052,SR002,10,2400.00,0.10,21600.00,EUR,Online,Completed
OL00000565,O0000318,2023-06-01,C00275,P0032,SR008,1,2970.00,0.05,2821.50,EUR,Direct,Completed
OL00000566,O0000318,2023-06-01,C00275,P0008,SR008,10,1237.50,0.10,11137.50,EUR,Direct,Completed
OL00000567,O0000318,2023-06-01,C00275,P0060,SR008,1,17550.00,0.00,17550.00,EUR,Direct,Completed
OL00000568,O0000319,2023-11-30,C00028,P0055,SR007,2,490.00,0.00,980.00,EUR,Direct,Completed
OL00000569,O0000320,2026-09-18,C00267,P0034,SR009,10,490.00,0.00,4900.00,EUR,Partner,Completed
OL00000570,O0000320,2026-09-18,C00267,P0009,SR009,2,24300.00,0.10,43740.00,EUR,Partner,Completed
OL00000571,O0000321,2024-07-05,C00179,P0063,SR011,4,12960.00,0.10,46656.00,EUR,Online,Completed
OL00000572,O0000322,2025-10-06,C00481,P0071,SR005,2,808.50,0.00,1617.00,EUR,Direct,Completed
OL00000573,O0000322,2025-10-06,C00481,P0060,SR005,3,17550.00,0.15,44752.50,EUR,Direct,Completed
OL00000574,O0000323,2024-02-17,C00081,P0055,SR002,1,490.00,0.20,392.00,EUR,Online,Completed
OL00000575,O0000323,2024-02-17,C00081,P0023,SR002,4,808.50,0.15,2748.90,EUR,Online,Completed
OL00000576,O0000323,2024-02-17,C00081,P0071,SR002,2,808.50,0.00,1617.00,EUR,Online,Completed
OL00000577,O0000323,2024-02-17,C00081,P0058,SR002,5,2400.00,0.05,11400.00,EUR,Online,Completed
OL00000578,O0000324,2023-01-28,C00096,P0007,SR007,2,9000.00,0.05,17100.00,EUR,Direct,Completed
OL00000579,O0000324,2023-01-28,C00096,P0072,SR007,2,2673.00,0.05,5078.70,EUR,Direct,Completed
OL00000580,O0000325,2023-09-16,C00485,P0003,SR001,4,8640.00,0.05,32832.00,EUR,Online,Completed
OL00000581,O0000325,2023-09-16,C00485,P0074,SR001,3,7920.00,0.10,21384.00,EUR,Online,Completed
OL00000582,O0000325,2023-09-16,C00485,P0032,SR001,3,2970.00,0.10,8019.00,EUR,Online,Completed
OL00000583,O0000326,2024-10-18,C00491,P0023,SR010,2,808.50,0.10,1455.30,EUR,Direct,Completed
OL00000584,O0000327,2025-11-05,C00329,P0074,SR004,3,7920.00,0.15,20196.00,EUR,Direct,Completed
OL00000585,O0000327,2025-11-05,C00329,P0059,SR004,3,14850.00,0.10,40095.00,EUR,Direct,Completed
OL00000586,O0000327,2025-11-05,C00329,P0030,SR004,2,6480.00,0.10,11664.00,EUR,Direct,Completed
OL00000587,O0000328,2023-08-16,C00496,P0044,SR005,2,14850.00,0.00,29700.00,EUR,Direct,Completed
OL00000588,O0000329,2025-01-26,C00492,P0017,SR001,3,5280.00,0.15,13464.00,EUR,Direct,Completed
OL00000589,O0000330,2024-05-25,C00077,P0061,SR007,5,3200.00,0.10,14400.00,EUR,Partner,Completed
OL00000590,O0000330,2024-05-25,C00077,P0058,SR007,2,2400.00,0.00,4800.00,EUR,Partner,Completed
OL00000591,O0000331,2024-05-22,C00470,P0013,SR006,1,3200.00,0.15,2720.00,EUR,Direct,Completed
OL00000592,O0000332,2025-04-15,C00365,P0054,SR007,1,17550.00,0.10,15795.00,EUR,Online,Completed
OL00000593,O0000332,2025-04-15,C00365,P0056,SR007,1,7920.00,0.20,6336.00,EUR,Online,Completed
OL00000594,O0000333,2023-03-17,C00144,P0035,SR003,2,1237.50,0.10,2227.50,EUR,Online,Completed
OL00000595,O0000333,2023-03-17,C00144,P0016,SR003,5,490.00,0.15,2082.50,EUR,Online,Completed
OL00000596,O0000333,2023-03-17,C00144,P0033,SR003,3,17550.00,0.00,52650.00,EUR,Online,Completed
OL00000597,O0000334,2023-11-22,C00062,P0064,SR009,20,490.00,0.00,9800.00,EUR,Online,Completed
OL00000598,O0000335,2023-08-19,C00358,P0018,SR007,5,1323.00,0.10,5953.50,EUR,Online,Completed
OL00000599,O0000335,2023-08-19,C00358,P0009,SR007,2,24300.00,0.00,48600.00,EUR,Online,Completed
OL00000600,O0000335,2023-08-19,C00358,P0014,SR007,3,7920.00,0.05,22572.00,EUR,Online,Completed
OL00000601,O0000336,2023-01-31,C00433,P0072,SR008,4,2673.00,0.00,10692.00,EUR,Direct,Completed
OL00000602,O0000337,2023-02-03,C00364,P0073,SR012,3,9000.00,0.15,22950.00,EUR,Direct,Completed
OL00000603,O0000338,2026-08-06,C00061,P0047,SR004,2,3960.00,0.10,7128.00,EUR,Direct,Completed
OL00000604,O0000338,2026-08-06,C00061,P0051,SR004,1,12960.00,0.20,10368.00,EUR,Direct,Completed
OL00000605,O0000339,2025-07-06,C00294,P0061,SR007,2,3200.00,0.00,6400.00,EUR,Partner,Completed
OL00000606,O0000339,2025-07-06,C00294,P0069,SR007,5,12960.00,0.10,58320.00,EUR,Partner,Completed
OL00000607,O0000340,2026-08-04,C00227,P0070,SR002,4,750.00,0.05,2850.00,EUR,Direct,Completed
OL00000608,O0000340,2026-08-04,C00227,P0034,SR002,3,490.00,0.00,1470.00,EUR,Direct,Completed
OL00000609,O0000340,2026-08-04,C00227,P0026,SR002,2,2970.00,0.00,5940.00,EUR,Direct,Completed
OL00000610,O0000341,2025-11-04,C00372,P0051,SR004,2,12960.00,0.00,25920.00,EUR,Online,Completed
OL00000611,O0000342,2024-12-20,C00426,P0041,SR003,3,1237.50,0.00,3712.50,EUR,Direct,Completed
OL00000612,O0000342,2024-12-20,C00426,P0033,SR003,5,17550.00,0.00,87750.00,EUR,Direct,Completed
OL00000613,O0000342,2024-12-20,C00426,P0014,SR003,1,7920.00,0.00,7920.00,EUR,Direct,Completed
OL00000614,O0000343,2025-04-26,C00160,P0071,SR011,3,808.50,0.10,2182.95,EUR,Online,Completed
OL00000615,O0000344,2024-11-29,C00421,P0031,SR011,3,6500.00,0.15,0.00,EUR,Online,Cancelled
OL00000616,O0000345,2023-11-13,C00293,P0004,SR008,2,6500.00,0.00,13000.00,EUR,Online,Completed
OL00000617,O0000346,2024-10-13,C00218,P0036,SR004,1,8640.00,0.10,7776.00,EUR,Direct,Completed
OL00000618,O0000346,2024-10-13,C00218,P0023,SR004,2,808.50,0.00,1617.00,EUR,Direct,Completed
OL00000619,O0000347,2023-10-19,C00178,P0046,SR006,1,3200.00,0.00,3200.00,EUR,Partner,Completed
OL00000620,O0000347,2023-10-19,C00178,P0053,SR006,2,2062.50,0.00,4125.00,EUR,Partner,Completed
OL00000621,O0000347,2023-10-19,C00178,P0033,SR006,5,17550.00,0.10,78975.00,EUR,Partner,Completed
OL00000622,O0000348,2025-08-04,C00267,P0021,SR001,5,6480.00,0.05,30780.00,EUR,Direct,Completed
OL00000623,O0000348,2025-08-04,C00267,P0013,SR001,2,3200.00,0.10,5760.00,EUR,Direct,Completed
OL00000624,O0000348,2025-08-04,C00267,P0037,SR001,2,4800.00,0.00,9600.00,EUR,Direct,Completed
OL00000625,O0000349,2024-07-11,C00155,P0037,SR003,20,4800.00,0.00,0.00,EUR,Online,Cancelled
OL00000626,O0000349,2024-07-11,C00155,P0032,SR003,4,2970.00,0.05,0.00,EUR,Online,Cancelled
OL00000627,O0000349,2024-07-11,C00155,P0035,SR003,4,1237.50,0.00,0.00,EUR,Online,Cancelled
OL00000628,O0000350,2023-09-27,C00379,P0014,SR004,2,7920.00,0.00,15840.00,EUR,Partner,Completed
OL00000629,O0000351,2023-11-14,C00075,P0064,SR004,4,490.00,0.15,1666.00,EUR,Direct,Completed
OL00000630,O0000352,2025-01-09,C00358,P0015,SR005,3,17550.00,0.00,52650.00,EUR,Partner,Completed
OL00000631,O0000353,2026-05-24,C00185,P0050,SR003,2,2062.50,0.00,4125.00,EUR,Direct,Completed
OL00000632,O0000353,2026-05-24,C00185,P0058,SR003,3,2400.00,0.10,6480.00,EUR,Direct,Completed
OL00000633,O0000353,2026-05-24,C00185,P0006,SR003,10,3375.00,0.00,33750.00,EUR,Direct,Completed
OL00000634,O0000354,2023-04-23,C00393,P0021,SR011,1,6480.00,0.00,6480.00,EUR,Direct,Completed
OL00000635,O0000354,2023-04-23,C00393,P0060,SR011,2,17550.00,0.10,31590.00,EUR,Direct,Completed
OL00000636,O0000355,2025-05-18,C00453,P0034,SR009,1,490.00,0.20,392.00,EUR,Partner,Completed
OL00000637,O0000355,2025-05-18,C00453,P0073,SR009,4,9000.00,0.05,34200.00,EUR,Partner,Completed
OL00000638,O0000356,2023-06-18,C00353,P0016,SR009,2,490.00,0.10,882.00,EUR,Direct,Completed
OL00000639,O0000356,2023-06-18,C00353,P0075,SR009,2,6480.00,0.15,11016.00,EUR,Direct,Completed
OL00000640,O0000357,2023-12-16,C00464,P0012,SR011,2,17550.00,0.00,35100.00,EUR,Direct,Completed
OL00000641,O0000358,2025-07-29,C00065,P0051,SR007,1,12960.00,0.10,11664.00,EUR,Partner,Completed
OL00000642,O0000359,2025-04-29,C00344,P0027,SR007,2,24300.00,0.00,48600.00,EUR,Partner,Completed
OL00000643,O0000360,2023-02-06,C00112,P0028,SR009,2,750.00,0.20,0.00,EUR,Direct,Cancelled
OL00000644,O0000360,2023-02-06,C00112,P0023,SR009,10,808.50,0.10,0.00,EUR,Direct,Cancelled
OL00000645,O0000361,2025-07-03,C00145,P0054,SR005,1,17550.00,0.00,0.00,EUR,Direct,Cancelled
OL00000646,O0000362,2025-03-26,C00303,P0014,SR011,3,7920.00,0.15,0.00,EUR,Partner,Cancelled
OL00000647,O0000362,2025-03-26,C00303,P0007,SR011,1,9000.00,0.10,0.00,EUR,Partner,Cancelled
OL00000648,O0000362,2025-03-26,C00303,P0016,SR011,3,490.00,0.00,0.00,EUR,Partner,Cancelled
OL00000649,O0000363,2025-02-27,C00464,P0044,SR001,2,14850.00,0.10,26730.00,EUR,Direct,Completed
OL00000650,O0000364,2025-06-10,C00189,P0017,SR012,4,5280.00,0.15,17952.00,EUR,Partner,Completed
OL00000651,O0000364,2025-06-10,C00189,P0067,SR012,2,2400.00,0.00,4800.00,EUR,Partner,Completed
OL00000652,O0000365,2023-08-16,C00323,P0039,SR006,3,12960.00,0.00,38880.00,EUR,Direct,Completed
OL00000653,O0000365,2023-08-16,C00323,P0022,SR006,1,6500.00,0.10,5850.00,EUR,Direct,Completed
OL00000654,O0000366,2024-04-04,C00450,P0005,SR012,1,10725.00,0.00,10725.00,EUR,Partner,Completed
OL00000655,O0000366,2024-04-04,C00450,P0002,SR012,2,1633.50,0.00,3267.00,EUR,Partner,Completed
OL00000656,O0000367,2025-05-14,C00151,P0001,SR009,4,490.00,0.10,1764.00,EUR,Online,Completed
OL00000657,O0000368,2024-04-20,C00083,P0053,SR002,2,2062.50,0.00,4125.00,EUR,Direct,Completed
OL00000658,O0000369,2023-07-01,C00035,P0006,SR006,3,3375.00,0.10,0.00,EUR,Direct,Cancelled
OL00000659,O0000370,2023-11-24,C00314,P0044,SR004,4,14850.00,0.05,56430.00,EUR,Direct,Completed
OL00000660,O0000370,2023-11-24,C00314,P0050,SR004,5,2062.50,0.10,9281.25,EUR,Direct,Completed
OL00000661,O0000371,2026-09-03,C00035,P0034,SR010,5,490.00,0.10,2205.00,EUR,Direct,Completed
OL00000662,O0000372,2025-06-02,C00204,P0006,SR003,2,3375.00,0.05,6412.50,EUR,Online,Completed
OL00000663,O0000373,2023-01-31,C00482,P0033,SR004,1,17550.00,0.00,17550.00,EUR,Direct,Completed
OL00000664,O0000373,2023-01-31,C00482,P0038,SR004,2,2970.00,0.10,5346.00,EUR,Direct,Completed
OL00000665,O0000374,2023-06-14,C00148,P0071,SR012,3,808.50,0.00,0.00,EUR,Online,Cancelled
OL00000666,O0000375,2023-07-02,C00171,P0018,SR005,10,1323.00,0.10,11907.00,EUR,Online,Completed
OL00000667,O0000375,2023-07-02,C00171,P0004,SR005,2,6500.00,0.10,11700.00,EUR,Online,Completed
OL00000668,O0000376,2023-02-20,C00299,P0035,SR003,2,1237.50,0.10,2227.50,EUR,Partner,Completed
OL00000669,O0000376,2023-02-20,C00299,P0024,SR003,1,3375.00,0.15,2868.75,EUR,Partner,Completed
OL00000670,O0000376,2023-02-20,C00299,P0056,SR003,1,7920.00,0.10,7128.00,EUR,Partner,Completed
OL00000671,O0000377,2023-10-30,C00025,P0052,SR002,1,2400.00,0.05,2280.00,EUR,Partner,Completed
OL00000672,O0000377,2023-10-30,C00025,P0058,SR002,20,2400.00,0.15,40800.00,EUR,Partner,Completed
OL00000673,O0000377,2023-10-30,C00025,P0029,SR002,2,14850.00,0.15,25245.00,EUR,Partner,Completed
OL00000674,O0000378,2024-09-24,C00199,P0068,SR001,1,1237.50,0.10,1113.75,EUR,Direct,Returned
OL00000675,O0000378,2024-09-24,C00199,P0049,SR001,1,1250.00,0.10,1125.00,EUR,Direct,Returned
OL00000676,O0000379,2023-06-05,C00264,P0002,SR003,1,1633.50,0.05,1551.82,EUR,Direct,Completed
OL00000677,O0000380,2024-02-24,C00161,P0006,SR002,1,3375.00,0.00,3375.00,EUR,Partner,Completed
OL00000678,O0000380,2024-02-24,C00161,P0019,SR002,2,3200.00,0.05,6080.00,EUR,Partner,Completed
OL00000679,O0000380,2024-02-24,C00161,P0065,SR002,2,5280.00,0.00,10560.00,EUR,Partner,Completed
OL00000680,O0000381,2023-12-13,C00392,P0012,SR008,5,17550.00,0.00,87750.00,EUR,Partner,Returned
OL00000681,O0000382,2024-05-27,C00260,P0022,SR002,10,6500.00,0.00,65000.00,EUR,Direct,Completed
OL00000682,O0000382,2024-05-27,C00260,P0046,SR002,3,3200.00,0.00,9600.00,EUR,Direct,Completed
OL00000683,O0000382,2024-05-27,C00260,P0074,SR002,2,7920.00,0.10,14256.00,EUR,Direct,Completed
OL00000684,O0000383,2023-05-14,C00323,P0052,SR007,1,2400.00,0.05,2280.00,EUR,Partner,Completed
OL00000685,O0000383,2023-05-14,C00323,P0023,SR007,1,808.50,0.00,808.50,EUR,Partner,Completed
OL00000686,O0000383,2023-05-14,C00323,P0001,SR007,3,490.00,0.00,1470.00,EUR,Partner,Completed
OL00000687,O0000384,2025-07-17,C00457,P0023,SR010,3,808.50,0.10,2182.95,EUR,Direct,Returned
OL00000688,O0000385,2026-06-27,C00183,P0040,SR012,3,4800.00,0.05,0.00,EUR,Direct,Cancelled
OL00000689,O0000386,2024-07-01,C00197,P0042,SR001,2,4860.00,0.10,8748.00,EUR,Direct,Returned
OL00000690,O0000386,2024-07-01,C00197,P0008,SR001,1,1237.50,0.15,1051.88,EUR,Direct,Returned
OL00000691,O0000387,2023-06-04,C00401,P0035,SR007,2,1237.50,0.00,2475.00,EUR,Partner,Completed
OL00000692,O0000387,2023-06-04,C00401,P0046,SR007,1,3200.00,0.00,3200.00,EUR,Partner,Completed
OL00000693,O0000388,2023-09-20,C00269,P0026,SR009,2,2970.00,0.15,5049.00,EUR,Online,Completed
OL00000694,O0000389,2026-03-09,C00286,P0016,SR007,5,490.00,0.05,2327.50,EUR,Direct,Completed
OL00000695,O0000390,2026-04-12,C00113,P0043,SR008,2,490.00,0.15,833.00,EUR,Direct,Completed
OL00000696,O0000390,2026-04-12,C00113,P0012,SR008,5,17550.00,0.00,87750.00,EUR,Direct,Completed
OL00000697,O0000391,2024-11-29,C00260,P0050,SR006,1,2062.50,0.15,1753.12,EUR,Partner,Completed
OL00000698,O0000391,2024-11-29,C00260,P0045,SR006,5,6480.00,0.10,29160.00,EUR,Partner,Completed
OL00000699,O0000392,2023-02-18,C00164,P0073,SR002,1,9000.00,0.05,0.00,EUR,Partner,Cancelled
OL00000700,O0000393,2023-01-11,C00135,P0005,SR012,5,10725.00,0.00,53625.00,EUR,Direct,Completed
OL00000701,O0000393,2023-01-11,C00135,P0017,SR012,2,5280.00,0.05,10032.00,EUR,Direct,Completed
OL00000702,O0000394,2024-02-05,C00075,P0067,SR011,2,2400.00,0.10,4320.00,EUR,Online,Returned
OL00000703,O0000394,2024-02-05,C00075,P0023,SR011,2,808.50,0.05,1536.15,EUR,Online,Returned
OL00000704,O0000395,2023-06-15,C00130,P0036,SR004,1,8640.00,0.10,7776.00,EUR,Online,Completed
OL00000705,O0000396,2025-07-22,C00298,P0066,SR001,1,3375.00,0.00,3375.00,EUR,Direct,Completed
OL00000706,O0000397,2026-03-26,C00088,P0014,SR002,10,7920.00,0.05,75240.00,EUR,Online,Completed
OL00000707,O0000397,2026-03-26,C00088,P0033,SR002,2,17550.00,0.00,35100.00,EUR,Online,Completed
OL00000708,O0000398,2024-11-09,C00256,P0028,SR004,2,750.00,0.10,1350.00,EUR,Direct,Completed
OL00000709,O0000398,2024-11-09,C00256,P0056,SR004,3,7920.00,0.05,22572.00,EUR,Direct,Completed
OL00000710,O0000399,2024-03-07,C00375,P0069,SR011,2,12960.00,0.00,25920.00,EUR,Partner,Completed
OL00000711,O0000399,2024-03-07,C00375,P0037,SR011,1,4800.00,0.00,4800.00,EUR,Partner,Completed
OL00000712,O0000399,2024-03-07,C00375,P0021,SR011,3,6480.00,0.00,19440.00,EUR,Partner,Completed
OL00000713,O0000400,2024-09-15,C00250,P0067,SR003,4,2400.00,0.10,8640.00,EUR,Online,Returned
OL00000714,O0000400,2024-09-15,C00250,P0022,SR003,3,6500.00,0.10,17550.00,EUR,Online,Returned
OL00000715,O0000400,2024-09-15,C00250,P0032,SR003,2,2970.00,0.00,5940.00,EUR,Online,Returned
OL00000716,O0000401,2023-07-30,C00249,P0065,SR008,1,5280.00,0.00,5280.00,EUR,Partner,Completed
OL00000717,O0000401,2023-07-30,C00249,P0007,SR008,2,9000.00,0.10,16200.00,EUR,Partner,Completed
OL00000718,O0000401,2023-07-30,C00249,P0069,SR008,10,12960.00,0.00,129600.00,EUR,Partner,Completed
OL00000719,O0000402,2023-03-28,C00324,P0028,SR012,2,750.00,0.00,1500.00,EUR,Direct,Returned
OL00000720,O0000402,2023-03-28,C00324,P0045,SR012,2,6480.00,0.15,11016.00,EUR,Direct,Returned
OL00000721,O0000402,2023-03-28,C00324,P0053,SR012,2,2062.50,0.10,3712.50,EUR,Direct,Returned
OL00000722,O0000403,2025-11-13,C00267,P0065,SR002,3,5280.00,0.00,15840.00,EUR,Direct,Completed
OL00000723,O0000404,2023-08-02,C00190,P0038,SR009,5,2970.00,0.00,0.00,EUR,Direct,Cancelled
OL00000724,O0000405,2026-04-24,C00392,P0043,SR007,1,490.00,0.05,465.50,EUR,Direct,Completed
OL00000725,O0000405,2026-04-24,C00392,P0010,SR007,2,3200.00,0.00,6400.00,EUR,Direct,Completed
OL00000726,O0000406,2023-10-04,C00364,P0030,SR007,10,6480.00,0.15,55080.00,EUR,Direct,Completed
OL00000727,O0000407,2026-09-19,C00116,P0015,SR007,3,17550.00,0.05,0.00,EUR,Direct,Cancelled
OL00000728,O0000407,2026-09-19,C00116,P0039,SR007,5,12960.00,0.15,0.00,EUR,Direct,Cancelled
OL00000729,O0000407,2026-09-19,C00116,P0047,SR007,3,3960.00,0.00,0.00,EUR,Direct,Cancelled
OL00000730,O0000408,2023-08-22,C00303,P0057,SR001,4,6480.00,0.05,24624.00,EUR,Direct,Completed
OL00000731,O0000409,2025-11-30,C00211,P0013,SR007,2,3200.00,0.15,5440.00,EUR,Online,Returned
OL00000732,O0000409,2025-11-30,C00211,P0068,SR007,2,1237.50,0.00,2475.00,EUR,Online,Returned
OL00000733,O0000410,2026-07-20,C00267,P0065,SR010,3,5280.00,0.00,15840.00,EUR,Partner,Completed
OL00000734,O0000411,2024-08-13,C00477,P0039,SR011,1,12960.00,0.00,12960.00,EUR,Direct,Completed
OL00000735,O0000411,2024-08-13,C00477,P0055,SR011,1,490.00,0.10,441.00,EUR,Direct,Completed
OL00000736,O0000411,2024-08-13,C00477,P0050,SR011,4,2062.50,0.10,7425.00,EUR,Direct,Completed
OL00000737,O0000411,2024-08-13,C00477,P0007,SR011,2,9000.00,0.00,18000.00,EUR,Direct,Completed
OL00000738,O0000412,2026-02-16,C00229,P0055,SR010,2,490.00,0.05,931.00,EUR,Online,Completed
OL00000739,O0000413,2026-09-01,C00063,P0045,SR004,2,6480.00,0.05,12312.00,EUR,Direct,Completed
OL00000740,O0000413,2026-09-01,C00063,P0062,SR004,2,7920.00,0.00,15840.00,EUR,Direct,Completed
OL00000741,O0000414,2024-08-28,C00357,P0011,SR012,1,808.50,0.20,646.80,EUR,Online,Completed
OL00000742,O0000414,2024-08-28,C00357,P0021,SR012,1,6480.00,0.05,6156.00,EUR,Online,Completed
OL00000743,O0000414,2024-08-28,C00357,P0013,SR012,1,3200.00,0.15,2720.00,EUR,Online,Completed
OL00000744,O0000415,2025-04-01,C00274,P0059,SR002,2,14850.00,0.05,28215.00,EUR,Online,Completed
OL00000745,O0000416,2024-11-27,C00191,P0034,SR012,1,490.00,0.00,490.00,EUR,Direct,Completed
OL00000746,O0000417,2024-02-24,C00268,P0062,SR006,3,7920.00,0.15,0.00,EUR,Direct,Cancelled
OL00000747,O0000418,2026-09-06,C00428,P0028,SR008,3,750.00,0.00,2250.00,EUR,Partner,Completed
OL00000748,O0000419,2025-11-04,C00272,P0011,SR012,3,808.50,0.00,2425.50,EUR,Online,Completed
OL00000749,O0000419,2025-11-04,C00272,P0023,SR012,2,808.50,0.20,1293.60,EUR,Online,Completed
OL00000750,O0000420,2023-10-17,C00234,P0050,SR005,5,2062.50,0.20,8250.00,EUR,Direct,Completed
OL00000751,O0000421,2023-11-17,C00357,P0024,SR008,2,3375.00,0.00,6750.00,EUR,Direct,Completed
OL00000752,O0000422,2024-03-28,C00403,P0025,SR001,3,3200.00,0.00,9600.00,EUR,Direct,Completed
OL00000753,O0000423,2025-11-21,C00494,P0039,SR010,1,12960.00,0.00,12960.00,EUR,Direct,Completed
OL00000754,O0000424,2024-11-17,C00268,P0014,SR007,1,7920.00,0.15,6732.00,EUR,Direct,Completed
OL00000755,O0000425,2026-02-11,C00393,P0058,SR008,1,2400.00,0.00,2400.00,EUR,Direct,Completed
OL00000756,O0000425,2026-02-11,C00393,P0061,SR008,4,3200.00,0.00,12800.00,EUR,Direct,Completed
OL00000757,O0000426,2026-04-02,C00371,P0005,SR006,4,10725.00,0.10,38610.00,EUR,Online,Completed
OL00000758,O0000426,2026-04-02,C00371,P0008,SR006,3,1237.50,0.10,3341.25,EUR,Online,Completed
OL00000759,O0000427,2026-01-28,C00110,P0032,SR001,2,2970.00,0.15,5049.00,EUR,Partner,Completed
OL00000760,O0000427,2026-01-28,C00110,P0020,SR001,2,14850.00,0.05,28215.00,EUR,Partner,Completed
OL00000761,O0000428,2024-04-04,C00120,P0014,SR010,2,7920.00,0.00,15840.00,EUR,Direct,Returned
OL00000762,O0000429,2025-05-03,C00345,P0055,SR009,3,490.00,0.05,1396.50,EUR,Direct,Completed
OL00000763,O0000430,2026-09-02,C00285,P0015,SR012,10,17550.00,0.15,149175.00,EUR,Direct,Completed
OL00000764,O0000430,2026-09-02,C00285,P0039,SR012,20,12960.00,0.00,259200.00,EUR,Direct,Completed
OL00000765,O0000430,2026-09-02,C00285,P0019,SR012,1,3200.00,0.05,3040.00,EUR,Direct,Completed
OL00000766,O0000431,2023-07-30,C00211,P0003,SR007,2,8640.00,0.15,14688.00,EUR,Partner,Completed
OL00000767,O0000431,2023-07-30,C00211,P0013,SR007,2,3200.00,0.05,6080.00,EUR,Partner,Completed
OL00000768,O0000432,2024-04-11,C00448,P0043,SR011,4,490.00,0.20,1568.00,EUR,Online,Completed
OL00000769,O0000432,2024-04-11,C00448,P0005,SR011,4,10725.00,0.00,42900.00,EUR,Online,Completed
OL00000770,O0000432,2024-04-11,C00448,P0027,SR011,1,24300.00,0.00,24300.00,EUR,Online,Completed
OL00000771,O0000433,2024-05-16,C00321,P0008,SR007,1,1237.50,0.05,1175.62,EUR,Partner,Completed
OL00000772,O0000434,2026-08-08,C00461,P0023,SR001,2,808.50,0.00,0.00,EUR,Online,Cancelled
OL00000773,O0000435,2023-02-21,C00164,P0066,SR005,5,3375.00,0.00,16875.00,EUR,Direct,Completed
OL00000774,O0000436,2023-11-10,C00388,P0073,SR002,1,9000.00,0.00,9000.00,EUR,Online,Completed
OL00000775,O0000437,2025-04-14,C00005,P0034,SR006,1,490.00,0.15,416.50,EUR,Partner,Completed
OL00000776,O0000437,2025-04-14,C00005,P0011,SR006,1,808.50,0.10,727.65,EUR,Partner,Completed
OL00000777,O0000438,2026-08-13,C00270,P0069,SR002,1,12960.00,0.00,12960.00,EUR,Direct,Completed
OL00000778,O0000439,2023-03-17,C00484,P0032,SR011,4,2970.00,0.00,11880.00,EUR,Partner,Completed
OL00000779,O0000439,2023-03-17,C00484,P0010,SR011,4,3200.00,0.05,12160.00,EUR,Partner,Completed
OL00000780,O0000440,2023-07-12,C00378,P0066,SR009,4,3375.00,0.05,12825.00,EUR,Online,Completed
OL00000781,O0000441,2024-11-02,C00192,P0044,SR008,2,14850.00,0.20,23760.00,EUR,Direct,Completed
OL00000782,O0000441,2024-11-02,C00192,P0027,SR008,2,24300.00,0.10,43740.00,EUR,Direct,Completed
OL00000783,O0000441,2024-11-02,C00192,P0057,SR008,1,6480.00,0.10,5832.00,EUR,Direct,Completed
OL00000784,O0000442,2023-05-19,C00006,P0069,SR010,1,12960.00,0.05,12312.00,EUR,Direct,Completed
OL00000785,O0000442,2023-05-19,C00006,P0014,SR010,3,7920.00,0.00,23760.00,EUR,Direct,Completed
OL00000786,O0000442,2023-05-19,C00006,P0010,SR010,1,3200.00,0.15,2720.00,EUR,Direct,Completed
OL00000787,O0000443,2025-09-26,C00411,P0049,SR003,3,1250.00,0.00,0.00,EUR,Direct,Cancelled
OL00000788,O0000443,2025-09-26,C00411,P0037,SR003,2,4800.00,0.00,0.00,EUR,Direct,Cancelled
OL00000789,O0000444,2024-03-13,C00386,P0044,SR003,1,14850.00,0.15,12622.50,EUR,Direct,Completed
OL00000790,O0000444,2024-03-13,C00386,P0050,SR003,3,2062.50,0.20,4950.00,EUR,Direct,Completed
OL00000791,O0000444,2024-03-13,C00386,P0019,SR003,1,3200.00,0.00,3200.00,EUR,Direct,Completed
OL00000792,O0000445,2026-04-08,C00233,P0059,SR006,1,14850.00,0.00,14850.00,EUR,Online,Completed
OL00000793,O0000445,2026-04-08,C00233,P0047,SR006,3,3960.00,0.15,10098.00,EUR,Online,Completed
OL00000794,O0000446,2023-09-21,C00270,P0054,SR005,3,17550.00,0.20,42120.00,EUR,Online,Completed
OL00000795,O0000446,2023-09-21,C00270,P0050,SR005,2,2062.50,0.00,4125.00,EUR,Online,Completed
OL00000796,O0000446,2023-09-21,C00270,P0009,SR005,1,24300.00,0.05,23085.00,EUR,Online,Completed
OL00000797,O0000447,2023-04-22,C00364,P0036,SR007,2,8640.00,0.00,17280.00,EUR,Partner,Completed
OL00000798,O0000448,2024-08-02,C00185,P0066,SR011,2,3375.00,0.00,6750.00,EUR,Direct,Returned
OL00000799,O0000449,2024-09-22,C00316,P0056,SR012,1,7920.00,0.00,7920.00,EUR,Direct,Completed
OL00000800,O0000449,2024-09-22,C00316,P0032,SR012,4,2970.00,0.00,11880.00,EUR,Direct,Completed
OL00000801,O0000449,2024-09-22,C00316,P0073,SR012,10,9000.00,0.00,90000.00,EUR,Direct,Completed
OL00000802,O0000450,2023-07-24,C00337,P0064,SR012,2,490.00,0.10,882.00,EUR,Partner,Completed
OL00000803,O0000451,2025-07-15,C00149,P0031,SR001,4,6500.00,0.10,23400.00,EUR,Direct,Completed
OL00000804,O0000451,2025-07-15,C00149,P0005,SR001,1,10725.00,0.10,9652.50,EUR,Direct,Completed
OL00000805,O0000451,2025-07-15,C00149,P0035,SR001,2,1237.50,0.00,2475.00,EUR,Direct,Completed
OL00000806,O0000451,2025-07-15,C00149,P0043,SR001,5,490.00,0.10,2205.00,EUR,Direct,Completed
OL00000807,O0000452,2024-07-10,C00479,P0028,SR012,3,750.00,0.10,2025.00,EUR,Direct,Completed
OL00000808,O0000453,2024-08-01,C00453,P0016,SR011,5,490.00,0.05,2327.50,EUR,Partner,Completed
OL00000809,O0000453,2024-08-01,C00453,P0061,SR011,1,3200.00,0.05,3040.00,EUR,Partner,Completed
OL00000810,O0000453,2024-08-01,C00453,P0028,SR011,2,750.00,0.00,1500.00,EUR,Partner,Completed
OL00000811,O0000454,2025-03-17,C00251,P0059,SR002,2,14850.00,0.00,29700.00,EUR,Partner,Completed
OL00000812,O0000455,2024-06-04,C00407,P0073,SR009,2,9000.00,0.15,15300.00,EUR,Direct,Completed
OL00000813,O0000455,2024-06-04,C00407,P0071,SR009,1,808.50,0.05,768.07,EUR,Direct,Completed
OL00000814,O0000455,2024-06-04,C00407,P0048,SR009,3,17550.00,0.00,52650.00,EUR,Direct,Completed
OL00000815,O0000456,2025-01-29,C00214,P0067,SR001,1,2400.00,0.05,2280.00,EUR,Direct,Completed
OL00000816,O0000457,2026-05-31,C00390,P0021,SR007,3,6480.00,0.05,18468.00,EUR,Partner,Returned
OL00000817,O0000458,2023-03-15,C00241,P0002,SR007,1,1633.50,0.15,1388.47,EUR,Direct,Completed
OL00000818,O0000458,2023-03-15,C00241,P0024,SR007,2,3375.00,0.05,6412.50,EUR,Direct,Completed
OL00000819,O0000459,2024-04-01,C00213,P0073,SR008,1,9000.00,0.00,9000.00,EUR,Partner,Completed
OL00000820,O0000460,2024-09-28,C00010,P0021,SR005,1,6480.00,0.20,5184.00,EUR,Direct,Completed
OL00000821,O0000460,2024-09-28,C00010,P0055,SR005,2,490.00,0.15,833.00,EUR,Direct,Completed
OL00000822,O0000461,2024-07-15,C00199,P0052,SR003,2,2400.00,0.05,4560.00,EUR,Direct,Completed
OL00000823,O0000461,2024-07-15,C00199,P0057,SR003,3,6480.00,0.00,19440.00,EUR,Direct,Completed
OL00000824,O0000462,2026-07-05,C00122,P0046,SR001,2,3200.00,0.10,5760.00,EUR,Direct,Completed
OL00000825,O0000463,2026-08-10,C00052,P0040,SR006,3,4800.00,0.00,14400.00,EUR,Online,Completed
OL00000826,O0000464,2025-12-30,C00149,P0011,SR009,2,808.50,0.00,1617.00,EUR,Direct,Completed
OL00000827,O0000464,2025-12-30,C00149,P0028,SR009,2,750.00,0.00,1500.00,EUR,Direct,Completed
OL00000828,O0000465,2024-07-20,C00478,P0001,SR007,1,490.00,0.00,490.00,EUR,Partner,Completed
OL00000829,O0000465,2024-07-20,C00478,P0068,SR007,3,1237.50,0.05,3526.88,EUR,Partner,Completed
OL00000830,O0000466,2023-06-29,C00303,P0050,SR002,1,2062.50,0.10,1856.25,EUR,Partner,Completed
OL00000831,O0000466,2023-06-29,C00303,P0073,SR002,4,9000.00,0.05,34200.00,EUR,Partner,Completed
OL00000832,O0000467,2025-03-13,C00410,P0032,SR001,1,2970.00,0.10,2673.00,EUR,Direct,Completed
OL00000833,O0000467,2025-03-13,C00410,P0053,SR001,4,2062.50,0.20,6600.00,EUR,Direct,Completed
OL00000834,O0000468,2025-10-26,C00058,P0050,SR011,1,2062.50,0.10,1856.25,EUR,Online,Completed
OL00000835,O0000469,2024-11-15,C00449,P0057,SR009,20,6480.00,0.15,110160.00,EUR,Direct,Completed
OL00000836,O0000469,2024-11-15,C00449,P0067,SR009,5,2400.00,0.00,12000.00,EUR,Direct,Completed
OL00000837,O0000470,2023-09-17,C00358,P0043,SR002,3,490.00,0.05,1396.50,EUR,Online,Completed
OL00000838,O0000470,2023-09-17,C00358,P0057,SR002,1,6480.00,0.00,6480.00,EUR,Online,Completed
OL00000839,O0000471,2024-08-17,C00323,P0042,SR001,1,4860.00,0.00,0.00,EUR,Online,Cancelled
OL00000840,O0000471,2024-08-17,C00323,P0004,SR001,1,6500.00,0.20,0.00,EUR,Online,Cancelled
OL00000841,O0000472,2026-07-09,C00147,P0066,SR010,1,3375.00,0.05,0.00,EUR,Direct,Cancelled
OL00000842,O0000473,2024-10-25,C00079,P0048,SR010,1,17550.00,0.00,17550.00,EUR,Direct,Completed
OL00000843,O0000473,2024-10-25,C00079,P0003,SR010,4,8640.00,0.10,31104.00,EUR,Direct,Completed
OL00000844,O0000473,2024-10-25,C00079,P0037,SR010,20,4800.00,0.00,96000.00,EUR,Direct,Completed
OL00000845,O0000474,2026-02-15,C00208,P0058,SR010,1,2400.00,0.05,2280.00,EUR,Partner,Completed
OL00000846,O0000474,2026-02-15,C00208,P0053,SR010,2,2062.50,0.10,3712.50,EUR,Partner,Completed
OL00000847,O0000474,2026-02-15,C00208,P0001,SR010,2,490.00,0.05,931.00,EUR,Partner,Completed
OL00000848,O0000474,2026-02-15,C00208,P0066,SR010,10,3375.00,0.00,33750.00,EUR,Partner,Completed
OL00000849,O0000475,2025-10-12,C00085,P0070,SR002,1,750.00,0.05,712.50,EUR,Direct,Completed
OL00000850,O0000476,2023-06-24,C00103,P0017,SR006,10,5280.00,0.10,47520.00,EUR,Direct,Completed
OL00000851,O0000476,2023-06-24,C00103,P0070,SR006,10,750.00,0.05,7125.00,EUR,Direct,Completed
OL00000852,O0000477,2023-02-27,C00280,P0031,SR007,1,6500.00,0.10,5850.00,EUR,Direct,Completed
OL00000853,O0000477,2023-02-27,C00280,P0037,SR007,2,4800.00,0.10,8640.00,EUR,Direct,Completed
OL00000854,O0000478,2025-03-13,C00016,P0049,SR006,1,1250.00,0.00,1250.00,EUR,Online,Completed
OL00000855,O0000479,2025-01-02,C00129,P0032,SR011,3,2970.00,0.00,8910.00,EUR,Online,Completed
OL00000856,O0000479,2025-01-02,C00129,P0007,SR011,1,9000.00,0.00,9000.00,EUR,Online,Completed
OL00000857,O0000480,2024-09-07,C00163,P0012,SR010,10,17550.00,0.15,149175.00,EUR,Direct,Completed
OL00000858,O0000481,2023-12-07,C00437,P0010,SR006,1,3200.00,0.00,3200.00,EUR,Direct,Completed
OL00000859,O0000481,2023-12-07,C00437,P0065,SR006,2,5280.00,0.05,10032.00,EUR,Direct,Completed
OL00000860,O0000481,2023-12-07,C00437,P0035,SR006,3,1237.50,0.15,3155.62,EUR,Direct,Completed
OL00000861,O0000482,2023-11-16,C00331,P0016,SR005,2,490.00,0.10,882.00,EUR,Online,Completed
OL00000862,O0000482,2023-11-16,C00331,P0039,SR005,3,12960.00,0.00,38880.00,EUR,Online,Completed
OL00000863,O0000483,2023-11-30,C00079,P0005,SR008,3,10725.00,0.20,0.00,EUR,Direct,Cancelled
OL00000864,O0000483,2023-11-30,C00079,P0046,SR008,1,3200.00,0.00,0.00,EUR,Direct,Cancelled
OL00000865,O0000484,2026-03-17,C00072,P0004,SR004,3,6500.00,0.05,18525.00,EUR,Online,Returned
OL00000866,O0000484,2026-03-17,C00072,P0062,SR004,1,7920.00,0.10,7128.00,EUR,Online,Returned
OL00000867,O0000485,2024-01-29,C00015,P0055,SR003,5,490.00,0.00,0.00,EUR,Online,Cancelled
OL00000868,O0000486,2024-05-15,C00272,P0072,SR005,2,2673.00,0.05,5078.70,EUR,Partner,Completed
OL00000869,O0000487,2026-02-05,C00087,P0025,SR006,2,3200.00,0.15,0.00,EUR,Direct,Cancelled
OL00000870,O0000487,2026-02-05,C00087,P0009,SR006,3,24300.00,0.10,0.00,EUR,Direct,Cancelled
OL00000871,O0000488,2024-03-11,C00082,P0036,SR012,4,8640.00,0.20,27648.00,EUR,Online,Completed
OL00000872,O0000488,2024-03-11,C00082,P0061,SR012,4,3200.00,0.00,12800.00,EUR,Online,Completed
OL00000873,O0000488,2024-03-11,C00082,P0043,SR012,1,490.00,0.05,465.50,EUR,Online,Completed
OL00000874,O0000488,2024-03-11,C00082,P0010,SR012,10,3200.00,0.00,32000.00,EUR,Online,Completed
OL00000875,O0000489,2023-07-25,C00163,P0042,SR011,10,4860.00,0.15,41310.00,EUR,Direct,Completed
OL00000876,O0000490,2024-10-24,C00261,P0064,SR012,5,490.00,0.05,2327.50,EUR,Online,Completed
OL00000877,O0000490,2024-10-24,C00261,P0056,SR012,1,7920.00,0.05,7524.00,EUR,Online,Completed
OL00000878,O0000490,2024-10-24,C00261,P0011,SR012,4,808.50,0.05,3072.30,EUR,Online,Completed
OL00000879,O0000491,2025-02-27,C00310,P0039,SR005,20,12960.00,0.00,259200.00,EUR,Partner,Completed
OL00000880,O0000491,2025-02-27,C00310,P0007,SR005,2,9000.00,0.00,18000.00,EUR,Partner,Completed
OL00000881,O0000492,2025-08-07,C00479,P0022,SR010,1,6500.00,0.00,6500.00,EUR,Partner,Completed
OL00000882,O0000493,2023-03-25,C00184,P0071,SR012,3,808.50,0.00,2425.50,EUR,Partner,Completed
OL00000883,O0000494,2023-12-13,C00263,P0070,SR008,1,750.00,0.20,600.00,EUR,Partner,Completed
OL00000884,O0000494,2023-12-13,C00263,P0054,SR008,1,17550.00,0.20,14040.00,EUR,Partner,Completed
OL00000885,O0000494,2023-12-13,C00263,P0052,SR008,10,2400.00,0.10,21600.00,EUR,Partner,Completed
OL00000886,O0000494,2023-12-13,C00263,P0014,SR008,1,7920.00,0.05,7524.00,EUR,Partner,Completed
OL00000887,O0000495,2026-09-02,C00179,P0011,SR006,20,808.50,0.05,15361.50,EUR,Direct,Completed
OL00000888,O0000496,2025-12-24,C00201,P0030,SR010,5,6480.00,0.05,30780.00,EUR,Partner,Completed
OL00000889,O0000496,2025-12-24,C00201,P0041,SR010,4,1237.50,0.00,4950.00,EUR,Partner,Completed
OL00000890,O0000497,2025-03-17,C00172,P0002,SR010,1,1633.50,0.15,1388.47,EUR,Direct,Completed
OL00000891,O0000498,2023-01-05,C00490,P0006,SR002,1,3375.00,0.00,3375.00,EUR,Direct,Completed
OL00000892,O0000499,2023-08-12,C00164,P0069,SR011,3,12960.00,0.00,38880.00,EUR,Direct,Completed
OL00000893,O0000499,2023-08-12,C00164,P0056,SR011,2,7920.00,0.05,15048.00,EUR,Direct,Completed
OL00000894,O0000499,2023-08-12,C00164,P0017,SR011,2,5280.00,0.10,9504.00,EUR,Direct,Completed
OL00000895,O0000500,2024-08-21,C00410,P0055,SR006,1,490.00,0.10,0.00,EUR,Direct,Cancelled
OL00000896,O0000500,2024-08-21,C00410,P0016,SR006,1,490.00,0.00,0.00,EUR,Direct,Cancelled
OL00000897,O0000501,2024-05-05,C00058,P0028,SR007,3,750.00,0.00,2250.00,EUR,Direct,Completed
OL00000898,O0000501,2024-05-05,C00058,P0056,SR007,2,7920.00,0.10,14256.00,EUR,Direct,Completed
OL00000899,O0000502,2024-07-18,C00288,P0005,SR003,1,10725.00,0.00,10725.00,EUR,Partner,Completed
OL00000900,O0000502,2024-07-18,C00288,P0052,SR003,4,2400.00,0.00,9600.00,EUR,Partner,Completed
OL00000901,O0000502,2024-07-18,C00288,P0008,SR003,1,1237.50,0.00,1237.50,EUR,Partner,Completed
OL00000902,O0000502,2024-07-18,C00288,P0075,SR003,4,6480.00,0.05,24624.00,EUR,Partner,Completed
OL00000903,O0000503,2026-06-24,C00123,P0013,SR001,2,3200.00,0.15,5440.00,EUR,Direct,Returned
OL00000904,O0000503,2026-06-24,C00123,P0018,SR001,4,1323.00,0.00,5292.00,EUR,Direct,Returned
OL00000905,O0000503,2026-06-24,C00123,P0055,SR001,1,490.00,0.00,490.00,EUR,Direct,Returned
OL00000906,O0000504,2024-09-25,C00305,P0002,SR008,2,1633.50,0.00,3267.00,EUR,Direct,Completed
OL00000907,O0000504,2024-09-25,C00305,P0057,SR008,5,6480.00,0.00,32400.00,EUR,Direct,Completed
OL00000908,O0000505,2023-01-19,C00272,P0064,SR005,3,490.00,0.05,1396.50,EUR,Online,Returned
OL00000909,O0000506,2025-03-06,C00348,P0021,SR009,1,6480.00,0.00,6480.00,EUR,Direct,Returned
OL00000910,O0000506,2025-03-06,C00348,P0014,SR009,3,7920.00,0.10,21384.00,EUR,Direct,Returned
OL00000911,O0000506,2025-03-06,C00348,P0010,SR009,2,3200.00,0.05,6080.00,EUR,Direct,Returned
OL00000912,O0000507,2026-02-12,C00365,P0008,SR007,1,1237.50,0.05,1175.62,EUR,Direct,Completed
OL00000913,O0000508,2023-07-08,C00440,P0001,SR001,4,490.00,0.00,1960.00,EUR,Direct,Completed
OL00000914,O0000509,2024-10-29,C00466,P0069,SR009,1,12960.00,0.15,11016.00,EUR,Direct,Completed
OL00000915,O0000510,2023-08-12,C00152,P0033,SR009,2,17550.00,0.05,33345.00,EUR,Partner,Completed
OL00000916,O0000511,2024-04-20,C00109,P0062,SR009,4,7920.00,0.10,28512.00,EUR,Direct,Completed
OL00000917,O0000512,2025-09-08,C00208,P0016,SR005,3,490.00,0.10,1323.00,EUR,Direct,Completed
OL00000918,O0000513,2026-04-22,C00300,P0064,SR003,4,490.00,0.00,1960.00,EUR,Partner,Returned
OL00000919,O0000513,2026-04-22,C00300,P0003,SR003,1,8640.00,0.10,7776.00,EUR,Partner,Returned
OL00000920,O0000514,2023-08-06,C00285,P0043,SR007,2,490.00,0.00,980.00,EUR,Direct,Completed
OL00000921,O0000515,2026-07-26,C00275,P0071,SR002,1,808.50,0.20,646.80,EUR,Direct,Completed
OL00000922,O0000516,2023-11-23,C00110,P0051,SR005,2,12960.00,0.00,25920.00,EUR,Direct,Completed
OL00000923,O0000517,2024-05-13,C00166,P0037,SR009,1,4800.00,0.05,0.00,EUR,Online,Cancelled
OL00000924,O0000517,2024-05-13,C00166,P0014,SR009,4,7920.00,0.00,0.00,EUR,Online,Cancelled
OL00000925,O0000518,2025-12-27,C00249,P0067,SR001,4,2400.00,0.05,9120.00,EUR,Direct,Completed
OL00000926,O0000519,2026-02-06,C00323,P0063,SR002,2,12960.00,0.00,25920.00,EUR,Online,Completed
OL00000927,O0000520,2025-07-14,C00443,P0030,SR008,2,6480.00,0.20,10368.00,EUR,Direct,Completed
OL00000928,O0000520,2025-07-14,C00443,P0066,SR008,1,3375.00,0.00,3375.00,EUR,Direct,Completed
OL00000929,O0000521,2025-10-19,C00248,P0074,SR001,2,7920.00,0.10,14256.00,EUR,Direct,Completed
OL00000930,O0000521,2025-10-19,C00248,P0057,SR001,1,6480.00,0.10,5832.00,EUR,Direct,Completed
OL00000931,O0000521,2025-10-19,C00248,P0024,SR001,1,3375.00,0.10,3037.50,EUR,Direct,Completed
OL00000932,O0000522,2023-11-12,C00053,P0022,SR011,1,6500.00,0.00,6500.00,EUR,Direct,Completed
OL00000933,O0000523,2026-05-30,C00003,P0059,SR002,2,14850.00,0.10,26730.00,EUR,Online,Completed
OL00000934,O0000523,2026-05-30,C00003,P0039,SR002,1,12960.00,0.10,11664.00,EUR,Online,Completed
OL00000935,O0000524,2024-09-06,C00026,P0054,SR008,5,17550.00,0.00,87750.00,EUR,Direct,Completed
OL00000936,O0000525,2023-10-03,C00454,P0046,SR012,1,3200.00,0.05,0.00,EUR,Online,Cancelled
OL00000937,O0000525,2023-10-03,C00454,P0005,SR012,1,10725.00,0.00,0.00,EUR,Online,Cancelled
OL00000938,O0000526,2023-02-10,C00435,P0051,SR003,1,12960.00,0.05,12312.00,EUR,Direct,Completed
OL00000939,O0000527,2026-08-14,C00311,P0029,SR007,5,14850.00,0.00,74250.00,EUR,Direct,Completed
OL00000940,O0000527,2026-08-14,C00311,P0027,SR007,1,24300.00,0.00,24300.00,EUR,Direct,Completed
OL00000941,O0000528,2024-05-03,C00060,P0037,SR002,3,4800.00,0.10,12960.00,EUR,Direct,Completed
OL00000942,O0000529,2026-01-14,C00418,P0053,SR012,3,2062.50,0.20,4950.00,EUR,Online,Completed
OL00000943,O0000529,2026-01-14,C00418,P0075,SR012,2,6480.00,0.00,12960.00,EUR,Online,Completed
OL00000944,O0000530,2024-08-04,C00391,P0014,SR011,3,7920.00,0.10,21384.00,EUR,Online,Completed
OL00000945,O0000530,2024-08-04,C00391,P0051,SR011,1,12960.00,0.10,11664.00,EUR,Online,Completed
OL00000946,O0000530,2024-08-04,C00391,P0074,SR011,2,7920.00,0.05,15048.00,EUR,Online,Completed
OL00000947,O0000531,2026-02-07,C00271,P0068,SR007,1,1237.50,0.15,1051.88,EUR,Direct,Completed
OL00000948,O0000532,2023-03-20,C00040,P0041,SR008,1,1237.50,0.10,1113.75,EUR,Partner,Completed
OL00000949,O0000533,2026-04-24,C00097,P0062,SR011,1,7920.00,0.15,6732.00,EUR,Direct,Completed
OL00000950,O0000533,2026-04-24,C00097,P0070,SR011,3,750.00,0.00,2250.00,EUR,Direct,Completed
OL00000951,O0000534,2025-07-25,C00172,P0026,SR008,4,2970.00,0.00,11880.00,EUR,Direct,Completed
OL00000952,O0000534,2025-07-25,C00172,P0053,SR008,2,2062.50,0.10,3712.50,EUR,Direct,Completed
OL00000953,O0000535,2024-03-21,C00031,P0027,SR004,3,24300.00,0.00,72900.00,EUR,Partner,Returned
OL00000954,O0000536,2023-09-27,C00100,P0034,SR009,10,490.00,0.00,4900.00,EUR,Direct,Completed
OL00000955,O0000537,2023-10-08,C00377,P0007,SR004,3,9000.00,0.00,27000.00,EUR,Online,Returned
OL00000956,O0000538,2023-10-22,C00456,P0007,SR008,3,9000.00,0.00,27000.00,EUR,Direct,Completed
OL00000957,O0000539,2023-05-05,C00113,P0012,SR006,5,17550.00,0.10,78975.00,EUR,Direct,Completed
OL00000958,O0000539,2023-05-05,C00113,P0003,SR006,2,8640.00,0.10,15552.00,EUR,Direct,Completed
OL00000959,O0000540,2024-11-07,C00469,P0056,SR001,5,7920.00,0.05,37620.00,EUR,Direct,Completed
OL00000960,O0000541,2026-05-05,C00375,P0019,SR010,10,3200.00,0.10,28800.00,EUR,Direct,Completed
OL00000961,O0000542,2023-04-05,C00198,P0018,SR004,2,1323.00,0.00,2646.00,EUR,Direct,Completed
OL00000962,O0000543,2023-10-25,C00460,P0037,SR002,1,4800.00,0.10,4320.00,EUR,Direct,Completed
OL00000963,O0000543,2023-10-25,C00460,P0032,SR002,10,2970.00,0.10,26730.00,EUR,Direct,Completed
OL00000964,O0000543,2023-10-25,C00460,P0024,SR002,2,3375.00,0.00,6750.00,EUR,Direct,Completed
OL00000965,O0000544,2023-07-21,C00273,P0006,SR012,3,3375.00,0.05,0.00,EUR,Direct,Cancelled
OL00000966,O0000544,2023-07-21,C00273,P0059,SR012,4,14850.00,0.00,0.00,EUR,Direct,Cancelled
OL00000967,O0000545,2024-03-04,C00305,P0010,SR004,2,3200.00,0.05,0.00,EUR,Online,Cancelled
OL00000968,O0000546,2026-07-17,C00383,P0036,SR007,3,8640.00,0.05,24624.00,EUR,Partner,Completed
OL00000969,O0000547,2025-05-04,C00326,P0045,SR010,3,6480.00,0.15,16524.00,EUR,Partner,Completed
OL00000970,O0000548,2025-06-29,C00201,P0032,SR010,20,2970.00,0.00,59400.00,EUR,Online,Returned
OL00000971,O0000548,2025-06-29,C00201,P0051,SR010,1,12960.00,0.00,12960.00,EUR,Online,Returned
OL00000972,O0000549,2024-09-23,C00221,P0069,SR002,2,12960.00,0.10,23328.00,EUR,Direct,Completed
OL00000973,O0000549,2024-09-23,C00221,P0005,SR002,4,10725.00,0.10,38610.00,EUR,Direct,Completed
OL00000974,O0000549,2024-09-23,C00221,P0043,SR002,10,490.00,0.05,4655.00,EUR,Direct,Completed
OL00000975,O0000550,2025-09-12,C00068,P0065,SR005,1,5280.00,0.00,5280.00,EUR,Online,Completed
OL00000976,O0000551,2024-08-17,C00264,P0065,SR003,2,5280.00,0.15,8976.00,EUR,Partner,Completed
OL00000977,O0000552,2024-07-04,C00388,P0071,SR010,2,808.50,0.00,1617.00,EUR,Direct,Completed
OL00000978,O0000552,2024-07-04,C00388,P0003,SR010,1,8640.00,0.00,8640.00,EUR,Direct,Completed
OL00000979,O0000552,2024-07-04,C00388,P0069,SR010,2,12960.00,0.00,25920.00,EUR,Direct,Completed
OL00000980,O0000552,2024-07-04,C00388,P0015,SR010,2,17550.00,0.10,31590.00,EUR,Direct,Completed
OL00000981,O0000553,2026-05-19,C00184,P0031,SR007,3,6500.00,0.10,17550.00,EUR,Online,Completed
OL00000982,O0000553,2026-05-19,C00184,P0010,SR007,1,3200.00,0.05,3040.00,EUR,Online,Completed
OL00000983,O0000554,2026-08-10,C00013,P0010,SR011,1,3200.00,0.10,2880.00,EUR,Direct,Completed
OL00000984,O0000554,2026-08-10,C00013,P0012,SR011,4,17550.00,0.10,63180.00,EUR,Direct,Completed
OL00000985,O0000555,2026-09-02,C00222,P0074,SR006,1,7920.00,0.10,7128.00,EUR,Partner,Completed
OL00000986,O0000556,2025-07-07,C00049,P0012,SR005,20,17550.00,0.05,333450.00,EUR,Partner,Completed
OL00000987,O0000556,2025-07-07,C00049,P0045,SR005,3,6480.00,0.10,17496.00,EUR,Partner,Completed
OL00000988,O0000556,2025-07-07,C00049,P0040,SR005,5,4800.00,0.00,24000.00,EUR,Partner,Completed
OL00000989,O0000557,2025-03-13,C00420,P0007,SR007,2,9000.00,0.00,18000.00,EUR,Direct,Returned
OL00000990,O0000558,2023-11-30,C00470,P0015,SR003,2,17550.00,0.10,31590.00,EUR,Partner,Completed
OL00000991,O0000558,2023-11-30,C00470,P0068,SR003,1,1237.50,0.10,1113.75,EUR,Partner,Completed
OL00000992,O0000559,2025-07-24,C00079,P0050,SR004,1,2062.50,0.00,2062.50,EUR,Direct,Completed
OL00000993,O0000559,2025-07-24,C00079,P0025,SR004,1,3200.00,0.05,3040.00,EUR,Direct,Completed
OL00000994,O0000560,2023-10-04,C00057,P0058,SR012,2,2400.00,0.00,4800.00,EUR,Partner,Completed
OL00000995,O0000560,2023-10-04,C00057,P0017,SR012,5,5280.00,0.20,21120.00,EUR,Partner,Completed
OL00000996,O0000560,2023-10-04,C00057,P0066,SR012,4,3375.00,0.00,13500.00,EUR,Partner,Completed
OL00000997,O0000561,2024-08-29,C00049,P0059,SR001,1,14850.00,0.10,0.00,EUR,Direct,Cancelled
OL00000998,O0000561,2024-08-29,C00049,P0046,SR001,1,3200.00,0.10,0.00,EUR,Direct,Cancelled
OL00000999,O0000561,2024-08-29,C00049,P0063,SR001,3,12960.00,0.05,0.00,EUR,Direct,Cancelled
OL00001000,O0000562,2024-02-13,C00222,P0053,SR012,2,2062.50,0.00,4125.00,EUR,Direct,Completed
OL00001001,O0000563,2025-02-25,C00423,P0048,SR001,1,17550.00,0.00,17550.00,EUR,Partner,Completed
OL00001002,O0000563,2025-02-25,C00423,P0065,SR001,2,5280.00,0.10,9504.00,EUR,Partner,Completed
OL00001003,O0000564,2025-03-20,C00052,P0061,SR006,2,3200.00,0.10,5760.00,EUR,Direct,Completed
OL00001004,O0000564,2025-03-20,C00052,P0035,SR006,20,1237.50,0.10,22275.00,EUR,Direct,Completed
OL00001005,O0000564,2025-03-20,C00052,P0005,SR006,2,10725.00,0.00,21450.00,EUR,Direct,Completed
OL00001006,O0000565,2025-08-20,C00459,P0052,SR006,1,2400.00,0.10,2160.00,EUR,Direct,Completed
OL00001007,O0000566,2024-09-16,C00160,P0050,SR002,4,2062.50,0.10,7425.00,EUR,Direct,Completed
OL00001008,O0000567,2023-09-05,C00499,P0075,SR001,5,6480.00,0.10,29160.00,EUR,Direct,Completed
OL00001009,O0000568,2024-02-06,C00471,P0004,SR008,4,6500.00,0.20,20800.00,EUR,Direct,Completed
OL00001010,O0000568,2024-02-06,C00471,P0019,SR008,2,3200.00,0.05,6080.00,EUR,Direct,Completed
OL00001011,O0000568,2024-02-06,C00471,P0063,SR008,4,12960.00,0.00,51840.00,EUR,Direct,Completed
OL00001012,O0000569,2024-11-04,C00054,P0054,SR006,1,17550.00,0.15,14917.50,EUR,Direct,Completed
OL00001013,O0000569,2024-11-04,C00054,P0053,SR006,1,2062.50,0.15,1753.12,EUR,Direct,Completed
OL00001014,O0000570,2026-04-13,C00156,P0005,SR005,4,10725.00,0.10,38610.00,EUR,Direct,Completed
OL00001015,O0000570,2026-04-13,C00156,P0073,SR005,3,9000.00,0.05,25650.00,EUR,Direct,Completed
OL00001016,O0000570,2026-04-13,C00156,P0033,SR005,20,17550.00,0.10,315900.00,EUR,Direct,Completed
OL00001017,O0000570,2026-04-13,C00156,P0029,SR005,5,14850.00,0.05,70537.50,EUR,Direct,Completed
OL00001018,O0000571,2023-04-07,C00360,P0036,SR001,4,8640.00,0.20,27648.00,EUR,Partner,Completed
OL00001019,O0000571,2023-04-07,C00360,P0014,SR001,2,7920.00,0.00,15840.00,EUR,Partner,Completed
OL00001020,O0000572,2023-03-17,C00081,P0039,SR011,1,12960.00,0.05,12312.00,EUR,Partner,Completed
OL00001021,O0000572,2023-03-17,C00081,P0010,SR011,2,3200.00,0.00,6400.00,EUR,Partner,Completed
OL00001022,O0000572,2023-03-17,C00081,P0042,SR011,1,4860.00,0.00,4860.00,EUR,Partner,Completed
OL00001023,O0000573,2024-02-06,C00364,P0016,SR007,2,490.00,0.10,882.00,EUR,Partner,Completed
OL00001024,O0000573,2024-02-06,C00364,P0066,SR007,3,3375.00,0.20,8100.00,EUR,Partner,Completed
OL00001025,O0000574,2025-10-23,C00272,P0025,SR008,1,3200.00,0.00,3200.00,EUR,Direct,Completed
OL00001026,O0000574,2025-10-23,C00272,P0070,SR008,1,750.00,0.10,675.00,EUR,Direct,Completed
OL00001027,O0000574,2025-10-23,C00272,P0049,SR008,5,1250.00,0.00,6250.00,EUR,Direct,Completed
OL00001028,O0000575,2025-11-23,C00115,P0048,SR006,10,17550.00,0.20,140400.00,EUR,Partner,Completed
OL00001029,O0000575,2025-11-23,C00115,P0032,SR006,3,2970.00,0.00,8910.00,EUR,Partner,Completed
OL00001030,O0000576,2025-05-06,C00462,P0034,SR010,1,490.00,0.00,490.00,EUR,Partner,Completed
OL00001031,O0000577,2025-02-13,C00133,P0050,SR002,2,2062.50,0.00,4125.00,EUR,Direct,Completed
OL00001032,O0000577,2025-02-13,C00133,P0046,SR002,3,3200.00,0.10,8640.00,EUR,Direct,Completed
OL00001033,O0000577,2025-02-13,C00133,P0025,SR002,20,3200.00,0.00,64000.00,EUR,Direct,Completed
OL00001034,O0000578,2026-06-19,C00248,P0054,SR003,1,17550.00,0.05,16672.50,EUR,Online,Completed
OL00001035,O0000579,2023-03-15,C00203,P0072,SR003,1,2673.00,0.05,2539.35,EUR,Partner,Completed
OL00001036,O0000579,2023-03-15,C00203,P0014,SR003,2,7920.00,0.15,13464.00,EUR,Partner,Completed
OL00001037,O0000580,2024-02-16,C00361,P0001,SR002,2,490.00,0.00,980.00,EUR,Direct,Completed
OL00001038,O0000580,2024-02-16,C00361,P0051,SR002,3,12960.00,0.00,38880.00,EUR,Direct,Completed
OL00001039,O0000580,2024-02-16,C00361,P0029,SR002,5,14850.00,0.00,74250.00,EUR,Direct,Completed
OL00001040,O0000580,2024-02-16,C00361,P0065,SR002,1,5280.00,0.20,4224.00,EUR,Direct,Completed
OL00001041,O0000581,2025-01-11,C00268,P0038,SR012,1,2970.00,0.00,2970.00,EUR,Direct,Completed
OL00001042,O0000582,2023-06-27,C00317,P0069,SR009,3,12960.00,0.00,38880.00,EUR,Partner,Completed
OL00001043,O0000583,2025-03-01,C00155,P0062,SR007,2,7920.00,0.00,15840.00,EUR,Partner,Completed
OL00001044,O0000584,2026-01-06,C00390,P0011,SR007,2,808.50,0.05,1536.15,EUR,Direct,Completed
OL00001045,O0000584,2026-01-06,C00390,P0047,SR007,3,3960.00,0.00,11880.00,EUR,Direct,Completed
OL00001046,O0000584,2026-01-06,C00390,P0029,SR007,2,14850.00,0.10,26730.00,EUR,Direct,Completed
OL00001047,O0000585,2025-08-14,C00112,P0035,SR005,4,1237.50,0.05,4702.50,EUR,Direct,Completed
OL00001048,O0000586,2025-05-05,C00352,P0023,SR001,1,808.50,0.10,727.65,EUR,Partner,Completed
OL00001049,O0000586,2025-05-05,C00352,P0049,SR001,2,1250.00,0.05,2375.00,EUR,Partner,Completed
OL00001050,O0000586,2025-05-05,C00352,P0011,SR001,10,808.50,0.00,8085.00,EUR,Partner,Completed
OL00001051,O0000587,2024-02-20,C00244,P0012,SR006,2,17550.00,0.00,35100.00,EUR,Partner,Completed
OL00001052,O0000587,2024-02-20,C00244,P0022,SR006,2,6500.00,0.05,12350.00,EUR,Partner,Completed
OL00001053,O0000588,2024-10-15,C00408,P0005,SR004,1,10725.00,0.20,8580.00,EUR,Direct,Completed
OL00001054,O0000589,2026-06-30,C00040,P0071,SR006,3,808.50,0.00,2425.50,EUR,Direct,Returned
OL00001055,O0000590,2023-03-29,C00428,P0042,SR012,5,4860.00,0.10,21870.00,EUR,Direct,Completed
OL00001056,O0000590,2023-03-29,C00428,P0073,SR012,5,9000.00,0.15,38250.00,EUR,Direct,Completed
OL00001057,O0000590,2023-03-29,C00428,P0006,SR012,4,3375.00,0.05,12825.00,EUR,Direct,Completed
OL00001058,O0000591,2025-12-08,C00315,P0020,SR005,1,14850.00,0.00,0.00,EUR,Direct,Cancelled
OL00001059,O0000591,2025-12-08,C00315,P0054,SR005,2,17550.00,0.05,0.00,EUR,Direct,Cancelled
OL00001060,O0000591,2025-12-08,C00315,P0050,SR005,2,2062.50,0.20,0.00,EUR,Direct,Cancelled
OL00001061,O0000592,2026-04-09,C00179,P0029,SR009,1,14850.00,0.00,14850.00,EUR,Partner,Completed
OL00001062,O0000593,2025-09-07,C00298,P0023,SR009,3,808.50,0.15,2061.67,EUR,Direct,Completed
OL00001063,O0000593,2025-09-07,C00298,P0060,SR009,5,17550.00,0.20,70200.00,EUR,Direct,Completed
OL00001064,O0000594,2023-01-13,C00311,P0075,SR002,2,6480.00,0.00,12960.00,EUR,Direct,Completed
OL00001065,O0000594,2023-01-13,C00311,P0011,SR002,1,808.50,0.00,808.50,EUR,Direct,Completed
OL00001066,O0000594,2023-01-13,C00311,P0037,SR002,10,4800.00,0.15,40800.00,EUR,Direct,Completed
OL00001067,O0000595,2024-10-15,C00439,P0023,SR004,2,808.50,0.10,1455.30,EUR,Direct,Completed
OL00001068,O0000595,2024-10-15,C00439,P0002,SR004,2,1633.50,0.15,2776.95,EUR,Direct,Completed
OL00001069,O0000596,2025-12-01,C00263,P0029,SR003,1,14850.00,0.10,0.00,EUR,Direct,Cancelled
OL00001070,O0000597,2024-11-05,C00498,P0052,SR005,2,2400.00,0.00,4800.00,EUR,Partner,Completed
OL00001071,O0000597,2024-11-05,C00498,P0046,SR005,10,3200.00,0.15,27200.00,EUR,Partner,Completed
OL00001072,O0000598,2025-06-06,C00137,P0050,SR003,2,2062.50,0.15,3506.25,EUR,Direct,Completed
OL00001073,O0000598,2025-06-06,C00137,P0060,SR003,3,17550.00,0.05,50017.50,EUR,Direct,Completed
OL00001074,O0000599,2024-07-13,C00008,P0046,SR003,3,3200.00,0.05,9120.00,EUR,Direct,Completed
OL00001075,O0000600,2025-08-18,C00207,P0061,SR008,10,3200.00,0.15,27200.00,EUR,Partner,Completed
OL00001076,O0000601,2025-03-21,C00477,P0013,SR004,2,3200.00,0.00,6400.00,EUR,Direct,Completed
OL00001077,O0000602,2024-04-25,C00210,P0028,SR008,1,750.00,0.20,600.00,EUR,Direct,Completed
OL00001078,O0000602,2024-04-25,C00210,P0067,SR008,1,2400.00,0.10,2160.00,EUR,Direct,Completed
OL00001079,O0000603,2024-01-02,C00169,P0014,SR007,2,7920.00,0.00,15840.00,EUR,Online,Completed
OL00001080,O0000603,2024-01-02,C00169,P0008,SR007,1,1237.50,0.05,1175.62,EUR,Online,Completed
OL00001081,O0000604,2025-09-28,C00306,P0030,SR011,3,6480.00,0.00,19440.00,EUR,Direct,Completed
OL00001082,O0000605,2026-09-19,C00482,P0031,SR009,2,6500.00,0.05,12350.00,EUR,Online,Completed
OL00001083,O0000606,2025-10-20,C00060,P0047,SR009,1,3960.00,0.05,3762.00,EUR,Partner,Returned
OL00001084,O0000607,2025-02-26,C00398,P0054,SR002,1,17550.00,0.00,17550.00,EUR,Direct,Completed
OL00001085,O0000608,2024-11-18,C00059,P0017,SR002,1,5280.00,0.10,4752.00,EUR,Direct,Completed
OL00001086,O0000608,2024-11-18,C00059,P0007,SR002,4,9000.00,0.05,34200.00,EUR,Direct,Completed
OL00001087,O0000609,2025-09-10,C00227,P0031,SR006,2,6500.00,0.05,0.00,EUR,Direct,Cancelled
OL00001088,O0000609,2025-09-10,C00227,P0050,SR006,3,2062.50,0.05,0.00,EUR,Direct,Cancelled
OL00001089,O0000610,2026-08-14,C00141,P0042,SR007,1,4860.00,0.00,4860.00,EUR,Partner,Completed
OL00001090,O0000610,2026-08-14,C00141,P0047,SR007,1,3960.00,0.00,3960.00,EUR,Partner,Completed
OL00001091,O0000611,2024-12-05,C00259,P0062,SR006,2,7920.00,0.15,13464.00,EUR,Direct,Completed
OL00001092,O0000612,2026-04-25,C00036,P0071,SR009,3,808.50,0.00,2425.50,EUR,Online,Completed
OL00001093,O0000612,2026-04-25,C00036,P0026,SR009,20,2970.00,0.00,59400.00,EUR,Online,Completed
OL00001094,O0000613,2023-01-18,C00496,P0014,SR006,3,7920.00,0.00,0.00,EUR,Online,Cancelled
OL00001095,O0000613,2023-01-18,C00496,P0075,SR006,1,6480.00,0.00,0.00,EUR,Online,Cancelled
OL00001096,O0000614,2024-10-30,C00290,P0054,SR006,10,17550.00,0.10,157950.00,EUR,Direct,Completed
OL00001097,O0000615,2024-03-14,C00292,P0007,SR012,2,9000.00,0.00,18000.00,EUR,Direct,Completed
OL00001098,O0000616,2025-01-08,C00407,P0020,SR009,1,14850.00,0.00,14850.00,EUR,Direct,Completed
OL00001099,O0000617,2023-02-17,C00394,P0019,SR010,1,3200.00,0.05,3040.00,EUR,Direct,Completed
OL00001100,O0000618,2026-05-28,C00394,P0012,SR008,2,17550.00,0.10,31590.00,EUR,Partner,Completed
OL00001101,O0000618,2026-05-28,C00394,P0016,SR008,4,490.00,0.05,1862.00,EUR,Partner,Completed
OL00001102,O0000619,2024-03-24,C00338,P0021,SR001,3,6480.00,0.00,19440.00,EUR,Direct,Completed
OL00001103,O0000619,2024-03-24,C00338,P0015,SR001,4,17550.00,0.10,63180.00,EUR,Direct,Completed
OL00001104,O0000620,2025-03-26,C00333,P0019,SR004,2,3200.00,0.10,5760.00,EUR,Partner,Completed
OL00001105,O0000621,2024-09-26,C00266,P0066,SR010,1,3375.00,0.10,3037.50,EUR,Direct,Completed
OL00001106,O0000622,2026-01-14,C00112,P0049,SR004,1,1250.00,0.10,1125.00,EUR,Direct,Completed
OL00001107,O0000623,2024-03-15,C00243,P0006,SR003,3,3375.00,0.10,9112.50,EUR,Direct,Completed
OL00001108,O0000623,2024-03-15,C00243,P0062,SR003,2,7920.00,0.00,15840.00,EUR,Direct,Completed
OL00001109,O0000623,2024-03-15,C00243,P0003,SR003,2,8640.00,0.05,16416.00,EUR,Direct,Completed
OL00001110,O0000624,2025-10-30,C00373,P0064,SR009,4,490.00,0.00,1960.00,EUR,Online,Completed
OL00001111,O0000624,2025-10-30,C00373,P0012,SR009,10,17550.00,0.05,166725.00,EUR,Online,Completed
OL00001112,O0000625,2025-01-13,C00170,P0013,SR006,3,3200.00,0.10,8640.00,EUR,Direct,Completed
OL00001113,O0000625,2025-01-13,C00170,P0046,SR006,3,3200.00,0.15,8160.00,EUR,Direct,Completed
OL00001114,O0000626,2025-11-27,C00402,P0060,SR010,4,17550.00,0.10,63180.00,EUR,Direct,Completed
OL00001115,O0000627,2023-04-28,C00025,P0032,SR012,3,2970.00,0.00,8910.00,EUR,Direct,Completed
OL00001116,O0000627,2023-04-28,C00025,P0022,SR012,2,6500.00,0.00,13000.00,EUR,Direct,Completed
OL00001117,O0000628,2024-08-06,C00180,P0019,SR012,5,3200.00,0.10,14400.00,EUR,Partner,Completed
OL00001118,O0000628,2024-08-06,C00180,P0073,SR012,5,9000.00,0.15,38250.00,EUR,Partner,Completed
OL00001119,O0000629,2026-01-25,C00005,P0052,SR008,20,2400.00,0.00,48000.00,EUR,Partner,Completed
OL00001120,O0000629,2026-01-25,C00005,P0004,SR008,2,6500.00,0.15,11050.00,EUR,Partner,Completed
OL00001121,O0000629,2026-01-25,C00005,P0072,SR008,1,2673.00,0.10,2405.70,EUR,Partner,Completed
OL00001122,O0000630,2025-04-05,C00268,P0064,SR003,1,490.00,0.10,441.00,EUR,Direct,Completed
OL00001123,O0000630,2025-04-05,C00268,P0069,SR003,2,12960.00,0.00,25920.00,EUR,Direct,Completed
OL00001124,O0000631,2024-07-31,C00360,P0015,SR005,1,17550.00,0.10,15795.00,EUR,Partner,Completed
OL00001125,O0000632,2024-10-04,C00385,P0044,SR007,4,14850.00,0.00,59400.00,EUR,Online,Completed
OL00001126,O0000633,2026-05-10,C00487,P0009,SR004,2,24300.00,0.10,43740.00,EUR,Direct,Completed
OL00001127,O0000633,2026-05-10,C00487,P0005,SR004,5,10725.00,0.10,48262.50,EUR,Direct,Completed
OL00001128,O0000634,2023-12-10,C00373,P0033,SR005,1,17550.00,0.20,14040.00,EUR,Direct,Completed
OL00001129,O0000635,2024-05-30,C00346,P0075,SR009,2,6480.00,0.05,12312.00,EUR,Direct,Completed
OL00001130,O0000635,2024-05-30,C00346,P0072,SR009,2,2673.00,0.00,5346.00,EUR,Direct,Completed
OL00001131,O0000635,2024-05-30,C00346,P0047,SR009,1,3960.00,0.05,3762.00,EUR,Direct,Completed
OL00001132,O0000636,2023-07-01,C00377,P0036,SR002,2,8640.00,0.00,17280.00,EUR,Direct,Completed
OL00001133,O0000637,2025-09-28,C00154,P0042,SR010,1,4860.00,0.10,4374.00,EUR,Direct,Completed
OL00001134,O0000637,2025-09-28,C00154,P0049,SR010,1,1250.00,0.00,1250.00,EUR,Direct,Completed
OL00001135,O0000638,2023-05-02,C00034,P0012,SR009,1,17550.00,0.00,0.00,EUR,Direct,Cancelled
OL00001136,O0000639,2026-07-24,C00116,P0034,SR009,1,490.00,0.00,490.00,EUR,Online,Completed
OL00001137,O0000639,2026-07-24,C00116,P0032,SR009,2,2970.00,0.00,5940.00,EUR,Online,Completed
OL00001138,O0000639,2026-07-24,C00116,P0065,SR009,3,5280.00,0.15,13464.00,EUR,Online,Completed
OL00001139,O0000640,2024-06-28,C00032,P0018,SR006,1,1323.00,0.10,1190.70,EUR,Partner,Completed
OL00001140,O0000641,2025-11-14,C00490,P0038,SR011,2,2970.00,0.00,5940.00,EUR,Direct,Completed
OL00001141,O0000641,2025-11-14,C00490,P0061,SR011,1,3200.00,0.05,3040.00,EUR,Direct,Completed
OL00001142,O0000641,2025-11-14,C00490,P0040,SR011,2,4800.00,0.00,9600.00,EUR,Direct,Completed
OL00001143,O0000642,2025-02-08,C00137,P0033,SR002,3,17550.00,0.00,52650.00,EUR,Direct,Completed
OL00001144,O0000643,2026-06-26,C00226,P0026,SR006,1,2970.00,0.00,2970.00,EUR,Online,Completed
OL00001145,O0000644,2024-08-12,C00024,P0064,SR006,20,490.00,0.00,9800.00,EUR,Direct,Completed
OL00001146,O0000645,2026-05-07,C00371,P0071,SR006,1,808.50,0.05,768.07,EUR,Direct,Completed
OL00001147,O0000646,2024-02-07,C00272,P0018,SR002,20,1323.00,0.00,26460.00,EUR,Partner,Completed
OL00001148,O0000647,2023-07-11,C00405,P0047,SR011,3,3960.00,0.10,10692.00,EUR,Direct,Completed
OL00001149,O0000647,2023-07-11,C00405,P0013,SR011,4,3200.00,0.05,12160.00,EUR,Direct,Completed
OL00001150,O0000648,2023-03-30,C00027,P0056,SR001,1,7920.00,0.00,7920.00,EUR,Direct,Completed
OL00001151,O0000649,2024-07-27,C00155,P0035,SR002,1,1237.50,0.10,1113.75,EUR,Online,Completed
OL00001152,O0000649,2024-07-27,C00155,P0055,SR002,20,490.00,0.20,7840.00,EUR,Online,Completed
OL00001153,O0000650,2024-07-20,C00187,P0019,SR012,3,3200.00,0.00,0.00,EUR,Partner,Cancelled
OL00001154,O0000650,2024-07-20,C00187,P0035,SR012,1,1237.50,0.00,0.00,EUR,Partner,Cancelled
OL00001155,O0000650,2024-07-20,C00187,P0041,SR012,2,1237.50,0.15,0.00,EUR,Partner,Cancelled
OL00001156,O0000651,2023-04-27,C00044,P0064,SR002,2,490.00,0.05,931.00,EUR,Direct,Completed
OL00001157,O0000652,2025-10-17,C00153,P0015,SR012,2,17550.00,0.00,35100.00,EUR,Online,Completed
OL00001158,O0000652,2025-10-17,C00153,P0047,SR012,1,3960.00,0.00,3960.00,EUR,Online,Completed
OL00001159,O0000653,2024-04-27,C00130,P0021,SR007,1,6480.00,0.00,6480.00,EUR,Direct,Completed
OL00001160,O0000653,2024-04-27,C00130,P0032,SR007,1,2970.00,0.20,2376.00,EUR,Direct,Completed
OL00001161,O0000654,2024-09-09,C00216,P0039,SR009,2,12960.00,0.20,20736.00,EUR,Direct,Completed
OL00001162,O0000655,2025-01-12,C00406,P0061,SR011,10,3200.00,0.10,28800.00,EUR,Direct,Completed
OL00001163,O0000655,2025-01-12,C00406,P0037,SR011,2,4800.00,0.00,9600.00,EUR,Direct,Completed
OL00001164,O0000656,2025-09-10,C00291,P0051,SR006,2,12960.00,0.05,24624.00,EUR,Direct,Returned
OL00001165,O0000656,2025-09-10,C00291,P0018,SR006,3,1323.00,0.00,3969.00,EUR,Direct,Returned
OL00001166,O0000657,2026-05-14,C00263,P0011,SR009,1,808.50,0.05,768.07,EUR,Online,Completed
OL00001167,O0000658,2026-04-25,C00132,P0026,SR007,4,2970.00,0.05,11286.00,EUR,Direct,Completed
OL00001168,O0000658,2026-04-25,C00132,P0033,SR007,5,17550.00,0.10,78975.00,EUR,Direct,Completed
OL00001169,O0000658,2026-04-25,C00132,P0012,SR007,4,17550.00,0.00,70200.00,EUR,Direct,Completed
OL00001170,O0000659,2026-03-17,C00101,P0015,SR005,3,17550.00,0.00,52650.00,EUR,Partner,Completed
OL00001171,O0000659,2026-03-17,C00101,P0027,SR005,2,24300.00,0.10,43740.00,EUR,Partner,Completed
OL00001172,O0000659,2026-03-17,C00101,P0004,SR005,5,6500.00,0.05,30875.00,EUR,Partner,Completed
OL00001173,O0000659,2026-03-17,C00101,P0010,SR005,4,3200.00,0.00,12800.00,EUR,Partner,Completed
OL00001174,O0000660,2024-06-09,C00236,P0066,SR011,1,3375.00,0.10,3037.50,EUR,Direct,Completed
OL00001175,O0000660,2024-06-09,C00236,P0069,SR011,1,12960.00,0.10,11664.00,EUR,Direct,Completed
OL00001176,O0000661,2026-05-14,C00097,P0058,SR012,2,2400.00,0.15,4080.00,EUR,Direct,Completed
OL00001177,O0000661,2026-05-14,C00097,P0008,SR012,2,1237.50,0.05,2351.25,EUR,Direct,Completed
OL00001178,O0000661,2026-05-14,C00097,P0036,SR012,1,8640.00,0.00,8640.00,EUR,Direct,Completed
OL00001179,O0000662,2025-04-12,C00413,P0050,SR012,1,2062.50,0.00,2062.50,EUR,Partner,Returned
OL00001180,O0000662,2025-04-12,C00413,P0013,SR012,4,3200.00,0.00,12800.00,EUR,Partner,Returned
OL00001181,O0000663,2026-06-20,C00376,P0058,SR006,4,2400.00,0.05,9120.00,EUR,Partner,Completed
OL00001182,O0000663,2026-06-20,C00376,P0003,SR006,1,8640.00,0.10,7776.00,EUR,Partner,Completed
OL00001183,O0000663,2026-06-20,C00376,P0065,SR006,2,5280.00,0.00,10560.00,EUR,Partner,Completed
OL00001184,O0000664,2025-05-20,C00500,P0035,SR007,2,1237.50,0.00,2475.00,EUR,Direct,Returned
OL00001185,O0000664,2025-05-20,C00500,P0015,SR007,3,17550.00,0.00,52650.00,EUR,Direct,Returned
OL00001186,O0000665,2024-05-17,C00173,P0013,SR001,1,3200.00,0.00,3200.00,EUR,Partner,Completed
OL00001187,O0000665,2024-05-17,C00173,P0009,SR001,1,24300.00,0.00,24300.00,EUR,Partner,Completed
OL00001188,O0000666,2026-02-23,C00473,P0065,SR005,1,5280.00,0.05,0.00,EUR,Online,Cancelled
OL00001189,O0000666,2026-02-23,C00473,P0060,SR005,4,17550.00,0.05,0.00,EUR,Online,Cancelled
OL00001190,O0000666,2026-02-23,C00473,P0074,SR005,2,7920.00,0.15,0.00,EUR,Online,Cancelled
OL00001191,O0000667,2024-03-28,C00308,P0035,SR001,2,1237.50,0.00,2475.00,EUR,Direct,Completed
OL00001192,O0000668,2023-12-16,C00037,P0029,SR001,1,14850.00,0.00,14850.00,EUR,Partner,Completed
OL00001193,O0000669,2024-08-10,C00022,P0052,SR011,1,2400.00,0.00,2400.00,EUR,Online,Returned
OL00001194,O0000669,2024-08-10,C00022,P0055,SR011,1,490.00,0.00,490.00,EUR,Online,Returned
OL00001195,O0000669,2024-08-10,C00022,P0021,SR011,10,6480.00,0.10,58320.00,EUR,Online,Returned
OL00001196,O0000669,2024-08-10,C00022,P0034,SR011,1,490.00,0.00,490.00,EUR,Online,Returned
OL00001197,O0000670,2024-02-20,C00484,P0046,SR004,1,3200.00,0.10,2880.00,EUR,Direct,Completed
OL00001198,O0000671,2025-12-06,C00361,P0047,SR001,1,3960.00,0.05,3762.00,EUR,Partner,Completed
OL00001199,O0000671,2025-12-06,C00361,P0058,SR001,1,2400.00,0.10,2160.00,EUR,Partner,Completed
OL00001200,O0000672,2024-11-16,C00086,P0046,SR010,1,3200.00,0.05,3040.00,EUR,Partner,Completed
OL00001201,O0000672,2024-11-16,C00086,P0068,SR010,2,1237.50,0.00,2475.00,EUR,Partner,Completed
OL00001202,O0000673,2026-08-02,C00116,P0019,SR012,2,3200.00,0.00,6400.00,EUR,Partner,Completed
OL00001203,O0000674,2026-06-27,C00056,P0031,SR010,2,6500.00,0.05,12350.00,EUR,Partner,Completed
OL00001204,O0000675,2024-05-22,C00491,P0007,SR011,1,9000.00,0.15,7650.00,EUR,Direct,Completed
OL00001205,O0000675,2024-05-22,C00491,P0065,SR011,1,5280.00,0.00,5280.00,EUR,Direct,Completed
OL00001206,O0000676,2024-11-29,C00130,P0010,SR004,4,3200.00,0.15,10880.00,EUR,Direct,Completed
OL00001207,O0000677,2023-07-27,C00318,P0025,SR001,10,3200.00,0.00,32000.00,EUR,Direct,Completed
OL00001208,O0000677,2023-07-27,C00318,P0028,SR001,1,750.00,0.10,675.00,EUR,Direct,Completed
OL00001209,O0000677,2023-07-27,C00318,P0069,SR001,2,12960.00,0.05,24624.00,EUR,Direct,Completed
OL00001210,O0000678,2024-04-02,C00244,P0036,SR009,1,8640.00,0.15,7344.00,EUR,Direct,Completed
OL00001211,O0000678,2024-04-02,C00244,P0048,SR009,3,17550.00,0.15,44752.50,EUR,Direct,Completed
OL00001212,O0000679,2023-09-16,C00491,P0011,SR011,2,808.50,0.05,1536.15,EUR,Direct,Completed
OL00001213,O0000679,2023-09-16,C00491,P0043,SR011,1,490.00,0.20,392.00,EUR,Direct,Completed
OL00001214,O0000679,2023-09-16,C00491,P0071,SR011,1,808.50,0.05,768.07,EUR,Direct,Completed
OL00001215,O0000679,2023-09-16,C00491,P0046,SR011,1,3200.00,0.05,3040.00,EUR,Direct,Completed
OL00001216,O0000680,2024-08-22,C00156,P0052,SR012,2,2400.00,0.05,4560.00,EUR,Online,Completed
OL00001217,O0000680,2024-08-22,C00156,P0024,SR012,1,3375.00,0.00,3375.00,EUR,Online,Completed
OL00001218,O0000680,2024-08-22,C00156,P0029,SR012,2,14850.00,0.15,25245.00,EUR,Online,Completed
OL00001219,O0000681,2024-06-09,C00051,P0074,SR002,1,7920.00,0.10,7128.00,EUR,Online,Completed
OL00001220,O0000682,2024-10-26,C00477,P0045,SR007,5,6480.00,0.05,30780.00,EUR,Direct,Completed
OL00001221,O0000682,2024-10-26,C00477,P0062,SR007,3,7920.00,0.00,23760.00,EUR,Direct,Completed
OL00001222,O0000683,2025-11-03,C00219,P0071,SR006,3,808.50,0.00,2425.50,EUR,Partner,Completed
OL00001223,O0000684,2026-06-22,C00313,P0025,SR012,3,3200.00,0.00,9600.00,EUR,Direct,Returned
OL00001224,O0000685,2024-04-24,C00312,P0057,SR006,2,6480.00,0.10,11664.00,EUR,Direct,Completed
OL00001225,O0000686,2024-06-19,C00136,P0028,SR002,1,750.00,0.15,637.50,EUR,Direct,Completed
OL00001226,O0000686,2024-06-19,C00136,P0039,SR002,1,12960.00,0.00,12960.00,EUR,Direct,Completed
OL00001227,O0000686,2024-06-19,C00136,P0048,SR002,1,17550.00,0.10,15795.00,EUR,Direct,Completed
OL00001228,O0000686,2024-06-19,C00136,P0006,SR002,1,3375.00,0.00,3375.00,EUR,Direct,Completed
OL00001229,O0000687,2025-05-05,C00235,P0068,SR006,2,1237.50,0.15,2103.75,EUR,Online,Completed
OL00001230,O0000688,2024-12-26,C00270,P0060,SR005,3,17550.00,0.10,47385.00,EUR,Partner,Completed
OL00001231,O0000689,2024-06-25,C00326,P0008,SR011,2,1237.50,0.00,2475.00,EUR,Direct,Completed
OL00001232,O0000689,2024-06-25,C00326,P0030,SR011,1,6480.00,0.15,5508.00,EUR,Direct,Completed
OL00001233,O0000690,2025-07-07,C00235,P0064,SR001,2,490.00,0.10,0.00,EUR,Direct,Cancelled
OL00001234,O0000690,2025-07-07,C00235,P0050,SR001,2,2062.50,0.00,0.00,EUR,Direct,Cancelled
OL00001235,O0000691,2025-07-03,C00045,P0030,SR001,4,6480.00,0.00,25920.00,EUR,Direct,Completed
OL00001236,O0000691,2025-07-03,C00045,P0038,SR001,2,2970.00,0.20,4752.00,EUR,Direct,Completed
OL00001237,O0000692,2024-11-27,C00193,P0028,SR008,3,750.00,0.10,2025.00,EUR,Direct,Completed
OL00001238,O0000692,2024-11-27,C00193,P0025,SR008,4,3200.00,0.10,11520.00,EUR,Direct,Completed
OL00001239,O0000692,2024-11-27,C00193,P0065,SR008,3,5280.00,0.00,15840.00,EUR,Direct,Completed
OL00001240,O0000693,2023-05-28,C00465,P0064,SR003,1,490.00,0.00,490.00,EUR,Partner,Completed
OL00001241,O0000693,2023-05-28,C00465,P0067,SR003,3,2400.00,0.05,6840.00,EUR,Partner,Completed
OL00001242,O0000694,2025-04-13,C00162,P0058,SR011,5,2400.00,0.00,12000.00,EUR,Partner,Returned
OL00001243,O0000694,2025-04-13,C00162,P0043,SR011,2,490.00,0.20,784.00,EUR,Partner,Returned
OL00001244,O0000694,2025-04-13,C00162,P0029,SR011,2,14850.00,0.00,29700.00,EUR,Partner,Returned
OL00001245,O0000695,2025-02-06,C00240,P0039,SR010,1,12960.00,0.00,12960.00,EUR,Direct,Completed
OL00001246,O0000696,2023-12-09,C00305,P0056,SR006,1,7920.00,0.20,6336.00,EUR,Direct,Completed
OL00001247,O0000697,2025-01-16,C00360,P0004,SR006,1,6500.00,0.10,5850.00,EUR,Partner,Completed
OL00001248,O0000698,2025-10-28,C00460,P0053,SR003,2,2062.50,0.00,4125.00,EUR,Direct,Completed
OL00001249,O0000698,2025-10-28,C00460,P0060,SR003,1,17550.00,0.00,17550.00,EUR,Direct,Completed
OL00001250,O0000698,2025-10-28,C00460,P0011,SR003,10,808.50,0.10,7276.50,EUR,Direct,Completed
OL00001251,O0000698,2025-10-28,C00460,P0065,SR003,1,5280.00,0.00,5280.00,EUR,Direct,Completed
OL00001252,O0000699,2025-02-26,C00241,P0074,SR005,1,7920.00,0.10,7128.00,EUR,Partner,Returned
OL00001253,O0000700,2023-07-07,C00033,P0048,SR004,1,17550.00,0.05,16672.50,EUR,Partner,Completed
OL00001254,O0000701,2023-02-15,C00119,P0025,SR011,2,3200.00,0.05,6080.00,EUR,Online,Completed
OL00001255,O0000701,2023-02-15,C00119,P0011,SR011,1,808.50,0.10,727.65,EUR,Online,Completed
OL00001256,O0000702,2024-12-04,C00126,P0053,SR010,1,2062.50,0.05,1959.38,EUR,Direct,Completed
OL00001257,O0000703,2023-01-19,C00074,P0041,SR012,5,1237.50,0.10,5568.75,EUR,Direct,Completed
OL00001258,O0000704,2026-08-14,C00196,P0042,SR005,1,4860.00,0.10,4374.00,EUR,Direct,Completed
OL00001259,O0000705,2023-01-26,C00009,P0015,SR010,1,17550.00,0.00,17550.00,EUR,Direct,Completed
OL00001260,O0000705,2023-01-26,C00009,P0037,SR010,1,4800.00,0.05,4560.00,EUR,Direct,Completed
OL00001261,O0000705,2023-01-26,C00009,P0064,SR010,1,490.00,0.05,465.50,EUR,Direct,Completed
OL00001262,O0000706,2025-08-25,C00080,P0018,SR003,1,1323.00,0.15,1124.55,EUR,Partner,Completed
OL00001263,O0000706,2025-08-25,C00080,P0068,SR003,2,1237.50,0.00,2475.00,EUR,Partner,Completed
OL00001264,O0000706,2025-08-25,C00080,P0013,SR003,1,3200.00,0.00,3200.00,EUR,Partner,Completed
OL00001265,O0000707,2025-07-28,C00418,P0025,SR012,4,3200.00,0.15,10880.00,EUR,Direct,Completed
OL00001266,O0000707,2025-07-28,C00418,P0029,SR012,1,14850.00,0.00,14850.00,EUR,Direct,Completed
OL00001267,O0000708,2026-04-26,C00112,P0017,SR008,3,5280.00,0.00,15840.00,EUR,Partner,Completed
OL00001268,O0000709,2026-05-12,C00412,P0058,SR006,5,2400.00,0.00,12000.00,EUR,Direct,Completed
OL00001269,O0000709,2026-05-12,C00412,P0056,SR006,1,7920.00,0.15,6732.00,EUR,Direct,Completed
OL00001270,O0000710,2023-11-15,C00057,P0024,SR006,3,3375.00,0.00,10125.00,EUR,Partner,Completed
OL00001271,O0000710,2023-11-15,C00057,P0008,SR006,3,1237.50,0.05,3526.88,EUR,Partner,Completed
OL00001272,O0000710,2023-11-15,C00057,P0019,SR006,3,3200.00,0.05,9120.00,EUR,Partner,Completed
OL00001273,O0000711,2023-10-06,C00442,P0063,SR001,2,12960.00,0.20,0.00,EUR,Online,Cancelled
OL00001274,O0000712,2023-12-12,C00085,P0023,SR001,2,808.50,0.15,1374.45,EUR,Direct,Completed
OL00001275,O0000712,2023-12-12,C00085,P0011,SR001,1,808.50,0.00,808.50,EUR,Direct,Completed
OL00001276,O0000713,2025-02-23,C00148,P0012,SR007,1,17550.00,0.00,17550.00,EUR,Partner,Completed
OL00001277,O0000713,2025-02-23,C00148,P0019,SR007,2,3200.00,0.00,6400.00,EUR,Partner,Completed
OL00001278,O0000714,2024-12-27,C00363,P0064,SR006,1,490.00,0.15,416.50,EUR,Direct,Completed
OL00001279,O0000715,2026-08-17,C00227,P0055,SR008,2,490.00,0.05,931.00,EUR,Partner,Completed
OL00001280,O0000716,2023-10-17,C00061,P0012,SR009,3,17550.00,0.05,50017.50,EUR,Direct,Completed
OL00001281,O0000716,2023-10-17,C00061,P0018,SR009,2,1323.00,0.15,2249.10,EUR,Direct,Completed
OL00001282,O0000716,2023-10-17,C00061,P0031,SR009,4,6500.00,0.05,24700.00,EUR,Direct,Completed
OL00001283,O0000716,2023-10-17,C00061,P0052,SR009,4,2400.00,0.00,9600.00,EUR,Direct,Completed
OL00001284,O0000717,2025-02-16,C00400,P0063,SR011,4,12960.00,0.10,46656.00,EUR,Partner,Completed
OL00001285,O0000718,2023-06-22,C00216,P0027,SR008,3,24300.00,0.05,69255.00,EUR,Online,Completed
OL00001286,O0000718,2023-06-22,C00216,P0073,SR008,1,9000.00,0.00,9000.00,EUR,Online,Completed
OL00001287,O0000719,2023-09-07,C00419,P0039,SR001,20,12960.00,0.05,246240.00,EUR,Direct,Completed
OL00001288,O0000720,2024-03-31,C00203,P0026,SR012,3,2970.00,0.10,8019.00,EUR,Direct,Completed
OL00001289,O0000721,2023-02-01,C00487,P0056,SR006,1,7920.00,0.05,7524.00,EUR,Direct,Completed
OL00001290,O0000721,2023-02-01,C00487,P0014,SR006,5,7920.00,0.05,37620.00,EUR,Direct,Completed
OL00001291,O0000722,2023-03-03,C00481,P0021,SR001,2,6480.00,0.15,11016.00,EUR,Direct,Completed
OL00001292,O0000722,2023-03-03,C00481,P0074,SR001,4,7920.00,0.20,25344.00,EUR,Direct,Completed
OL00001293,O0000722,2023-03-03,C00481,P0022,SR001,5,6500.00,0.15,27625.00,EUR,Direct,Completed
OL00001294,O0000723,2023-09-06,C00273,P0075,SR002,2,6480.00,0.10,11664.00,EUR,Direct,Completed
OL00001295,O0000723,2023-09-06,C00273,P0062,SR002,1,7920.00,0.00,7920.00,EUR,Direct,Completed
OL00001296,O0000724,2023-12-12,C00145,P0037,SR003,1,4800.00,0.00,4800.00,EUR,Online,Completed
OL00001297,O0000725,2025-12-13,C00200,P0074,SR004,2,7920.00,0.00,15840.00,EUR,Online,Completed
OL00001298,O0000726,2025-12-27,C00054,P0039,SR007,1,12960.00,0.15,11016.00,EUR,Partner,Completed
OL00001299,O0000726,2025-12-27,C00054,P0018,SR007,2,1323.00,0.20,2116.80,EUR,Partner,Completed
OL00001300,O0000726,2025-12-27,C00054,P0061,SR007,1,3200.00,0.20,2560.00,EUR,Partner,Completed
OL00001301,O0000727,2023-11-25,C00321,P0037,SR006,1,4800.00,0.05,4560.00,EUR,Partner,Completed
OL00001302,O0000728,2026-01-18,C00214,P0047,SR009,5,3960.00,0.20,15840.00,EUR,Online,Completed
OL00001303,O0000729,2026-09-17,C00348,P0012,SR002,1,17550.00,0.00,17550.00,EUR,Direct,Completed
OL00001304,O0000730,2026-07-12,C00366,P0056,SR001,10,7920.00,0.20,63360.00,EUR,Online,Completed
OL00001305,O0000731,2025-12-14,C00024,P0010,SR005,2,3200.00,0.20,5120.00,EUR,Partner,Completed
OL00001306,O0000732,2025-02-09,C00423,P0063,SR004,2,12960.00,0.00,0.00,EUR,Direct,Cancelled
OL00001307,O0000733,2024-07-14,C00423,P0066,SR010,3,3375.00,0.00,10125.00,EUR,Partner,Completed
OL00001308,O0000734,2026-09-23,C00170,P0030,SR011,1,6480.00,0.00,6480.00,EUR,Direct,Completed
OL00001309,O0000735,2023-06-06,C00037,P0037,SR007,1,4800.00,0.00,4800.00,EUR,Direct,Completed
OL00001310,O0000735,2023-06-06,C00037,P0004,SR007,1,6500.00,0.10,5850.00,EUR,Direct,Completed
OL00001311,O0000736,2025-09-05,C00115,P0066,SR002,2,3375.00,0.10,6075.00,EUR,Partner,Completed
OL00001312,O0000736,2025-09-05,C00115,P0042,SR002,3,4860.00,0.00,14580.00,EUR,Partner,Completed
OL00001313,O0000737,2024-02-11,C00455,P0021,SR007,2,6480.00,0.20,10368.00,EUR,Direct,Completed
OL00001314,O0000738,2023-12-10,C00204,P0022,SR003,1,6500.00,0.00,6500.00,EUR,Online,Completed
OL00001315,O0000738,2023-12-10,C00204,P0037,SR003,1,4800.00,0.00,4800.00,EUR,Online,Completed
OL00001316,O0000738,2023-12-10,C00204,P0033,SR003,1,17550.00,0.00,17550.00,EUR,Online,Completed
OL00001317,O0000739,2024-05-22,C00032,P0061,SR001,1,3200.00,0.05,3040.00,EUR,Partner,Completed
OL00001318,O0000740,2024-12-11,C00066,P0073,SR010,1,9000.00,0.15,7650.00,EUR,Online,Completed
OL00001319,O0000741,2025-12-06,C00186,P0043,SR012,2,490.00,0.00,980.00,EUR,Direct,Completed
OL00001320,O0000741,2025-12-06,C00186,P0012,SR012,1,17550.00,0.00,17550.00,EUR,Direct,Completed
OL00001321,O0000741,2025-12-06,C00186,P0032,SR012,1,2970.00,0.05,2821.50,EUR,Direct,Completed
OL00001322,O0000742,2026-07-30,C00484,P0022,SR006,3,6500.00,0.05,18525.00,EUR,Direct,Completed
OL00001323,O0000743,2023-03-10,C00479,P0063,SR005,2,12960.00,0.05,24624.00,EUR,Direct,Returned
OL00001324,O0000744,2025-11-16,C00494,P0024,SR011,2,3375.00,0.05,6412.50,EUR,Online,Completed
OL00001325,O0000744,2025-11-16,C00494,P0034,SR011,10,490.00,0.20,3920.00,EUR,Online,Completed
OL00001326,O0000744,2025-11-16,C00494,P0048,SR011,5,17550.00,0.10,78975.00,EUR,Online,Completed
OL00001327,O0000745,2024-12-14,C00388,P0010,SR004,5,3200.00,0.00,16000.00,EUR,Direct,Completed
OL00001328,O0000746,2025-12-13,C00104,P0049,SR003,2,1250.00,0.05,2375.00,EUR,Direct,Completed
OL00001329,O0000746,2025-12-13,C00104,P0023,SR003,3,808.50,0.15,2061.67,EUR,Direct,Completed
OL00001330,O0000747,2023-06-07,C00189,P0067,SR007,2,2400.00,0.00,4800.00,EUR,Partner,Completed
OL00001331,O0000748,2025-06-27,C00049,P0004,SR012,1,6500.00,0.00,6500.00,EUR,Online,Completed
OL00001332,O0000749,2024-03-19,C00322,P0027,SR009,2,24300.00,0.05,46170.00,EUR,Partner,Completed
OL00001333,O0000750,2026-04-10,C00326,P0052,SR002,4,2400.00,0.05,9120.00,EUR,Partner,Completed
OL00001334,O0000751,2026-04-25,C00186,P0050,SR010,3,2062.50,0.05,5878.12,EUR,Direct,Completed
OL00001335,O0000751,2026-04-25,C00186,P0063,SR010,2,12960.00,0.10,23328.00,EUR,Direct,Completed
OL00001336,O0000752,2025-11-22,C00478,P0049,SR008,4,1250.00,0.10,4500.00,EUR,Direct,Completed
OL00001337,O0000753,2023-03-29,C00104,P0060,SR011,1,17550.00,0.00,17550.00,EUR,Online,Completed
OL00001338,O0000754,2023-10-17,C00088,P0072,SR003,1,2673.00,0.00,2673.00,EUR,Partner,Completed
OL00001339,O0000754,2023-10-17,C00088,P0032,SR003,1,2970.00,0.20,2376.00,EUR,Partner,Completed
OL00001340,O0000754,2023-10-17,C00088,P0059,SR003,10,14850.00,0.10,133650.00,EUR,Partner,Completed
OL00001341,O0000755,2024-11-25,C00318,P0044,SR004,4,14850.00,0.20,47520.00,EUR,Direct,Completed
OL00001342,O0000755,2024-11-25,C00318,P0029,SR004,2,14850.00,0.10,26730.00,EUR,Direct,Completed
OL00001343,O0000756,2023-04-17,C00188,P0056,SR012,4,7920.00,0.05,30096.00,EUR,Direct,Completed
OL00001344,O0000756,2023-04-17,C00188,P0065,SR012,2,5280.00,0.00,10560.00,EUR,Direct,Completed
OL00001345,O0000757,2023-05-19,C00207,P0056,SR008,5,7920.00,0.00,39600.00,EUR,Direct,Completed
OL00001346,O0000758,2026-08-11,C00115,P0025,SR002,3,3200.00,0.00,9600.00,EUR,Direct,Completed
OL00001347,O0000759,2024-03-08,C00241,P0040,SR011,1,4800.00,0.00,4800.00,EUR,Partner,Completed
OL00001348,O0000760,2025-10-22,C00463,P0058,SR011,1,2400.00,0.15,2040.00,EUR,Direct,Completed
OL00001349,O0000761,2023-12-14,C00211,P0052,SR009,1,2400.00,0.00,2400.00,EUR,Direct,Completed
OL00001350,O0000761,2023-12-14,C00211,P0071,SR009,1,808.50,0.10,727.65,EUR,Direct,Completed
OL00001351,O0000762,2023-09-19,C00022,P0067,SR002,5,2400.00,0.00,12000.00,EUR,Online,Completed
OL00001352,O0000763,2025-06-19,C00216,P0040,SR012,2,4800.00,0.05,9120.00,EUR,Partner,Completed
OL00001353,O0000763,2025-06-19,C00216,P0009,SR012,4,24300.00,0.00,97200.00,EUR,Partner,Completed
OL00001354,O0000764,2026-02-09,C00178,P0049,SR010,1,1250.00,0.00,1250.00,EUR,Partner,Completed
OL00001355,O0000765,2025-08-18,C00173,P0036,SR007,3,8640.00,0.05,24624.00,EUR,Direct,Completed
OL00001356,O0000765,2025-08-18,C00173,P0034,SR007,20,490.00,0.05,9310.00,EUR,Direct,Completed
OL00001357,O0000766,2024-02-15,C00216,P0028,SR008,3,750.00,0.10,2025.00,EUR,Partner,Completed
OL00001358,O0000767,2026-03-22,C00054,P0044,SR010,2,14850.00,0.00,29700.00,EUR,Direct,Completed
OL00001359,O0000767,2026-03-22,C00054,P0034,SR010,1,490.00,0.00,490.00,EUR,Direct,Completed
OL00001360,O0000767,2026-03-22,C00054,P0028,SR010,4,750.00,0.00,3000.00,EUR,Direct,Completed
OL00001361,O0000768,2024-01-09,C00447,P0072,SR009,4,2673.00,0.10,9622.80,EUR,Partner,Completed
OL00001362,O0000768,2024-01-09,C00447,P0038,SR009,10,2970.00,0.00,29700.00,EUR,Partner,Completed
OL00001363,O0000769,2025-07-05,C00378,P0001,SR001,1,490.00,0.15,416.50,EUR,Partner,Completed
OL00001364,O0000769,2025-07-05,C00378,P0009,SR001,3,24300.00,0.10,65610.00,EUR,Partner,Completed
OL00001365,O0000770,2025-01-18,C00419,P0044,SR010,1,14850.00,0.05,14107.50,EUR,Partner,Completed
OL00001366,O0000771,2026-05-04,C00389,P0035,SR011,1,1237.50,0.20,0.00,EUR,Direct,Cancelled
OL00001367,O0000772,2023-10-18,C00018,P0051,SR008,3,12960.00,0.00,38880.00,EUR,Online,Completed
OL00001368,O0000773,2024-08-26,C00446,P0021,SR006,1,6480.00,0.00,6480.00,EUR,Direct,Completed
OL00001369,O0000773,2024-08-26,C00446,P0064,SR006,4,490.00,0.15,1666.00,EUR,Direct,Completed
OL00001370,O0000773,2024-08-26,C00446,P0016,SR006,2,490.00,0.05,931.00,EUR,Direct,Completed
OL00001371,O0000774,2023-04-30,C00147,P0036,SR003,1,8640.00,0.05,8208.00,EUR,Partner,Completed
OL00001372,O0000774,2023-04-30,C00147,P0045,SR003,10,6480.00,0.00,64800.00,EUR,Partner,Completed
OL00001373,O0000775,2024-01-18,C00124,P0040,SR002,2,4800.00,0.00,9600.00,EUR,Direct,Completed
OL00001374,O0000775,2024-01-18,C00124,P0029,SR002,2,14850.00,0.15,25245.00,EUR,Direct,Completed
OL00001375,O0000775,2024-01-18,C00124,P0008,SR002,1,1237.50,0.00,1237.50,EUR,Direct,Completed
OL00001376,O0000776,2023-06-13,C00217,P0004,SR010,1,6500.00,0.00,6500.00,EUR,Direct,Completed
OL00001377,O0000776,2023-06-13,C00217,P0016,SR010,10,490.00,0.00,4900.00,EUR,Direct,Completed
OL00001378,O0000776,2023-06-13,C00217,P0070,SR010,1,750.00,0.05,712.50,EUR,Direct,Completed
OL00001379,O0000776,2023-06-13,C00217,P0074,SR010,1,7920.00,0.00,7920.00,EUR,Direct,Completed
OL00001380,O0000777,2023-10-29,C00049,P0063,SR008,3,12960.00,0.00,38880.00,EUR,Direct,Completed
OL00001381,O0000778,2025-01-10,C00444,P0069,SR001,4,12960.00,0.00,51840.00,EUR,Direct,Completed
OL00001382,O0000779,2025-12-29,C00147,P0062,SR008,2,7920.00,0.05,15048.00,EUR,Partner,Completed
OL00001383,O0000779,2025-12-29,C00147,P0047,SR008,1,3960.00,0.00,3960.00,EUR,Partner,Completed
OL00001384,O0000779,2025-12-29,C00147,P0010,SR008,2,3200.00,0.20,5120.00,EUR,Partner,Completed
OL00001385,O0000780,2024-12-05,C00330,P0037,SR008,1,4800.00,0.10,4320.00,EUR,Direct,Completed
OL00001386,O0000780,2024-12-05,C00330,P0074,SR008,5,7920.00,0.20,31680.00,EUR,Direct,Completed
OL00001387,O0000781,2024-03-28,C00234,P0059,SR012,1,14850.00,0.00,14850.00,EUR,Partner,Completed
OL00001388,O0000782,2023-07-22,C00310,P0043,SR012,1,490.00,0.00,0.00,EUR,Direct,Cancelled
OL00001389,O0000782,2023-07-22,C00310,P0023,SR012,3,808.50,0.05,0.00,EUR,Direct,Cancelled
OL00001390,O0000782,2023-07-22,C00310,P0048,SR012,3,17550.00,0.10,0.00,EUR,Direct,Cancelled
OL00001391,O0000782,2023-07-22,C00310,P0073,SR012,2,9000.00,0.00,0.00,EUR,Direct,Cancelled
OL00001392,O0000783,2025-04-16,C00024,P0045,SR010,4,6480.00,0.00,25920.00,EUR,Partner,Completed
OL00001393,O0000784,2023-07-10,C00338,P0026,SR004,1,2970.00,0.10,2673.00,EUR,Direct,Completed
OL00001394,O0000784,2023-07-10,C00338,P0004,SR004,1,6500.00,0.10,5850.00,EUR,Direct,Completed
OL00001395,O0000785,2024-01-12,C00498,P0060,SR009,1,17550.00,0.10,15795.00,EUR,Online,Completed
OL00001396,O0000785,2024-01-12,C00498,P0025,SR009,5,3200.00,0.05,15200.00,EUR,Online,Completed
OL00001397,O0000786,2023-01-22,C00307,P0045,SR004,1,6480.00,0.00,6480.00,EUR,Direct,Completed
OL00001398,O0000787,2023-12-22,C00315,P0055,SR006,1,490.00,0.00,490.00,EUR,Direct,Completed
OL00001399,O0000788,2024-05-24,C00139,P0023,SR005,5,808.50,0.00,4042.50,EUR,Direct,Completed
OL00001400,O0000789,2026-04-02,C00495,P0001,SR003,1,490.00,0.05,465.50,EUR,Direct,Completed
OL00001401,O0000789,2026-04-02,C00495,P0037,SR003,5,4800.00,0.00,24000.00,EUR,Direct,Completed
OL00001402,O0000790,2023-10-30,C00012,P0066,SR006,2,3375.00,0.10,6075.00,EUR,Partner,Completed
OL00001403,O0000791,2024-05-26,C00200,P0017,SR010,2,5280.00,0.00,10560.00,EUR,Online,Completed
OL00001404,O0000792,2025-07-15,C00121,P0059,SR003,1,14850.00,0.05,14107.50,EUR,Direct,Completed
OL00001405,O0000793,2024-12-05,C00260,P0021,SR010,1,6480.00,0.00,6480.00,EUR,Direct,Completed
OL00001406,O0000794,2023-05-11,C00319,P0005,SR002,5,10725.00,0.20,42900.00,EUR,Direct,Completed
OL00001407,O0000794,2023-05-11,C00319,P0018,SR002,2,1323.00,0.05,2513.70,EUR,Direct,Completed
OL00001408,O0000794,2023-05-11,C00319,P0014,SR002,10,7920.00,0.10,71280.00,EUR,Direct,Completed
OL00001409,O0000795,2023-03-19,C00287,P0043,SR008,1,490.00,0.05,465.50,EUR,Direct,Completed
OL00001410,O0000796,2024-06-14,C00067,P0016,SR003,2,490.00,0.00,980.00,EUR,Online,Completed
OL00001411,O0000796,2024-06-14,C00067,P0011,SR003,3,808.50,0.00,2425.50,EUR,Online,Completed
OL00001412,O0000796,2024-06-14,C00067,P0069,SR003,3,12960.00,0.00,38880.00,EUR,Online,Completed
OL00001413,O0000796,2024-06-14,C00067,P0048,SR003,3,17550.00,0.05,50017.50,EUR,Online,Completed
OL00001414,O0000797,2024-03-28,C00151,P0067,SR006,1,2400.00,0.00,2400.00,EUR,Partner,Completed
OL00001415,O0000797,2024-03-28,C00151,P0006,SR006,2,3375.00,0.20,5400.00,EUR,Partner,Completed
OL00001416,O0000797,2024-03-28,C00151,P0042,SR006,20,4860.00,0.15,82620.00,EUR,Partner,Completed
OL00001417,O0000797,2024-03-28,C00151,P0022,SR006,2,6500.00,0.00,13000.00,EUR,Partner,Completed
OL00001418,O0000798,2025-05-17,C00063,P0001,SR010,1,490.00,0.15,0.00,EUR,Direct,Cancelled
OL00001419,O0000799,2024-09-05,C00239,P0010,SR006,1,3200.00,0.00,3200.00,EUR,Direct,Completed
OL00001420,O0000800,2024-10-16,C00227,P0009,SR003,3,24300.00,0.10,65610.00,EUR,Direct,Returned
OL00001421,O0000800,2024-10-16,C00227,P0052,SR003,10,2400.00,0.05,22800.00,EUR,Direct,Returned
OL00001422,O0000801,2025-07-03,C00437,P0034,SR010,5,490.00,0.00,2450.00,EUR,Online,Completed
OL00001423,O0000801,2025-07-03,C00437,P0014,SR010,4,7920.00,0.05,30096.00,EUR,Online,Completed
OL00001424,O0000801,2025-07-03,C00437,P0072,SR010,1,2673.00,0.10,2405.70,EUR,Online,Completed
OL00001425,O0000802,2025-11-27,C00395,P0013,SR010,1,3200.00,0.05,3040.00,EUR,Partner,Completed
OL00001426,O0000802,2025-11-27,C00395,P0051,SR010,10,12960.00,0.20,103680.00,EUR,Partner,Completed
OL00001427,O0000803,2025-04-13,C00249,P0062,SR011,1,7920.00,0.05,7524.00,EUR,Direct,Completed
OL00001428,O0000803,2025-04-13,C00249,P0014,SR011,5,7920.00,0.00,39600.00,EUR,Direct,Completed
OL00001429,O0000803,2025-04-13,C00249,P0068,SR011,1,1237.50,0.10,1113.75,EUR,Direct,Completed
OL00001430,O0000804,2025-01-08,C00053,P0067,SR005,4,2400.00,0.10,8640.00,EUR,Direct,Completed
OL00001431,O0000804,2025-01-08,C00053,P0041,SR005,1,1237.50,0.00,1237.50,EUR,Direct,Completed
OL00001432,O0000804,2025-01-08,C00053,P0047,SR005,1,3960.00,0.00,3960.00,EUR,Direct,Completed
OL00001433,O0000805,2023-06-21,C00253,P0031,SR008,1,6500.00,0.20,5200.00,EUR,Direct,Completed
OL00001434,O0000806,2026-04-03,C00200,P0074,SR007,1,7920.00,0.20,6336.00,EUR,Direct,Completed
OL00001435,O0000806,2026-04-03,C00200,P0003,SR007,5,8640.00,0.10,38880.00,EUR,Direct,Completed
OL00001436,O0000807,2025-01-29,C00499,P0033,SR001,2,17550.00,0.05,33345.00,EUR,Direct,Returned
OL00001437,O0000807,2025-01-29,C00499,P0032,SR001,10,2970.00,0.15,25245.00,EUR,Direct,Returned
OL00001438,O0000807,2025-01-29,C00499,P0052,SR001,20,2400.00,0.10,43200.00,EUR,Direct,Returned
OL00001439,O0000808,2023-03-20,C00081,P0008,SR005,1,1237.50,0.05,1175.62,EUR,Partner,Completed
OL00001440,O0000808,2023-03-20,C00081,P0044,SR005,3,14850.00,0.10,40095.00,EUR,Partner,Completed
OL00001441,O0000809,2025-03-25,C00306,P0059,SR009,4,14850.00,0.00,59400.00,EUR,Direct,Completed
OL00001442,O0000810,2023-12-25,C00373,P0022,SR001,2,6500.00,0.05,12350.00,EUR,Online,Completed
OL00001443,O0000810,2023-12-25,C00373,P0017,SR001,3,5280.00,0.00,15840.00,EUR,Online,Completed
OL00001444,O0000810,2023-12-25,C00373,P0007,SR001,1,9000.00,0.00,9000.00,EUR,Online,Completed
OL00001445,O0000811,2026-06-26,C00356,P0038,SR001,2,2970.00,0.10,5346.00,EUR,Direct,Completed
OL00001446,O0000811,2026-06-26,C00356,P0008,SR001,4,1237.50,0.00,4950.00,EUR,Direct,Completed
OL00001447,O0000811,2026-06-26,C00356,P0010,SR001,3,3200.00,0.00,9600.00,EUR,Direct,Completed
OL00001448,O0000812,2025-11-02,C00269,P0054,SR006,1,17550.00,0.00,17550.00,EUR,Online,Completed
OL00001449,O0000813,2026-02-21,C00179,P0022,SR012,2,6500.00,0.00,13000.00,EUR,Partner,Completed
OL00001450,O0000813,2026-02-21,C00179,P0035,SR012,2,1237.50,0.10,2227.50,EUR,Partner,Completed
OL00001451,O0000814,2023-11-24,C00216,P0008,SR006,2,1237.50,0.10,2227.50,EUR,Partner,Completed
OL00001452,O0000815,2025-01-16,C00275,P0037,SR009,1,4800.00,0.05,4560.00,EUR,Direct,Returned
OL00001453,O0000815,2025-01-16,C00275,P0003,SR009,3,8640.00,0.05,24624.00,EUR,Direct,Returned
OL00001454,O0000815,2025-01-16,C00275,P0022,SR009,1,6500.00,0.10,5850.00,EUR,Direct,Returned
OL00001455,O0000815,2025-01-16,C00275,P0012,SR009,1,17550.00,0.15,14917.50,EUR,Direct,Returned
OL00001456,O0000816,2025-02-17,C00191,P0058,SR008,2,2400.00,0.15,4080.00,EUR,Online,Completed
OL00001457,O0000817,2024-03-06,C00373,P0017,SR001,10,5280.00,0.00,52800.00,EUR,Online,Completed
OL00001458,O0000818,2023-11-30,C00486,P0034,SR012,2,490.00,0.15,833.00,EUR,Online,Completed
OL00001459,O0000819,2025-05-11,C00213,P0045,SR012,4,6480.00,0.00,25920.00,EUR,Direct,Completed
OL00001460,O0000819,2025-05-11,C00213,P0069,SR012,1,12960.00,0.05,12312.00,EUR,Direct,Completed
OL00001461,O0000820,2023-01-01,C00170,P0022,SR008,1,6500.00,0.05,6175.00,EUR,Direct,Completed
OL00001462,O0000821,2025-06-02,C00045,P0028,SR008,1,750.00,0.05,712.50,EUR,Direct,Completed
OL00001463,O0000822,2024-10-25,C00252,P0005,SR006,4,10725.00,0.10,38610.00,EUR,Direct,Completed
OL00001464,O0000823,2024-12-04,C00073,P0050,SR010,3,2062.50,0.10,5568.75,EUR,Direct,Completed
OL00001465,O0000823,2024-12-04,C00073,P0056,SR010,3,7920.00,0.10,21384.00,EUR,Direct,Completed
OL00001466,O0000824,2026-02-24,C00194,P0024,SR002,4,3375.00,0.00,13500.00,EUR,Direct,Completed
OL00001467,O0000824,2026-02-24,C00194,P0014,SR002,4,7920.00,0.05,30096.00,EUR,Direct,Completed
OL00001468,O0000825,2023-02-17,C00147,P0063,SR005,1,12960.00,0.05,12312.00,EUR,Direct,Returned
OL00001469,O0000826,2024-11-08,C00302,P0066,SR007,1,3375.00,0.20,2700.00,EUR,Direct,Completed
OL00001470,O0000827,2025-04-06,C00280,P0017,SR005,3,5280.00,0.00,15840.00,EUR,Direct,Completed
OL00001471,O0000827,2025-04-06,C00280,P0053,SR005,4,2062.50,0.00,8250.00,EUR,Direct,Completed
OL00001472,O0000828,2025-08-20,C00318,P0038,SR006,1,2970.00,0.15,2524.50,EUR,Online,Completed
OL00001473,O0000829,2026-03-31,C00104,P0042,SR009,2,4860.00,0.00,9720.00,EUR,Direct,Completed
OL00001474,O0000829,2026-03-31,C00104,P0051,SR009,1,12960.00,0.00,12960.00,EUR,Direct,Completed
OL00001475,O0000830,2026-08-17,C00004,P0073,SR005,3,9000.00,0.00,0.00,EUR,Online,Cancelled
OL00001476,O0000831,2023-01-01,C00459,P0068,SR001,1,1237.50,0.00,1237.50,EUR,Online,Completed
OL00001477,O0000832,2025-12-14,C00049,P0027,SR003,3,24300.00,0.10,65610.00,EUR,Direct,Completed
OL00001478,O0000832,2025-12-14,C00049,P0055,SR003,1,490.00,0.00,490.00,EUR,Direct,Completed
OL00001479,O0000833,2025-12-25,C00225,P0004,SR003,20,6500.00,0.15,110500.00,EUR,Direct,Returned
OL00001480,O0000833,2025-12-25,C00225,P0039,SR003,1,12960.00,0.20,10368.00,EUR,Direct,Returned
OL00001481,O0000833,2025-12-25,C00225,P0059,SR003,1,14850.00,0.10,13365.00,EUR,Direct,Returned
OL00001482,O0000834,2024-05-12,C00493,P0028,SR003,1,750.00,0.20,600.00,EUR,Direct,Completed
OL00001483,O0000834,2024-05-12,C00493,P0064,SR003,4,490.00,0.10,1764.00,EUR,Direct,Completed
OL00001484,O0000835,2024-07-02,C00055,P0069,SR003,4,12960.00,0.10,46656.00,EUR,Direct,Completed
OL00001485,O0000836,2024-02-03,C00313,P0069,SR001,2,12960.00,0.05,24624.00,EUR,Partner,Completed
OL00001486,O0000837,2024-08-06,C00130,P0011,SR005,2,808.50,0.10,1455.30,EUR,Direct,Completed
OL00001487,O0000837,2024-08-06,C00130,P0074,SR005,3,7920.00,0.00,23760.00,EUR,Direct,Completed
OL00001488,O0000837,2024-08-06,C00130,P0063,SR005,2,12960.00,0.00,25920.00,EUR,Direct,Completed
OL00001489,O0000838,2026-06-22,C00285,P0023,SR012,1,808.50,0.05,768.07,EUR,Online,Completed
OL00001490,O0000838,2026-06-22,C00285,P0041,SR012,2,1237.50,0.00,2475.00,EUR,Online,Completed
OL00001491,O0000839,2023-01-10,C00379,P0072,SR006,4,2673.00,0.00,10692.00,EUR,Direct,Completed
OL00001492,O0000840,2025-06-23,C00354,P0019,SR002,1,3200.00,0.00,3200.00,EUR,Online,Completed
OL00001493,O0000841,2023-02-01,C00399,P0022,SR001,1,6500.00,0.00,6500.00,EUR,Partner,Completed
OL00001494,O0000842,2024-03-30,C00397,P0001,SR010,4,490.00,0.05,0.00,EUR,Direct,Cancelled
OL00001495,O0000843,2023-04-12,C00030,P0055,SR001,1,490.00,0.20,392.00,EUR,Direct,Completed
OL00001496,O0000844,2023-02-18,C00498,P0041,SR001,2,1237.50,0.00,2475.00,EUR,Direct,Completed
OL00001497,O0000845,2023-11-28,C00067,P0020,SR003,2,14850.00,0.00,29700.00,EUR,Online,Completed
OL00001498,O0000845,2023-11-28,C00067,P0035,SR003,3,1237.50,0.20,2970.00,EUR,Online,Completed
OL00001499,O0000846,2026-06-27,C00467,P0060,SR010,1,17550.00,0.00,17550.00,EUR,Direct,Completed
OL00001500,O0000846,2026-06-27,C00467,P0068,SR010,5,1237.50,0.00,6187.50,EUR,Direct,Completed
OL00001501,O0000846,2026-06-27,C00467,P0075,SR010,4,6480.00,0.10,23328.00,EUR,Direct,Completed
OL00001502,O0000847,2024-01-27,C00041,P0029,SR005,1,14850.00,0.20,11880.00,EUR,Direct,Returned
OL00001503,O0000847,2024-01-27,C00041,P0051,SR005,3,12960.00,0.00,38880.00,EUR,Direct,Returned
OL00001504,O0000847,2024-01-27,C00041,P0012,SR005,1,17550.00,0.00,17550.00,EUR,Direct,Returned
OL00001505,O0000847,2024-01-27,C00041,P0005,SR005,2,10725.00,0.15,18232.50,EUR,Direct,Returned
OL00001506,O0000848,2025-12-23,C00444,P0070,SR012,1,750.00,0.00,750.00,EUR,Partner,Completed
OL00001507,O0000848,2025-12-23,C00444,P0022,SR012,2,6500.00,0.00,13000.00,EUR,Partner,Completed
OL00001508,O0000848,2025-12-23,C00444,P0031,SR012,1,6500.00,0.15,5525.00,EUR,Partner,Completed
OL00001509,O0000849,2024-03-26,C00488,P0066,SR009,10,3375.00,0.05,32062.50,EUR,Direct,Completed
OL00001510,O0000850,2023-10-15,C00199,P0054,SR008,20,17550.00,0.10,315900.00,EUR,Partner,Completed
OL00001511,O0000850,2023-10-15,C00199,P0063,SR008,2,12960.00,0.00,25920.00,EUR,Partner,Completed
OL00001512,O0000850,2023-10-15,C00199,P0066,SR008,1,3375.00,0.05,3206.25,EUR,Partner,Completed
OL00001513,O0000851,2026-04-18,C00091,P0006,SR007,1,3375.00,0.05,3206.25,EUR,Partner,Completed
OL00001514,O0000852,2023-12-28,C00116,P0051,SR007,20,12960.00,0.10,233280.00,EUR,Partner,Completed
OL00001515,O0000853,2026-01-22,C00354,P0035,SR006,1,1237.50,0.00,1237.50,EUR,Online,Completed
OL00001516,O0000854,2025-02-04,C00091,P0052,SR005,4,2400.00,0.15,8160.00,EUR,Partner,Completed
OL00001517,O0000854,2025-02-04,C00091,P0008,SR005,1,1237.50,0.00,1237.50,EUR,Partner,Completed
OL00001518,O0000854,2025-02-04,C00091,P0041,SR005,3,1237.50,0.00,3712.50,EUR,Partner,Completed
OL00001519,O0000855,2025-04-10,C00262,P0071,SR006,1,808.50,0.00,808.50,EUR,Partner,Completed
OL00001520,O0000856,2025-01-08,C00146,P0043,SR007,1,490.00,0.10,441.00,EUR,Online,Completed
OL00001521,O0000856,2025-01-08,C00146,P0038,SR007,1,2970.00,0.00,2970.00,EUR,Online,Completed
OL00001522,O0000857,2025-05-29,C00252,P0045,SR009,3,6480.00,0.15,16524.00,EUR,Online,Completed
OL00001523,O0000857,2025-05-29,C00252,P0024,SR009,4,3375.00,0.00,13500.00,EUR,Online,Completed
OL00001524,O0000858,2023-04-17,C00200,P0023,SR002,5,808.50,0.00,4042.50,EUR,Partner,Completed
OL00001525,O0000858,2023-04-17,C00200,P0035,SR002,1,1237.50,0.00,1237.50,EUR,Partner,Completed
OL00001526,O0000859,2025-03-17,C00352,P0007,SR010,4,9000.00,0.00,36000.00,EUR,Direct,Completed
OL00001527,O0000859,2025-03-17,C00352,P0047,SR010,2,3960.00,0.15,6732.00,EUR,Direct,Completed
OL00001528,O0000859,2025-03-17,C00352,P0064,SR010,4,490.00,0.10,1764.00,EUR,Direct,Completed
OL00001529,O0000860,2024-12-02,C00069,P0020,SR001,5,14850.00,0.10,66825.00,EUR,Online,Completed
OL00001530,O0000860,2024-12-02,C00069,P0066,SR001,2,3375.00,0.10,6075.00,EUR,Online,Completed
OL00001531,O0000861,2023-10-30,C00224,P0064,SR009,10,490.00,0.05,4655.00,EUR,Direct,Returned
OL00001532,O0000862,2025-03-25,C00045,P0029,SR006,5,14850.00,0.15,63112.50,EUR,Direct,Completed
OL00001533,O0000863,2025-07-23,C00328,P0028,SR010,2,750.00,0.00,1500.00,EUR,Online,Completed
OL00001534,O0000864,2024-09-27,C00242,P0030,SR005,1,6480.00,0.10,5832.00,EUR,Direct,Completed
OL00001535,O0000864,2024-09-27,C00242,P0054,SR005,5,17550.00,0.15,74587.50,EUR,Direct,Completed
OL00001536,O0000864,2024-09-27,C00242,P0072,SR005,2,2673.00,0.00,5346.00,EUR,Direct,Completed
OL00001537,O0000864,2024-09-27,C00242,P0036,SR005,1,8640.00,0.00,8640.00,EUR,Direct,Completed
OL00001538,O0000865,2026-09-18,C00434,P0027,SR011,1,24300.00,0.05,23085.00,EUR,Direct,Completed
OL00001539,O0000866,2023-07-23,C00023,P0030,SR001,1,6480.00,0.10,5832.00,EUR,Online,Completed
OL00001540,O0000867,2024-04-01,C00329,P0018,SR008,1,1323.00,0.15,1124.55,EUR,Direct,Completed
OL00001541,O0000868,2025-07-05,C00021,P0063,SR007,1,12960.00,0.00,12960.00,EUR,Partner,Completed
OL00001542,O0000868,2025-07-05,C00021,P0067,SR007,10,2400.00,0.10,21600.00,EUR,Partner,Completed
OL00001543,O0000868,2025-07-05,C00021,P0011,SR007,3,808.50,0.15,2061.67,EUR,Partner,Completed
OL00001544,O0000868,2025-07-05,C00021,P0043,SR007,1,490.00,0.05,465.50,EUR,Partner,Completed
OL00001545,O0000869,2024-10-19,C00443,P0040,SR008,3,4800.00,0.20,11520.00,EUR,Online,Completed
OL00001546,O0000870,2025-05-11,C00151,P0047,SR007,3,3960.00,0.10,10692.00,EUR,Partner,Completed
OL00001547,O0000871,2023-06-26,C00215,P0029,SR004,1,14850.00,0.05,14107.50,EUR,Online,Completed
OL00001548,O0000871,2023-06-26,C00215,P0024,SR004,4,3375.00,0.00,13500.00,EUR,Online,Completed
OL00001549,O0000872,2024-12-30,C00459,P0058,SR011,1,2400.00,0.00,0.00,EUR,Direct,Cancelled
OL00001550,O0000872,2024-12-30,C00459,P0060,SR011,1,17550.00,0.05,0.00,EUR,Direct,Cancelled
OL00001551,O0000872,2024-12-30,C00459,P0011,SR011,1,808.50,0.10,0.00,EUR,Direct,Cancelled
OL00001552,O0000873,2023-10-06,C00150,P0051,SR006,2,12960.00,0.00,25920.00,EUR,Online,Completed
OL00001553,O0000873,2023-10-06,C00150,P0056,SR006,2,7920.00,0.20,12672.00,EUR,Online,Completed
OL00001554,O0000874,2025-02-17,C00165,P0023,SR002,2,808.50,0.00,0.00,EUR,Direct,Cancelled
OL00001555,O0000874,2025-02-17,C00165,P0036,SR002,1,8640.00,0.00,0.00,EUR,Direct,Cancelled
OL00001556,O0000875,2023-04-27,C00192,P0070,SR001,2,750.00,0.00,1500.00,EUR,Direct,Completed
OL00001557,O0000876,2023-12-08,C00095,P0070,SR009,10,750.00,0.00,7500.00,EUR,Direct,Completed
OL00001558,O0000876,2023-12-08,C00095,P0007,SR009,1,9000.00,0.10,8100.00,EUR,Direct,Completed
OL00001559,O0000877,2025-11-21,C00293,P0019,SR001,1,3200.00,0.00,3200.00,EUR,Partner,Returned
OL00001560,O0000878,2024-09-09,C00429,P0004,SR007,1,6500.00,0.00,6500.00,EUR,Online,Completed
OL00001561,O0000879,2024-12-22,C00132,P0033,SR002,1,17550.00,0.20,14040.00,EUR,Online,Completed
OL00001562,O0000879,2024-12-22,C00132,P0047,SR002,3,3960.00,0.20,9504.00,EUR,Online,Completed
OL00001563,O0000880,2023-08-19,C00363,P0052,SR008,2,2400.00,0.10,4320.00,EUR,Direct,Completed
OL00001564,O0000881,2025-05-12,C00239,P0032,SR012,4,2970.00,0.10,10692.00,EUR,Direct,Returned
OL00001565,O0000881,2025-05-12,C00239,P0044,SR012,2,14850.00,0.05,28215.00,EUR,Direct,Returned
OL00001566,O0000882,2025-08-30,C00132,P0023,SR006,1,808.50,0.10,0.00,EUR,Direct,Cancelled
OL00001567,O0000882,2025-08-30,C00132,P0001,SR006,1,490.00,0.10,0.00,EUR,Direct,Cancelled
OL00001568,O0000883,2024-03-23,C00260,P0028,SR007,1,750.00,0.10,675.00,EUR,Direct,Returned
OL00001569,O0000883,2024-03-23,C00260,P0015,SR007,20,17550.00,0.10,315900.00,EUR,Direct,Returned
OL00001570,O0000883,2024-03-23,C00260,P0072,SR007,4,2673.00,0.00,10692.00,EUR,Direct,Returned
OL00001571,O0000884,2026-02-06,C00094,P0022,SR008,1,6500.00,0.00,6500.00,EUR,Direct,Completed
OL00001572,O0000885,2023-04-01,C00473,P0063,SR001,2,12960.00,0.05,24624.00,EUR,Direct,Completed
OL00001573,O0000885,2023-04-01,C00473,P0074,SR001,3,7920.00,0.20,19008.00,EUR,Direct,Completed
OL00001574,O0000886,2024-01-15,C00162,P0059,SR008,4,14850.00,0.05,56430.00,EUR,Online,Completed
OL00001575,O0000887,2023-12-04,C00127,P0016,SR008,5,490.00,0.00,2450.00,EUR,Direct,Returned
OL00001576,O0000887,2023-12-04,C00127,P0049,SR008,1,1250.00,0.15,1062.50,EUR,Direct,Returned
OL00001577,O0000887,2023-12-04,C00127,P0061,SR008,1,3200.00,0.10,2880.00,EUR,Direct,Returned
OL00001578,O0000888,2026-04-10,C00079,P0049,SR005,1,1250.00,0.05,1187.50,EUR,Direct,Completed
OL00001579,O0000889,2025-01-11,C00344,P0070,SR001,4,750.00,0.10,2700.00,EUR,Direct,Completed
OL00001580,O0000890,2025-10-06,C00079,P0061,SR008,1,3200.00,0.05,3040.00,EUR,Online,Completed
OL00001581,O0000891,2024-11-08,C00392,P0019,SR002,3,3200.00,0.00,9600.00,EUR,Direct,Completed
OL00001582,O0000891,2024-11-08,C00392,P0074,SR002,1,7920.00,0.00,7920.00,EUR,Direct,Completed
OL00001583,O0000891,2024-11-08,C00392,P0034,SR002,3,490.00,0.15,1249.50,EUR,Direct,Completed
OL00001584,O0000892,2026-04-30,C00270,P0071,SR008,2,808.50,0.15,1374.45,EUR,Direct,Completed
OL00001585,O0000893,2026-02-18,C00312,P0030,SR005,1,6480.00,0.05,0.00,EUR,Partner,Cancelled
OL00001586,O0000893,2026-02-18,C00312,P0027,SR005,4,24300.00,0.00,0.00,EUR,Partner,Cancelled
OL00001587,O0000893,2026-02-18,C00312,P0035,SR005,1,1237.50,0.00,0.00,EUR,Partner,Cancelled
OL00001588,O0000894,2026-09-18,C00349,P0040,SR004,1,4800.00,0.05,4560.00,EUR,Direct,Completed
OL00001589,O0000894,2026-09-18,C00349,P0029,SR004,5,14850.00,0.15,63112.50,EUR,Direct,Completed
OL00001590,O0000894,2026-09-18,C00349,P0035,SR004,2,1237.50,0.00,2475.00,EUR,Direct,Completed
OL00001591,O0000894,2026-09-18,C00349,P0052,SR004,1,2400.00,0.00,2400.00,EUR,Direct,Completed
OL00001592,O0000895,2023-06-15,C00252,P0006,SR008,4,3375.00,0.00,13500.00,EUR,Direct,Completed
OL00001593,O0000896,2024-03-05,C00332,P0067,SR005,3,2400.00,0.00,0.00,EUR,Online,Cancelled
OL00001594,O0000897,2023-08-13,C00259,P0062,SR007,5,7920.00,0.05,37620.00,EUR,Online,Completed
OL00001595,O0000897,2023-08-13,C00259,P0002,SR007,10,1633.50,0.15,13884.75,EUR,Online,Completed
OL00001596,O0000898,2023-04-05,C00407,P0009,SR002,2,24300.00,0.05,46170.00,EUR,Online,Completed
OL00001597,O0000899,2025-08-16,C00419,P0072,SR012,1,2673.00,0.00,2673.00,EUR,Partner,Completed
OL00001598,O0000900,2026-02-14,C00234,P0059,SR002,3,14850.00,0.10,40095.00,EUR,Online,Completed
OL00001599,O0000901,2025-10-24,C00424,P0024,SR003,1,3375.00,0.00,3375.00,EUR,Partner,Completed
OL00001600,O0000902,2024-07-21,C00487,P0046,SR010,3,3200.00,0.05,9120.00,EUR,Partner,Completed
OL00001601,O0000902,2024-07-21,C00487,P0022,SR010,3,6500.00,0.00,19500.00,EUR,Partner,Completed
OL00001602,O0000902,2024-07-21,C00487,P0068,SR010,2,1237.50,0.00,2475.00,EUR,Partner,Completed
OL00001603,O0000902,2024-07-21,C00487,P0067,SR010,3,2400.00,0.10,6480.00,EUR,Partner,Completed
OL00001604,O0000903,2023-06-25,C00271,P0040,SR004,10,4800.00,0.20,38400.00,EUR,Direct,Completed
OL00001605,O0000903,2023-06-25,C00271,P0046,SR004,1,3200.00,0.10,2880.00,EUR,Direct,Completed
OL00001606,O0000904,2023-01-16,C00137,P0035,SR011,10,1237.50,0.00,12375.00,EUR,Direct,Completed
OL00001607,O0000905,2025-12-31,C00140,P0036,SR011,3,8640.00,0.00,25920.00,EUR,Partner,Completed
OL00001608,O0000905,2025-12-31,C00140,P0023,SR011,1,808.50,0.05,768.07,EUR,Partner,Completed
OL00001609,O0000906,2023-10-12,C00299,P0051,SR002,2,12960.00,0.20,20736.00,EUR,Direct,Completed
OL00001610,O0000906,2023-10-12,C00299,P0014,SR002,3,7920.00,0.00,23760.00,EUR,Direct,Completed
OL00001611,O0000907,2024-04-10,C00063,P0057,SR003,4,6480.00,0.10,23328.00,EUR,Online,Completed
OL00001612,O0000908,2024-10-21,C00370,P0038,SR009,2,2970.00,0.05,5643.00,EUR,Partner,Completed
OL00001613,O0000909,2025-10-03,C00352,P0050,SR006,3,2062.50,0.05,5878.12,EUR,Online,Completed
OL00001614,O0000909,2025-10-03,C00352,P0040,SR006,1,4800.00,0.10,4320.00,EUR,Online,Completed
OL00001615,O0000910,2024-01-13,C00197,P0031,SR010,4,6500.00,0.10,23400.00,EUR,Direct,Completed
OL00001616,O0000910,2024-01-13,C00197,P0034,SR010,1,490.00,0.10,441.00,EUR,Direct,Completed
OL00001617,O0000911,2023-12-20,C00121,P0009,SR009,2,24300.00,0.00,48600.00,EUR,Direct,Completed
OL00001618,O0000911,2023-12-20,C00121,P0014,SR009,4,7920.00,0.00,31680.00,EUR,Direct,Completed
OL00001619,O0000912,2023-10-21,C00071,P0050,SR005,2,2062.50,0.00,4125.00,EUR,Direct,Returned
OL00001620,O0000913,2026-03-18,C00048,P0042,SR009,2,4860.00,0.05,9234.00,EUR,Partner,Completed
OL00001621,O0000914,2023-07-21,C00363,P0015,SR012,4,17550.00,0.20,56160.00,EUR,Direct,Completed
OL00001622,O0000914,2023-07-21,C00363,P0056,SR012,20,7920.00,0.00,158400.00,EUR,Direct,Completed
OL00001623,O0000915,2025-04-11,C00112,P0035,SR008,2,1237.50,0.10,2227.50,EUR,Partner,Completed
OL00001624,O0000916,2025-10-21,C00292,P0007,SR010,10,9000.00,0.10,81000.00,EUR,Direct,Completed
OL00001625,O0000917,2024-06-10,C00436,P0030,SR012,1,6480.00,0.00,6480.00,EUR,Online,Completed
OL00001626,O0000917,2024-06-10,C00436,P0074,SR012,2,7920.00,0.00,15840.00,EUR,Online,Completed
OL00001627,O0000918,2024-12-01,C00424,P0063,SR009,2,12960.00,0.00,0.00,EUR,Direct,Cancelled
OL00001628,O0000918,2024-12-01,C00424,P0025,SR009,5,3200.00,0.00,0.00,EUR,Direct,Cancelled
OL00001629,O0000919,2023-05-14,C00128,P0051,SR011,3,12960.00,0.15,0.00,EUR,Direct,Cancelled
OL00001630,O0000920,2023-10-17,C00080,P0012,SR002,2,17550.00,0.10,31590.00,EUR,Partner,Completed
OL00001631,O0000920,2023-10-17,C00080,P0061,SR002,1,3200.00,0.10,2880.00,EUR,Partner,Completed
OL00001632,O0000921,2025-09-13,C00348,P0009,SR006,2,24300.00,0.15,41310.00,EUR,Online,Completed
OL00001633,O0000921,2025-09-13,C00348,P0012,SR006,1,17550.00,0.00,17550.00,EUR,Online,Completed
OL00001634,O0000921,2025-09-13,C00348,P0024,SR006,2,3375.00,0.10,6075.00,EUR,Online,Completed
OL00001635,O0000922,2026-06-27,C00096,P0065,SR012,1,5280.00,0.00,5280.00,EUR,Partner,Completed
OL00001636,O0000923,2025-07-11,C00479,P0011,SR001,4,808.50,0.05,3072.30,EUR,Direct,Completed
OL00001637,O0000923,2025-07-11,C00479,P0062,SR001,1,7920.00,0.00,7920.00,EUR,Direct,Completed
OL00001638,O0000923,2025-07-11,C00479,P0030,SR001,2,6480.00,0.00,12960.00,EUR,Direct,Completed
OL00001639,O0000923,2025-07-11,C00479,P0063,SR001,1,12960.00,0.10,11664.00,EUR,Direct,Completed
OL00001640,O0000924,2024-08-29,C00374,P0009,SR002,1,24300.00,0.20,19440.00,EUR,Direct,Completed
OL00001641,O0000925,2025-02-28,C00106,P0059,SR009,2,14850.00,0.05,28215.00,EUR,Online,Completed
OL00001642,O0000926,2025-01-14,C00490,P0015,SR003,5,17550.00,0.05,83362.50,EUR,Online,Returned
OL00001643,O0000927,2023-10-06,C00163,P0004,SR009,4,6500.00,0.00,26000.00,EUR,Direct,Returned
OL00001644,O0000927,2023-10-06,C00163,P0067,SR009,1,2400.00,0.15,2040.00,EUR,Direct,Returned
OL00001645,O0000928,2025-12-10,C00397,P0060,SR011,3,17550.00,0.00,52650.00,EUR,Partner,Completed
OL00001646,O0000929,2024-11-28,C00274,P0006,SR010,3,3375.00,0.05,9618.75,EUR,Direct,Completed
OL00001647,O0000929,2024-11-28,C00274,P0062,SR010,1,7920.00,0.00,7920.00,EUR,Direct,Completed
OL00001648,O0000930,2026-03-28,C00408,P0016,SR004,2,490.00,0.00,980.00,EUR,Direct,Completed
OL00001649,O0000930,2026-03-28,C00408,P0003,SR004,10,8640.00,0.05,82080.00,EUR,Direct,Completed
OL00001650,O0000930,2026-03-28,C00408,P0009,SR004,2,24300.00,0.20,38880.00,EUR,Direct,Completed
OL00001651,O0000930,2026-03-28,C00408,P0028,SR004,3,750.00,0.00,2250.00,EUR,Direct,Completed
OL00001652,O0000931,2025-04-03,C00241,P0029,SR011,2,14850.00,0.05,28215.00,EUR,Direct,Completed
OL00001653,O0000932,2023-12-11,C00123,P0027,SR001,4,24300.00,0.00,0.00,EUR,Direct,Cancelled
OL00001654,O0000933,2025-12-06,C00349,P0001,SR005,4,490.00,0.05,1862.00,EUR,Direct,Completed
OL00001655,O0000933,2025-12-06,C00349,P0005,SR005,3,10725.00,0.05,30566.25,EUR,Direct,Completed
OL00001656,O0000933,2025-12-06,C00349,P0075,SR005,3,6480.00,0.00,19440.00,EUR,Direct,Completed
OL00001657,O0000934,2026-08-09,C00277,P0029,SR006,1,14850.00,0.00,14850.00,EUR,Partner,Completed
OL00001658,O0000934,2026-08-09,C00277,P0060,SR006,1,17550.00,0.00,17550.00,EUR,Partner,Completed
OL00001659,O0000935,2025-01-27,C00207,P0007,SR002,2,9000.00,0.00,18000.00,EUR,Partner,Completed
OL00001660,O0000936,2024-09-27,C00085,P0020,SR008,2,14850.00,0.05,28215.00,EUR,Online,Completed
OL00001661,O0000936,2024-09-27,C00085,P0047,SR008,2,3960.00,0.00,7920.00,EUR,Online,Completed
OL00001662,O0000937,2024-03-10,C00254,P0066,SR001,4,3375.00,0.10,12150.00,EUR,Partner,Completed
OL00001663,O0000938,2026-07-31,C00165,P0020,SR005,1,14850.00,0.15,12622.50,EUR,Online,Completed
OL00001664,O0000939,2026-01-07,C00384,P0053,SR007,4,2062.50,0.05,7837.50,EUR,Online,Returned
OL00001665,O0000939,2026-01-07,C00384,P0058,SR007,2,2400.00,0.10,4320.00,EUR,Online,Returned
OL00001666,O0000939,2026-01-07,C00384,P0037,SR007,5,4800.00,0.05,22800.00,EUR,Online,Returned
OL00001667,O0000940,2023-09-13,C00409,P0031,SR006,1,6500.00,0.10,5850.00,EUR,Partner,Completed
OL00001668,O0000940,2023-09-13,C00409,P0041,SR006,20,1237.50,0.15,21037.50,EUR,Partner,Completed
OL00001669,O0000941,2026-02-04,C00364,P0006,SR004,1,3375.00,0.15,2868.75,EUR,Direct,Completed
OL00001670,O0000941,2026-02-04,C00364,P0051,SR004,1,12960.00,0.00,12960.00,EUR,Direct,Completed
OL00001671,O0000941,2026-02-04,C00364,P0055,SR004,1,490.00,0.00,490.00,EUR,Direct,Completed
OL00001672,O0000942,2023-07-30,C00403,P0020,SR002,1,14850.00,0.20,11880.00,EUR,Partner,Completed
OL00001673,O0000943,2025-02-24,C00279,P0039,SR008,10,12960.00,0.00,129600.00,EUR,Direct,Completed
OL00001674,O0000943,2025-02-24,C00279,P0071,SR008,1,808.50,0.00,808.50,EUR,Direct,Completed
OL00001675,O0000944,2023-04-26,C00125,P0025,SR001,10,3200.00,0.00,32000.00,EUR,Partner,Completed
OL00001676,O0000945,2025-05-01,C00198,P0009,SR011,3,24300.00,0.15,61965.00,EUR,Partner,Completed
OL00001677,O0000946,2026-03-21,C00388,P0070,SR001,1,750.00,0.15,637.50,EUR,Direct,Returned
OL00001678,O0000946,2026-03-21,C00388,P0011,SR001,10,808.50,0.10,7276.50,EUR,Direct,Returned
OL00001679,O0000946,2026-03-21,C00388,P0006,SR001,2,3375.00,0.00,6750.00,EUR,Direct,Returned
OL00001680,O0000947,2025-04-05,C00227,P0037,SR001,1,4800.00,0.00,4800.00,EUR,Partner,Completed
OL00001681,O0000948,2026-09-10,C00374,P0015,SR004,1,17550.00,0.00,17550.00,EUR,Online,Completed
OL00001682,O0000949,2026-03-03,C00338,P0072,SR009,10,2673.00,0.00,26730.00,EUR,Direct,Completed
OL00001683,O0000950,2024-07-13,C00389,P0002,SR009,1,1633.50,0.05,1551.82,EUR,Partner,Completed
OL00001684,O0000951,2025-09-20,C00094,P0051,SR012,1,12960.00,0.00,12960.00,EUR,Online,Completed
OL00001685,O0000952,2024-01-31,C00217,P0010,SR006,1,3200.00,0.05,3040.00,EUR,Direct,Completed
OL00001686,O0000953,2024-10-19,C00445,P0041,SR008,20,1237.50,0.10,22275.00,EUR,Direct,Completed
OL00001687,O0000953,2024-10-19,C00445,P0049,SR008,3,1250.00,0.05,3562.50,EUR,Direct,Completed
OL00001688,O0000954,2025-11-25,C00418,P0058,SR011,4,2400.00,0.00,9600.00,EUR,Online,Completed
OL00001689,O0000955,2024-12-17,C00236,P0066,SR008,2,3375.00,0.05,0.00,EUR,Partner,Cancelled
OL00001690,O0000955,2024-12-17,C00236,P0045,SR008,1,6480.00,0.10,0.00,EUR,Partner,Cancelled
OL00001691,O0000956,2025-11-10,C00487,P0009,SR003,2,24300.00,0.05,46170.00,EUR,Direct,Completed
OL00001692,O0000956,2025-11-10,C00487,P0053,SR003,1,2062.50,0.00,2062.50,EUR,Direct,Completed
OL00001693,O0000956,2025-11-10,C00487,P0059,SR003,2,14850.00,0.00,29700.00,EUR,Direct,Completed
OL00001694,O0000956,2025-11-10,C00487,P0056,SR003,1,7920.00,0.00,7920.00,EUR,Direct,Completed
OL00001695,O0000957,2026-05-24,C00493,P0074,SR007,2,7920.00,0.00,0.00,EUR,Direct,Cancelled
OL00001696,O0000957,2026-05-24,C00493,P0017,SR007,2,5280.00,0.00,0.00,EUR,Direct,Cancelled
OL00001697,O0000958,2024-07-01,C00316,P0055,SR003,2,490.00,0.05,931.00,EUR,Direct,Completed
OL00001698,O0000959,2024-10-03,C00498,P0016,SR005,4,490.00,0.15,1666.00,EUR,Online,Completed
OL00001699,O0000960,2025-11-28,C00203,P0066,SR009,10,3375.00,0.15,28687.50,EUR,Direct,Completed
OL00001700,O0000960,2025-11-28,C00203,P0060,SR009,1,17550.00,0.00,17550.00,EUR,Direct,Completed
OL00001701,O0000960,2025-11-28,C00203,P0035,SR009,1,1237.50,0.10,1113.75,EUR,Direct,Completed
OL00001702,O0000960,2025-11-28,C00203,P0009,SR009,5,24300.00,0.00,121500.00,EUR,Direct,Completed
OL00001703,O0000961,2024-12-04,C00314,P0013,SR008,1,3200.00,0.00,3200.00,EUR,Direct,Completed
OL00001704,O0000961,2024-12-04,C00314,P0049,SR008,2,1250.00,0.00,2500.00,EUR,Direct,Completed
OL00001705,O0000961,2024-12-04,C00314,P0035,SR008,1,1237.50,0.05,1175.62,EUR,Direct,Completed
OL00001706,O0000962,2025-08-10,C00326,P0050,SR010,1,2062.50,0.05,1959.38,EUR,Online,Completed
OL00001707,O0000963,2024-11-07,C00494,P0014,SR002,1,7920.00,0.00,7920.00,EUR,Online,Completed
OL00001708,O0000963,2024-11-07,C00494,P0061,SR002,2,3200.00,0.10,5760.00,EUR,Online,Completed
OL00001709,O0000963,2024-11-07,C00494,P0052,SR002,4,2400.00,0.15,8160.00,EUR,Online,Completed
OL00001710,O0000964,2024-09-08,C00105,P0057,SR003,1,6480.00,0.15,5508.00,EUR,Partner,Completed
OL00001711,O0000964,2024-09-08,C00105,P0069,SR003,1,12960.00,0.05,12312.00,EUR,Partner,Completed
OL00001712,O0000964,2024-09-08,C00105,P0047,SR003,1,3960.00,0.05,3762.00,EUR,Partner,Completed
OL00001713,O0000965,2025-02-19,C00221,P0052,SR012,1,2400.00,0.15,2040.00,EUR,Direct,Completed
OL00001714,O0000966,2024-12-16,C00056,P0019,SR006,1,3200.00,0.00,3200.00,EUR,Direct,Completed
OL00001715,O0000967,2024-05-14,C00462,P0068,SR010,3,1237.50,0.15,3155.62,EUR,Online,Completed
OL00001716,O0000968,2025-01-19,C00114,P0002,SR007,1,1633.50,0.15,1388.47,EUR,Partner,Completed
OL00001717,O0000968,2025-01-19,C00114,P0049,SR007,2,1250.00,0.10,2250.00,EUR,Partner,Completed
OL00001718,O0000968,2025-01-19,C00114,P0007,SR007,3,9000.00,0.00,27000.00,EUR,Partner,Completed
OL00001719,O0000969,2023-09-05,C00364,P0004,SR002,3,6500.00,0.10,17550.00,EUR,Online,Completed
OL00001720,O0000970,2025-04-01,C00099,P0057,SR011,4,6480.00,0.10,23328.00,EUR,Direct,Completed
OL00001721,O0000970,2025-04-01,C00099,P0005,SR011,1,10725.00,0.10,9652.50,EUR,Direct,Completed
OL00001722,O0000971,2024-11-21,C00233,P0058,SR012,1,2400.00,0.15,2040.00,EUR,Online,Completed
OL00001723,O0000972,2025-03-20,C00359,P0025,SR005,1,3200.00,0.10,2880.00,EUR,Direct,Completed
OL00001724,O0000972,2025-03-20,C00359,P0032,SR005,2,2970.00,0.00,5940.00,EUR,Direct,Completed
OL00001725,O0000972,2025-03-20,C00359,P0053,SR005,1,2062.50,0.00,2062.50,EUR,Direct,Completed
OL00001726,O0000973,2026-06-22,C00182,P0036,SR011,3,8640.00,0.10,23328.00,EUR,Direct,Returned
OL00001727,O0000973,2026-06-22,C00182,P0063,SR011,3,12960.00,0.00,38880.00,EUR,Direct,Returned
OL00001728,O0000973,2026-06-22,C00182,P0064,SR011,2,490.00,0.00,980.00,EUR,Direct,Returned
OL00001729,O0000974,2024-11-11,C00170,P0054,SR012,2,17550.00,0.10,31590.00,EUR,Online,Completed
OL00001730,O0000974,2024-11-11,C00170,P0055,SR012,3,490.00,0.10,1323.00,EUR,Online,Completed
OL00001731,O0000974,2024-11-11,C00170,P0046,SR012,2,3200.00,0.20,5120.00,EUR,Online,Completed
OL00001732,O0000975,2023-11-24,C00168,P0002,SR005,3,1633.50,0.00,4900.50,EUR,Direct,Completed
OL00001733,O0000975,2023-11-24,C00168,P0055,SR005,10,490.00,0.15,4165.00,EUR,Direct,Completed
OL00001734,O0000976,2025-06-24,C00019,P0051,SR003,3,12960.00,0.00,38880.00,EUR,Partner,Completed
OL00001735,O0000977,2025-04-12,C00500,P0004,SR008,1,6500.00,0.15,5525.00,EUR,Direct,Completed
OL00001736,O0000977,2025-04-12,C00500,P0071,SR008,1,808.50,0.05,768.07,EUR,Direct,Completed
OL00001737,O0000978,2024-11-28,C00101,P0065,SR008,4,5280.00,0.00,21120.00,EUR,Direct,Completed
OL00001738,O0000979,2023-09-19,C00091,P0031,SR003,1,6500.00,0.00,6500.00,EUR,Online,Completed
OL00001739,O0000979,2023-09-19,C00091,P0016,SR003,2,490.00,0.10,882.00,EUR,Online,Completed
OL00001740,O0000979,2023-09-19,C00091,P0011,SR003,1,808.50,0.00,808.50,EUR,Online,Completed
OL00001741,O0000980,2023-07-22,C00392,P0003,SR009,4,8640.00,0.10,31104.00,EUR,Direct,Completed
OL00001742,O0000981,2023-05-31,C00200,P0004,SR004,20,6500.00,0.15,110500.00,EUR,Direct,Completed
OL00001743,O0000982,2026-02-26,C00168,P0066,SR006,3,3375.00,0.00,10125.00,EUR,Partner,Completed
OL00001744,O0000982,2026-02-26,C00168,P0018,SR006,4,1323.00,0.05,5027.40,EUR,Partner,Completed
OL00001745,O0000983,2024-06-02,C00444,P0059,SR011,2,14850.00,0.00,29700.00,EUR,Direct,Completed
OL00001746,O0000983,2024-06-02,C00444,P0008,SR011,1,1237.50,0.00,1237.50,EUR,Direct,Completed
OL00001747,O0000983,2024-06-02,C00444,P0070,SR011,3,750.00,0.00,2250.00,EUR,Direct,Completed
OL00001748,O0000984,2025-08-26,C00188,P0001,SR007,1,490.00,0.15,416.50,EUR,Online,Completed
OL00001749,O0000985,2023-11-02,C00105,P0056,SR011,2,7920.00,0.05,0.00,EUR,Online,Cancelled
OL00001750,O0000985,2023-11-02,C00105,P0050,SR011,1,2062.50,0.05,0.00,EUR,Online,Cancelled
OL00001751,O0000986,2025-02-25,C00478,P0020,SR011,2,14850.00,0.00,29700.00,EUR,Direct,Completed
OL00001752,O0000986,2025-02-25,C00478,P0001,SR011,5,490.00,0.20,1960.00,EUR,Direct,Completed
OL00001753,O0000986,2025-02-25,C00478,P0035,SR011,1,1237.50,0.20,990.00,EUR,Direct,Completed
OL00001754,O0000987,2025-01-25,C00233,P0040,SR009,20,4800.00,0.20,76800.00,EUR,Direct,Completed
OL00001755,O0000988,2023-08-01,C00408,P0005,SR002,10,10725.00,0.15,91162.50,EUR,Online,Returned
OL00001756,O0000989,2025-09-04,C00354,P0014,SR012,1,7920.00,0.05,7524.00,EUR,Direct,Completed
OL00001757,O0000990,2024-02-23,C00333,P0039,SR004,1,12960.00,0.05,12312.00,EUR,Direct,Completed
OL00001758,O0000990,2024-02-23,C00333,P0067,SR004,3,2400.00,0.00,7200.00,EUR,Direct,Completed
OL00001759,O0000990,2024-02-23,C00333,P0009,SR004,1,24300.00,0.00,24300.00,EUR,Direct,Completed
OL00001760,O0000991,2024-04-23,C00018,P0033,SR004,10,17550.00,0.10,157950.00,EUR,Online,Completed
OL00001761,O0000991,2024-04-23,C00018,P0068,SR004,2,1237.50,0.00,2475.00,EUR,Online,Completed
OL00001762,O0000991,2024-04-23,C00018,P0035,SR004,3,1237.50,0.05,3526.88,EUR,Online,Completed
OL00001763,O0000992,2025-12-09,C00156,P0065,SR011,10,5280.00,0.00,52800.00,EUR,Direct,Completed
OL00001764,O0000993,2024-06-08,C00445,P0074,SR007,2,7920.00,0.00,15840.00,EUR,Direct,Completed
OL00001765,O0000993,2024-06-08,C00445,P0044,SR007,3,14850.00,0.00,44550.00,EUR,Direct,Completed
OL00001766,O0000994,2026-09-06,C00340,P0046,SR003,5,3200.00,0.20,12800.00,EUR,Partner,Completed
OL00001767,O0000994,2026-09-06,C00340,P0016,SR003,1,490.00,0.05,465.50,EUR,Partner,Completed
OL00001768,O0000995,2025-08-10,C00386,P0043,SR002,1,490.00,0.10,441.00,EUR,Direct,Completed
OL00001769,O0000995,2025-08-10,C00386,P0048,SR002,3,17550.00,0.00,52650.00,EUR,Direct,Completed
OL00001770,O0000996,2025-06-18,C00013,P0058,SR008,1,2400.00,0.00,2400.00,EUR,Online,Completed
OL00001771,O0000997,2024-11-02,C00193,P0011,SR011,20,808.50,0.00,16170.00,EUR,Online,Completed
OL00001772,O0000998,2023-04-19,C00437,P0073,SR006,1,9000.00,0.10,0.00,EUR,Partner,Cancelled
OL00001773,O0000998,2023-04-19,C00437,P0033,SR006,2,17550.00,0.10,0.00,EUR,Partner,Cancelled
OL00001774,O0000999,2024-02-03,C00326,P0029,SR008,1,14850.00,0.05,14107.50,EUR,Direct,Completed
OL00001775,O0001000,2025-07-14,C00177,P0056,SR012,2,7920.00,0.00,15840.00,EUR,Online,Completed
OL00001776,O0001001,2023-02-03,C00495,P0035,SR010,2,1237.50,0.00,2475.00,EUR,Direct,Completed
OL00001777,O0001002,2025-12-22,C00221,P0022,SR010,2,6500.00,0.10,11700.00,EUR,Direct,Completed
OL00001778,O0001003,2024-12-30,C00028,P0064,SR006,1,490.00,0.10,0.00,EUR,Direct,Cancelled
OL00001779,O0001004,2026-01-21,C00013,P0048,SR010,5,17550.00,0.00,87750.00,EUR,Online,Completed
OL00001780,O0001004,2026-01-21,C00013,P0058,SR010,1,2400.00,0.10,2160.00,EUR,Online,Completed
OL00001781,O0001004,2026-01-21,C00013,P0026,SR010,2,2970.00,0.10,5346.00,EUR,Online,Completed
OL00001782,O0001004,2026-01-21,C00013,P0037,SR010,3,4800.00,0.20,11520.00,EUR,Online,Completed
OL00001783,O0001005,2025-07-06,C00086,P0006,SR008,1,3375.00,0.00,3375.00,EUR,Online,Completed
OL00001784,O0001005,2025-07-06,C00086,P0017,SR008,1,5280.00,0.00,5280.00,EUR,Online,Completed
OL00001785,O0001005,2025-07-06,C00086,P0018,SR008,4,1323.00,0.05,5027.40,EUR,Online,Completed
OL00001786,O0001006,2025-04-29,C00469,P0057,SR011,3,6480.00,0.00,0.00,EUR,Partner,Cancelled
OL00001787,O0001007,2025-12-08,C00411,P0023,SR001,1,808.50,0.10,727.65,EUR,Online,Returned
OL00001788,O0001007,2025-12-08,C00411,P0052,SR001,4,2400.00,0.15,8160.00,EUR,Online,Returned
OL00001789,O0001008,2024-12-31,C00095,P0050,SR011,1,2062.50,0.05,1959.38,EUR,Partner,Completed
OL00001790,O0001009,2026-03-27,C00120,P0072,SR006,1,2673.00,0.20,2138.40,EUR,Direct,Completed
OL00001791,O0001009,2026-03-27,C00120,P0067,SR006,1,2400.00,0.15,2040.00,EUR,Direct,Completed
OL00001792,O0001010,2026-04-18,C00337,P0074,SR002,1,7920.00,0.00,7920.00,EUR,Direct,Completed
OL00001793,O0001011,2026-03-20,C00118,P0068,SR008,2,1237.50,0.00,0.00,EUR,Direct,Cancelled
OL00001794,O0001012,2025-02-19,C00013,P0043,SR001,3,490.00,0.05,1396.50,EUR,Direct,Completed
OL00001795,O0001013,2023-09-23,C00306,P0011,SR003,3,808.50,0.10,2182.95,EUR,Direct,Completed
OL00001796,O0001013,2023-09-23,C00306,P0049,SR003,2,1250.00,0.10,2250.00,EUR,Direct,Completed
OL00001797,O0001013,2023-09-23,C00306,P0027,SR003,3,24300.00,0.00,72900.00,EUR,Direct,Completed
OL00001798,O0001014,2024-04-17,C00193,P0043,SR001,2,490.00,0.00,980.00,EUR,Direct,Completed
OL00001799,O0001015,2024-07-28,C00437,P0069,SR006,3,12960.00,0.05,36936.00,EUR,Direct,Completed
OL00001800,O0001016,2023-01-17,C00294,P0060,SR009,2,17550.00,0.00,35100.00,EUR,Direct,Completed
OL00001801,O0001016,2023-01-17,C00294,P0004,SR009,20,6500.00,0.05,123500.00,EUR,Direct,Completed
OL00001802,O0001017,2026-03-14,C00054,P0041,SR008,2,1237.50,0.05,2351.25,EUR,Direct,Completed
OL00001803,O0001018,2025-11-12,C00414,P0027,SR011,1,24300.00,0.05,23085.00,EUR,Online,Completed
OL00001804,O0001018,2025-11-12,C00414,P0006,SR011,3,3375.00,0.15,8606.25,EUR,Online,Completed
OL00001805,O0001019,2025-09-13,C00021,P0014,SR003,3,7920.00,0.00,23760.00,EUR,Direct,Completed
OL00001806,O0001019,2025-09-13,C00021,P0051,SR003,1,12960.00,0.00,12960.00,EUR,Direct,Completed
OL00001807,O0001019,2025-09-13,C00021,P0045,SR003,2,6480.00,0.15,11016.00,EUR,Direct,Completed
OL00001808,O0001020,2025-06-14,C00398,P0065,SR012,1,5280.00,0.05,5016.00,EUR,Direct,Returned
OL00001809,O0001020,2025-06-14,C00398,P0056,SR012,1,7920.00,0.00,7920.00,EUR,Direct,Returned
OL00001810,O0001020,2025-06-14,C00398,P0025,SR012,1,3200.00,0.15,2720.00,EUR,Direct,Returned
OL00001811,O0001021,2026-04-26,C00447,P0031,SR006,2,6500.00,0.05,12350.00,EUR,Partner,Completed
OL00001812,O0001022,2024-09-09,C00037,P0015,SR007,3,17550.00,0.15,44752.50,EUR,Direct,Completed
OL00001813,O0001023,2026-01-12,C00204,P0032,SR012,1,2970.00,0.05,2821.50,EUR,Direct,Returned
OL00001814,O0001024,2023-12-20,C00128,P0041,SR005,2,1237.50,0.00,2475.00,EUR,Partner,Completed
OL00001815,O0001024,2023-12-20,C00128,P0013,SR005,2,3200.00,0.10,5760.00,EUR,Partner,Completed
OL00001816,O0001024,2023-12-20,C00128,P0015,SR005,5,17550.00,0.10,78975.00,EUR,Partner,Completed
OL00001817,O0001024,2023-12-20,C00128,P0016,SR005,2,490.00,0.00,980.00,EUR,Partner,Completed
OL00001818,O0001025,2023-03-22,C00416,P0027,SR010,3,24300.00,0.20,58320.00,EUR,Direct,Completed
OL00001819,O0001025,2023-03-22,C00416,P0063,SR010,10,12960.00,0.05,123120.00,EUR,Direct,Completed
OL00001820,O0001025,2023-03-22,C00416,P0060,SR010,1,17550.00,0.05,16672.50,EUR,Direct,Completed
OL00001821,O0001026,2023-05-25,C00317,P0009,SR012,3,24300.00,0.15,61965.00,EUR,Direct,Completed
OL00001822,O0001026,2023-05-25,C00317,P0047,SR012,1,3960.00,0.00,3960.00,EUR,Direct,Completed
OL00001823,O0001026,2023-05-25,C00317,P0024,SR012,1,3375.00,0.10,3037.50,EUR,Direct,Completed
OL00001824,O0001027,2026-04-26,C00461,P0054,SR002,1,17550.00,0.05,16672.50,EUR,Direct,Completed
OL00001825,O0001028,2025-09-10,C00056,P0039,SR006,2,12960.00,0.10,23328.00,EUR,Direct,Completed
OL00001826,O0001029,2026-04-07,C00151,P0050,SR001,3,2062.50,0.05,5878.12,EUR,Direct,Completed
OL00001827,O0001030,2026-01-27,C00300,P0007,SR002,3,9000.00,0.10,24300.00,EUR,Partner,Completed
OL00001828,O0001031,2025-09-07,C00086,P0071,SR010,1,808.50,0.05,768.07,EUR,Partner,Returned
OL00001829,O0001031,2025-09-07,C00086,P0005,SR010,3,10725.00,0.10,28957.50,EUR,Partner,Returned
OL00001830,O0001032,2023-03-21,C00203,P0007,SR006,2,9000.00,0.00,18000.00,EUR,Direct,Completed
OL00001831,O0001033,2023-05-04,C00457,P0053,SR002,3,2062.50,0.00,6187.50,EUR,Direct,Completed
OL00001832,O0001033,2023-05-04,C00457,P0036,SR002,2,8640.00,0.10,15552.00,EUR,Direct,Completed
OL00001833,O0001034,2023-04-12,C00468,P0022,SR005,1,6500.00,0.00,6500.00,EUR,Online,Completed
OL00001834,O0001035,2025-12-10,C00106,P0054,SR002,5,17550.00,0.15,74587.50,EUR,Direct,Completed
OL00001835,O0001035,2025-12-10,C00106,P0071,SR002,5,808.50,0.00,4042.50,EUR,Direct,Completed
OL00001836,O0001035,2025-12-10,C00106,P0075,SR002,2,6480.00,0.00,12960.00,EUR,Direct,Completed
OL00001837,O0001035,2025-12-10,C00106,P0042,SR002,1,4860.00,0.10,4374.00,EUR,Direct,Completed
OL00001838,O0001036,2026-04-25,C00216,P0070,SR007,4,750.00,0.00,3000.00,EUR,Direct,Completed
OL00001839,O0001037,2024-08-19,C00062,P0027,SR008,2,24300.00,0.15,41310.00,EUR,Direct,Completed
OL00001840,O0001037,2024-08-19,C00062,P0009,SR008,1,24300.00,0.10,21870.00,EUR,Direct,Completed
OL00001841,O0001038,2023-12-28,C00006,P0041,SR012,1,1237.50,0.20,990.00,EUR,Direct,Completed
OL00001842,O0001039,2026-06-12,C00219,P0014,SR004,1,7920.00,0.05,7524.00,EUR,Partner,Completed
OL00001843,O0001039,2026-06-12,C00219,P0056,SR004,1,7920.00,0.15,6732.00,EUR,Partner,Completed
OL00001844,O0001040,2023-10-07,C00495,P0035,SR007,2,1237.50,0.05,2351.25,EUR,Partner,Completed
OL00001845,O0001040,2023-10-07,C00495,P0018,SR007,2,1323.00,0.05,2513.70,EUR,Partner,Completed
OL00001846,O0001040,2023-10-07,C00495,P0001,SR007,1,490.00,0.00,490.00,EUR,Partner,Completed
OL00001847,O0001041,2025-03-26,C00235,P0032,SR007,1,2970.00,0.15,2524.50,EUR,Direct,Completed
OL00001848,O0001041,2025-03-26,C00235,P0003,SR007,3,8640.00,0.10,23328.00,EUR,Direct,Completed
OL00001849,O0001041,2025-03-26,C00235,P0062,SR007,2,7920.00,0.10,14256.00,EUR,Direct,Completed
OL00001850,O0001041,2025-03-26,C00235,P0041,SR007,1,1237.50,0.15,1051.88,EUR,Direct,Completed
OL00001851,O0001042,2023-09-17,C00416,P0007,SR004,3,9000.00,0.15,22950.00,EUR,Direct,Completed
OL00001852,O0001043,2025-03-24,C00113,P0018,SR008,2,1323.00,0.00,2646.00,EUR,Direct,Completed
OL00001853,O0001044,2025-05-28,C00300,P0046,SR011,1,3200.00,0.00,3200.00,EUR,Direct,Completed
OL00001854,O0001044,2025-05-28,C00300,P0067,SR011,2,2400.00,0.00,4800.00,EUR,Direct,Completed
OL00001855,O0001045,2024-08-07,C00365,P0019,SR001,10,3200.00,0.00,32000.00,EUR,Direct,Completed
OL00001856,O0001046,2025-05-04,C00271,P0036,SR001,3,8640.00,0.10,23328.00,EUR,Direct,Completed
OL00001857,O0001046,2025-05-04,C00271,P0049,SR001,1,1250.00,0.10,1125.00,EUR,Direct,Completed
OL00001858,O0001047,2024-09-19,C00098,P0032,SR012,10,2970.00,0.00,29700.00,EUR,Partner,Completed
OL00001859,O0001048,2025-11-17,C00332,P0016,SR005,1,490.00,0.20,392.00,EUR,Online,Completed
OL00001860,O0001049,2026-02-24,C00382,P0053,SR003,10,2062.50,0.15,17531.25,EUR,Direct,Completed
OL00001861,O0001049,2026-02-24,C00382,P0005,SR003,1,10725.00,0.05,10188.75,EUR,Direct,Completed
OL00001862,O0001050,2025-06-01,C00142,P0069,SR007,2,12960.00,0.20,20736.00,EUR,Direct,Completed
OL00001863,O0001050,2025-06-01,C00142,P0014,SR007,1,7920.00,0.15,6732.00,EUR,Direct,Completed
OL00001864,O0001051,2026-09-06,C00071,P0075,SR005,10,6480.00,0.15,55080.00,EUR,Direct,Completed
OL00001865,O0001051,2026-09-06,C00071,P0074,SR005,1,7920.00,0.05,7524.00,EUR,Direct,Completed
OL00001866,O0001051,2026-09-06,C00071,P0048,SR005,1,17550.00,0.10,15795.00,EUR,Direct,Completed
OL00001867,O0001052,2023-04-26,C00375,P0070,SR011,3,750.00,0.10,2025.00,EUR,Partner,Completed
OL00001868,O0001052,2023-04-26,C00375,P0024,SR011,1,3375.00,0.10,3037.50,EUR,Partner,Completed
OL00001869,O0001052,2023-04-26,C00375,P0051,SR011,1,12960.00,0.00,12960.00,EUR,Partner,Completed
OL00001870,O0001052,2023-04-26,C00375,P0045,SR011,2,6480.00,0.00,12960.00,EUR,Partner,Completed
OL00001871,O0001053,2025-08-14,C00190,P0029,SR001,2,14850.00,0.10,26730.00,EUR,Direct,Completed
OL00001872,O0001054,2024-05-14,C00497,P0048,SR011,1,17550.00,0.10,15795.00,EUR,Direct,Completed
OL00001873,O0001055,2024-07-11,C00384,P0028,SR010,2,750.00,0.15,1275.00,EUR,Direct,Completed
OL00001874,O0001055,2024-07-11,C00384,P0059,SR010,1,14850.00,0.05,14107.50,EUR,Direct,Completed
OL00001875,O0001056,2024-04-07,C00290,P0035,SR003,2,1237.50,0.00,2475.00,EUR,Direct,Completed
OL00001876,O0001057,2025-01-03,C00069,P0056,SR002,1,7920.00,0.20,6336.00,EUR,Online,Completed
OL00001877,O0001057,2025-01-03,C00069,P0013,SR002,4,3200.00,0.05,12160.00,EUR,Online,Completed
OL00001878,O0001057,2025-01-03,C00069,P0055,SR002,1,490.00,0.15,416.50,EUR,Online,Completed
OL00001879,O0001058,2023-02-28,C00475,P0008,SR011,3,1237.50,0.20,2970.00,EUR,Direct,Completed
OL00001880,O0001058,2023-02-28,C00475,P0007,SR011,2,9000.00,0.05,17100.00,EUR,Direct,Completed
OL00001881,O0001059,2025-05-09,C00094,P0009,SR008,2,24300.00,0.00,48600.00,EUR,Partner,Completed
OL00001882,O0001060,2024-04-13,C00370,P0075,SR005,1,6480.00,0.00,6480.00,EUR,Direct,Completed
OL00001883,O0001061,2023-05-22,C00127,P0001,SR006,1,490.00,0.20,392.00,EUR,Partner,Completed
OL00001884,O0001062,2025-12-27,C00367,P0067,SR002,3,2400.00,0.00,7200.00,EUR,Partner,Returned
OL00001885,O0001063,2026-01-19,C00295,P0038,SR011,4,2970.00,0.10,10692.00,EUR,Direct,Completed
OL00001886,O0001063,2026-01-19,C00295,P0048,SR011,20,17550.00,0.15,298350.00,EUR,Direct,Completed
OL00001887,O0001063,2026-01-19,C00295,P0072,SR011,1,2673.00,0.05,2539.35,EUR,Direct,Completed
OL00001888,O0001064,2025-12-30,C00099,P0059,SR009,3,14850.00,0.00,44550.00,EUR,Direct,Completed
OL00001889,O0001065,2024-01-26,C00392,P0055,SR009,1,490.00,0.15,416.50,EUR,Direct,Returned
OL00001890,O0001066,2026-02-16,C00463,P0043,SR008,5,490.00,0.00,2450.00,EUR,Direct,Completed
OL00001891,O0001067,2025-12-25,C00047,P0073,SR009,1,9000.00,0.10,8100.00,EUR,Direct,Completed
OL00001892,O0001068,2025-07-03,C00419,P0037,SR007,1,4800.00,0.00,4800.00,EUR,Online,Completed
OL00001893,O0001069,2024-10-11,C00240,P0046,SR008,5,3200.00,0.10,14400.00,EUR,Online,Completed
OL00001894,O0001069,2024-10-11,C00240,P0007,SR008,5,9000.00,0.10,40500.00,EUR,Online,Completed
OL00001895,O0001069,2024-10-11,C00240,P0035,SR008,2,1237.50,0.00,2475.00,EUR,Online,Completed
OL00001896,O0001070,2025-02-18,C00424,P0064,SR010,1,490.00,0.00,490.00,EUR,Direct,Completed
OL00001897,O0001070,2025-02-18,C00424,P0047,SR010,1,3960.00,0.00,3960.00,EUR,Direct,Completed
OL00001898,O0001071,2025-09-19,C00066,P0071,SR012,3,808.50,0.10,2182.95,EUR,Direct,Completed
OL00001899,O0001071,2025-09-19,C00066,P0060,SR012,1,17550.00,0.00,17550.00,EUR,Direct,Completed
OL00001900,O0001071,2025-09-19,C00066,P0069,SR012,2,12960.00,0.00,25920.00,EUR,Direct,Completed
OL00001901,O0001072,2025-06-14,C00018,P0034,SR001,2,490.00,0.05,931.00,EUR,Online,Completed
OL00001902,O0001073,2025-06-24,C00327,P0038,SR006,3,2970.00,0.00,8910.00,EUR,Direct,Completed
OL00001903,O0001073,2025-06-24,C00327,P0053,SR006,1,2062.50,0.20,1650.00,EUR,Direct,Completed
OL00001904,O0001074,2025-05-11,C00019,P0033,SR011,1,17550.00,0.10,15795.00,EUR,Online,Completed
OL00001905,O0001075,2023-03-11,C00424,P0059,SR006,2,14850.00,0.10,26730.00,EUR,Direct,Completed
OL00001906,O0001075,2023-03-11,C00424,P0007,SR006,10,9000.00,0.00,90000.00,EUR,Direct,Completed
OL00001907,O0001075,2023-03-11,C00424,P0050,SR006,1,2062.50,0.10,1856.25,EUR,Direct,Completed
OL00001908,O0001075,2023-03-11,C00424,P0020,SR006,1,14850.00,0.00,14850.00,EUR,Direct,Completed
OL00001909,O0001076,2023-06-08,C00006,P0059,SR010,2,14850.00,0.05,0.00,EUR,Direct,Cancelled
OL00001910,O0001077,2026-02-05,C00394,P0074,SR005,1,7920.00,0.05,7524.00,EUR,Online,Completed
OL00001911,O0001077,2026-02-05,C00394,P0042,SR005,3,4860.00,0.00,14580.00,EUR,Online,Completed
OL00001912,O0001078,2023-06-12,C00479,P0059,SR009,4,14850.00,0.10,53460.00,EUR,Direct,Completed
OL00001913,O0001078,2023-06-12,C00479,P0003,SR009,2,8640.00,0.20,13824.00,EUR,Direct,Completed
OL00001914,O0001079,2023-11-05,C00397,P0062,SR004,3,7920.00,0.00,23760.00,EUR,Online,Returned
OL00001915,O0001079,2023-11-05,C00397,P0021,SR004,1,6480.00,0.10,5832.00,EUR,Online,Returned
OL00001916,O0001079,2023-11-05,C00397,P0012,SR004,2,17550.00,0.00,35100.00,EUR,Online,Returned
OL00001917,O0001079,2023-11-05,C00397,P0064,SR004,4,490.00,0.20,1568.00,EUR,Online,Returned
OL00001918,O0001080,2024-10-14,C00380,P0002,SR006,4,1633.50,0.00,6534.00,EUR,Direct,Completed
OL00001919,O0001080,2024-10-14,C00380,P0044,SR006,2,14850.00,0.15,25245.00,EUR,Direct,Completed
OL00001920,O0001081,2026-02-11,C00104,P0037,SR002,1,4800.00,0.05,4560.00,EUR,Direct,Completed
OL00001921,O0001081,2026-02-11,C00104,P0050,SR002,1,2062.50,0.05,1959.38,EUR,Direct,Completed
OL00001922,O0001082,2024-01-23,C00219,P0020,SR012,1,14850.00,0.05,14107.50,EUR,Direct,Completed
OL00001923,O0001082,2024-01-23,C00219,P0060,SR012,4,17550.00,0.00,70200.00,EUR,Direct,Completed
OL00001924,O0001083,2024-04-04,C00016,P0025,SR006,20,3200.00,0.00,64000.00,EUR,Partner,Completed
OL00001925,O0001083,2024-04-04,C00016,P0063,SR006,5,12960.00,0.10,58320.00,EUR,Partner,Completed
OL00001926,O0001083,2024-04-04,C00016,P0007,SR006,4,9000.00,0.05,34200.00,EUR,Partner,Completed
OL00001927,O0001084,2025-08-25,C00241,P0040,SR009,1,4800.00,0.05,4560.00,EUR,Direct,Completed
OL00001928,O0001084,2025-08-25,C00241,P0072,SR009,3,2673.00,0.00,8019.00,EUR,Direct,Completed
OL00001929,O0001085,2023-10-07,C00446,P0067,SR005,2,2400.00,0.20,3840.00,EUR,Direct,Completed
OL00001930,O0001085,2023-10-07,C00446,P0005,SR005,1,10725.00,0.20,8580.00,EUR,Direct,Completed
OL00001931,O0001085,2023-10-07,C00446,P0039,SR005,1,12960.00,0.10,11664.00,EUR,Direct,Completed
OL00001932,O0001086,2023-10-06,C00422,P0003,SR011,1,8640.00,0.10,7776.00,EUR,Direct,Returned
OL00001933,O0001086,2023-10-06,C00422,P0058,SR011,1,2400.00,0.10,2160.00,EUR,Direct,Returned
OL00001934,O0001087,2024-06-23,C00036,P0047,SR002,1,3960.00,0.05,3762.00,EUR,Online,Completed
OL00001935,O0001087,2024-06-23,C00036,P0021,SR002,1,6480.00,0.00,6480.00,EUR,Online,Completed
OL00001936,O0001088,2026-07-19,C00061,P0008,SR009,3,1237.50,0.00,3712.50,EUR,Direct,Returned
OL00001937,O0001089,2023-04-23,C00375,P0022,SR012,2,6500.00,0.05,12350.00,EUR,Partner,Completed
OL00001938,O0001089,2023-04-23,C00375,P0065,SR012,2,5280.00,0.05,10032.00,EUR,Partner,Completed
OL00001939,O0001089,2023-04-23,C00375,P0039,SR012,10,12960.00,0.00,129600.00,EUR,Partner,Completed
OL00001940,O0001090,2025-03-01,C00357,P0061,SR002,20,3200.00,0.00,0.00,EUR,Direct,Cancelled
OL00001941,O0001090,2025-03-01,C00357,P0047,SR002,1,3960.00,0.00,0.00,EUR,Direct,Cancelled
OL00001942,O0001091,2026-02-01,C00127,P0064,SR009,1,490.00,0.05,0.00,EUR,Online,Cancelled
OL00001943,O0001091,2026-02-01,C00127,P0040,SR009,3,4800.00,0.05,0.00,EUR,Online,Cancelled
OL00001944,O0001091,2026-02-01,C00127,P0044,SR009,2,14850.00,0.05,0.00,EUR,Online,Cancelled
OL00001945,O0001092,2026-04-16,C00068,P0030,SR003,3,6480.00,0.10,17496.00,EUR,Partner,Completed
OL00001946,O0001092,2026-04-16,C00068,P0032,SR003,5,2970.00,0.05,14107.50,EUR,Partner,Completed
OL00001947,O0001093,2024-10-26,C00043,P0003,SR011,1,8640.00,0.00,8640.00,EUR,Partner,Completed
OL00001948,O0001093,2024-10-26,C00043,P0023,SR011,4,808.50,0.15,2748.90,EUR,Partner,Completed
OL00001949,O0001094,2026-08-07,C00445,P0043,SR004,2,490.00,0.05,931.00,EUR,Online,Completed
OL00001950,O0001095,2024-01-20,C00161,P0025,SR002,10,3200.00,0.05,30400.00,EUR,Direct,Completed
OL00001951,O0001095,2024-01-20,C00161,P0013,SR002,10,3200.00,0.00,32000.00,EUR,Direct,Completed
OL00001952,O0001096,2025-02-03,C00306,P0039,SR009,1,12960.00,0.15,11016.00,EUR,Direct,Completed
OL00001953,O0001096,2025-02-03,C00306,P0069,SR009,1,12960.00,0.00,12960.00,EUR,Direct,Completed
OL00001954,O0001097,2023-08-11,C00150,P0037,SR002,1,4800.00,0.00,4800.00,EUR,Partner,Completed
OL00001955,O0001098,2025-03-25,C00001,P0072,SR012,10,2673.00,0.00,0.00,EUR,Direct,Cancelled
OL00001956,O0001098,2025-03-25,C00001,P0050,SR012,3,2062.50,0.20,0.00,EUR,Direct,Cancelled
OL00001957,O0001099,2025-07-25,C00079,P0037,SR010,10,4800.00,0.00,48000.00,EUR,Direct,Completed
OL00001958,O0001099,2025-07-25,C00079,P0038,SR010,3,2970.00,0.10,8019.00,EUR,Direct,Completed
OL00001959,O0001100,2026-08-05,C00427,P0065,SR010,2,5280.00,0.00,10560.00,EUR,Online,Completed
OL00001960,O0001101,2023-07-10,C00141,P0018,SR008,5,1323.00,0.10,5953.50,EUR,Online,Completed
OL00001961,O0001102,2023-02-13,C00440,P0040,SR012,4,4800.00,0.15,16320.00,EUR,Direct,Completed
OL00001962,O0001102,2023-02-13,C00440,P0026,SR012,3,2970.00,0.00,8910.00,EUR,Direct,Completed
OL00001963,O0001102,2023-02-13,C00440,P0051,SR012,1,12960.00,0.05,12312.00,EUR,Direct,Completed
OL00001964,O0001103,2025-05-02,C00381,P0035,SR008,5,1237.50,0.10,5568.75,EUR,Direct,Completed
OL00001965,O0001104,2023-10-15,C00399,P0067,SR007,5,2400.00,0.05,11400.00,EUR,Direct,Returned
OL00001966,O0001105,2023-01-14,C00363,P0064,SR011,5,490.00,0.10,2205.00,EUR,Direct,Completed
OL00001967,O0001106,2023-06-06,C00101,P0042,SR003,1,4860.00,0.10,4374.00,EUR,Direct,Returned
OL00001968,O0001106,2023-06-06,C00101,P0027,SR003,1,24300.00,0.00,24300.00,EUR,Direct,Returned
OL00001969,O0001107,2025-06-04,C00414,P0063,SR012,4,12960.00,0.20,41472.00,EUR,Direct,Completed
OL00001970,O0001107,2025-06-04,C00414,P0053,SR012,4,2062.50,0.00,8250.00,EUR,Direct,Completed
OL00001971,O0001107,2025-06-04,C00414,P0042,SR012,3,4860.00,0.20,11664.00,EUR,Direct,Completed
OL00001972,O0001108,2025-07-06,C00368,P0059,SR010,1,14850.00,0.00,14850.00,EUR,Partner,Completed
OL00001973,O0001108,2025-07-06,C00368,P0031,SR010,2,6500.00,0.10,11700.00,EUR,Partner,Completed
OL00001974,O0001108,2025-07-06,C00368,P0063,SR010,4,12960.00,0.10,46656.00,EUR,Partner,Completed
OL00001975,O0001109,2023-05-29,C00208,P0012,SR001,4,17550.00,0.10,63180.00,EUR,Direct,Completed
OL00001976,O0001110,2023-03-03,C00313,P0003,SR003,3,8640.00,0.00,25920.00,EUR,Direct,Completed
OL00001977,O0001111,2024-12-22,C00491,P0073,SR008,4,9000.00,0.15,30600.00,EUR,Partner,Completed
OL00001978,O0001112,2024-04-21,C00139,P0034,SR009,1,490.00,0.20,392.00,EUR,Direct,Returned
OL00001979,O0001113,2026-06-19,C00482,P0038,SR012,2,2970.00,0.20,4752.00,EUR,Direct,Completed
OL00001980,O0001113,2026-06-19,C00482,P0014,SR012,2,7920.00,0.05,15048.00,EUR,Direct,Completed
OL00001981,O0001114,2024-10-05,C00097,P0063,SR002,2,12960.00,0.00,0.00,EUR,Online,Cancelled
OL00001982,O0001115,2026-01-26,C00240,P0061,SR009,1,3200.00,0.10,2880.00,EUR,Direct,Completed
OL00001983,O0001116,2024-05-27,C00385,P0061,SR002,3,3200.00,0.15,8160.00,EUR,Partner,Completed
OL00001984,O0001117,2026-08-11,C00181,P0017,SR009,2,5280.00,0.20,8448.00,EUR,Direct,Completed
OL00001985,O0001117,2026-08-11,C00181,P0038,SR009,2,2970.00,0.00,5940.00,EUR,Direct,Completed
OL00001986,O0001118,2025-02-23,C00228,P0007,SR006,20,9000.00,0.20,0.00,EUR,Partner,Cancelled
OL00001987,O0001118,2025-02-23,C00228,P0067,SR006,4,2400.00,0.10,0.00,EUR,Partner,Cancelled
OL00001988,O0001119,2024-10-30,C00238,P0016,SR010,3,490.00,0.05,1396.50,EUR,Direct,Completed
OL00001989,O0001119,2024-10-30,C00238,P0049,SR010,20,1250.00,0.00,25000.00,EUR,Direct,Completed
OL00001990,O0001120,2025-06-26,C00323,P0039,SR009,3,12960.00,0.00,38880.00,EUR,Direct,Completed
OL00001991,O0001121,2023-06-08,C00004,P0069,SR003,10,12960.00,0.00,129600.00,EUR,Direct,Completed
OL00001992,O0001122,2026-01-05,C00498,P0025,SR006,1,3200.00,0.20,2560.00,EUR,Direct,Completed
OL00001993,O0001123,2023-04-07,C00101,P0073,SR006,3,9000.00,0.00,27000.00,EUR,Partner,Completed
OL00001994,O0001124,2024-04-03,C00259,P0059,SR009,4,14850.00,0.15,50490.00,EUR,Direct,Completed
OL00001995,O0001124,2024-04-03,C00259,P0013,SR009,1,3200.00,0.05,3040.00,EUR,Direct,Completed
OL00001996,O0001124,2024-04-03,C00259,P0016,SR009,2,490.00,0.20,784.00,EUR,Direct,Completed
OL00001997,O0001125,2024-11-16,C00220,P0009,SR005,3,24300.00,0.20,58320.00,EUR,Partner,Returned
OL00001998,O0001126,2024-11-11,C00008,P0004,SR012,5,6500.00,0.05,30875.00,EUR,Online,Completed
OL00001999,O0001127,2024-10-10,C00333,P0050,SR006,1,2062.50,0.00,0.00,EUR,Partner,Cancelled
OL00002000,O0001127,2024-10-10,C00333,P0068,SR006,1,1237.50,0.15,0.00,EUR,Partner,Cancelled
OL00002001,O0001128,2025-01-22,C00255,P0064,SR012,1,490.00,0.00,490.00,EUR,Direct,Completed
OL00002002,O0001128,2025-01-22,C00255,P0067,SR012,2,2400.00,0.10,4320.00,EUR,Direct,Completed
OL00002003,O0001128,2025-01-22,C00255,P0025,SR012,3,3200.00,0.05,9120.00,EUR,Direct,Completed
OL00002004,O0001129,2024-03-11,C00208,P0021,SR008,3,6480.00,0.05,18468.00,EUR,Direct,Completed
OL00002005,O0001130,2025-06-12,C00490,P0007,SR009,3,9000.00,0.10,24300.00,EUR,Direct,Returned
OL00002006,O0001131,2023-09-11,C00146,P0068,SR006,1,1237.50,0.10,1113.75,EUR,Partner,Completed
OL00002007,O0001132,2023-01-06,C00041,P0031,SR003,2,6500.00,0.15,11050.00,EUR,Direct,Completed
OL00002008,O0001133,2023-04-29,C00408,P0029,SR012,3,14850.00,0.00,44550.00,EUR,Partner,Completed
OL00002009,O0001133,2023-04-29,C00408,P0007,SR012,1,9000.00,0.00,9000.00,EUR,Partner,Completed
OL00002010,O0001134,2025-04-02,C00129,P0026,SR006,1,2970.00,0.20,2376.00,EUR,Direct,Completed
OL00002011,O0001134,2025-04-02,C00129,P0038,SR006,2,2970.00,0.15,5049.00,EUR,Direct,Completed
OL00002012,O0001135,2025-09-12,C00162,P0004,SR004,2,6500.00,0.00,13000.00,EUR,Online,Completed
OL00002013,O0001136,2025-12-04,C00037,P0004,SR003,2,6500.00,0.10,11700.00,EUR,Partner,Completed
OL00002014,O0001136,2025-12-04,C00037,P0011,SR003,2,808.50,0.10,1455.30,EUR,Partner,Completed
OL00002015,O0001137,2024-07-20,C00350,P0014,SR009,5,7920.00,0.00,39600.00,EUR,Direct,Completed
OL00002016,O0001137,2024-07-20,C00350,P0018,SR009,1,1323.00,0.00,1323.00,EUR,Direct,Completed
OL00002017,O0001138,2026-07-07,C00234,P0073,SR008,1,9000.00,0.10,8100.00,EUR,Direct,Completed
OL00002018,O0001139,2025-10-23,C00153,P0022,SR009,4,6500.00,0.00,26000.00,EUR,Partner,Completed
OL00002019,O0001139,2025-10-23,C00153,P0049,SR009,2,1250.00,0.15,2125.00,EUR,Partner,Completed
OL00002020,O0001139,2025-10-23,C00153,P0053,SR009,4,2062.50,0.00,8250.00,EUR,Partner,Completed
OL00002021,O0001139,2025-10-23,C00153,P0041,SR009,4,1237.50,0.00,4950.00,EUR,Partner,Completed
OL00002022,O0001140,2023-12-31,C00413,P0059,SR012,4,14850.00,0.10,53460.00,EUR,Partner,Completed
OL00002023,O0001140,2023-12-31,C00413,P0060,SR012,2,17550.00,0.10,31590.00,EUR,Partner,Completed
OL00002024,O0001140,2023-12-31,C00413,P0035,SR012,1,1237.50,0.00,1237.50,EUR,Partner,Completed
OL00002025,O0001140,2023-12-31,C00413,P0026,SR012,20,2970.00,0.20,47520.00,EUR,Partner,Completed
OL00002026,O0001141,2023-08-07,C00267,P0054,SR006,2,17550.00,0.00,35100.00,EUR,Direct,Completed
OL00002027,O0001141,2023-08-07,C00267,P0005,SR006,2,10725.00,0.10,19305.00,EUR,Direct,Completed
OL00002028,O0001141,2023-08-07,C00267,P0040,SR006,1,4800.00,0.00,4800.00,EUR,Direct,Completed
OL00002029,O0001141,2023-08-07,C00267,P0048,SR006,1,17550.00,0.00,17550.00,EUR,Direct,Completed
OL00002030,O0001142,2023-11-06,C00228,P0018,SR009,20,1323.00,0.00,26460.00,EUR,Direct,Completed
OL00002031,O0001142,2023-11-06,C00228,P0038,SR009,2,2970.00,0.05,5643.00,EUR,Direct,Completed
OL00002032,O0001143,2023-03-06,C00283,P0029,SR009,10,14850.00,0.00,148500.00,EUR,Partner,Completed
OL00002033,O0001143,2023-03-06,C00283,P0004,SR009,1,6500.00,0.00,6500.00,EUR,Partner,Completed
OL00002034,O0001143,2023-03-06,C00283,P0071,SR009,3,808.50,0.10,2182.95,EUR,Partner,Completed
OL00002035,O0001143,2023-03-06,C00283,P0069,SR009,3,12960.00,0.10,34992.00,EUR,Partner,Completed
OL00002036,O0001144,2024-04-21,C00158,P0049,SR003,3,1250.00,0.05,3562.50,EUR,Online,Completed
OL00002037,O0001145,2026-05-05,C00071,P0001,SR011,2,490.00,0.05,931.00,EUR,Partner,Completed
OL00002038,O0001146,2025-11-06,C00262,P0008,SR008,2,1237.50,0.05,2351.25,EUR,Partner,Completed
OL00002039,O0001147,2026-09-21,C00449,P0011,SR008,3,808.50,0.10,2182.95,EUR,Partner,Completed
OL00002040,O0001148,2026-07-14,C00126,P0041,SR011,2,1237.50,0.15,2103.75,EUR,Partner,Completed
OL00002041,O0001148,2026-07-14,C00126,P0037,SR011,3,4800.00,0.05,13680.00,EUR,Partner,Completed
OL00002042,O0001149,2025-07-22,C00086,P0043,SR001,2,490.00,0.00,980.00,EUR,Direct,Completed
OL00002043,O0001150,2024-12-23,C00405,P0004,SR002,2,6500.00,0.10,11700.00,EUR,Direct,Completed
OL00002044,O0001151,2025-01-11,C00139,P0072,SR005,1,2673.00,0.20,2138.40,EUR,Partner,Completed
OL00002045,O0001152,2023-03-13,C00081,P0020,SR012,2,14850.00,0.10,26730.00,EUR,Direct,Completed
OL00002046,O0001153,2023-03-06,C00467,P0046,SR002,10,3200.00,0.10,28800.00,EUR,Direct,Completed
OL00002047,O0001153,2023-03-06,C00467,P0059,SR002,10,14850.00,0.10,133650.00,EUR,Direct,Completed
OL00002048,O0001153,2023-03-06,C00467,P0008,SR002,1,1237.50,0.00,1237.50,EUR,Direct,Completed
OL00002049,O0001154,2023-02-11,C00362,P0067,SR008,1,2400.00,0.10,2160.00,EUR,Direct,Completed
OL00002050,O0001154,2023-02-11,C00362,P0010,SR008,1,3200.00,0.10,2880.00,EUR,Direct,Completed
OL00002051,O0001154,2023-02-11,C00362,P0059,SR008,1,14850.00,0.05,14107.50,EUR,Direct,Completed
OL00002052,O0001154,2023-02-11,C00362,P0029,SR008,3,14850.00,0.20,35640.00,EUR,Direct,Completed
OL00002053,O0001155,2026-07-08,C00155,P0049,SR007,2,1250.00,0.10,2250.00,EUR,Direct,Completed
OL00002054,O0001156,2025-05-12,C00189,P0024,SR005,1,3375.00,0.10,3037.50,EUR,Online,Completed
OL00002055,O0001157,2023-03-25,C00270,P0024,SR003,5,3375.00,0.05,16031.25,EUR,Online,Completed
OL00002056,O0001157,2023-03-25,C00270,P0044,SR003,4,14850.00,0.00,59400.00,EUR,Online,Completed
OL00002057,O0001158,2023-09-16,C00091,P0058,SR008,3,2400.00,0.05,6840.00,EUR,Online,Completed
OL00002058,O0001158,2023-09-16,C00091,P0068,SR008,1,1237.50,0.05,1175.62,EUR,Online,Completed
OL00002059,O0001159,2024-02-07,C00250,P0015,SR010,1,17550.00,0.15,14917.50,EUR,Direct,Completed
OL00002060,O0001159,2024-02-07,C00250,P0023,SR010,10,808.50,0.00,8085.00,EUR,Direct,Completed
OL00002061,O0001159,2024-02-07,C00250,P0011,SR010,1,808.50,0.00,808.50,EUR,Direct,Completed
OL00002062,O0001160,2025-03-01,C00325,P0013,SR008,3,3200.00,0.00,9600.00,EUR,Direct,Completed
OL00002063,O0001160,2025-03-01,C00325,P0058,SR008,1,2400.00,0.05,2280.00,EUR,Direct,Completed
OL00002064,O0001161,2025-05-16,C00225,P0058,SR002,2,2400.00,0.00,4800.00,EUR,Online,Completed
OL00002065,O0001161,2025-05-16,C00225,P0029,SR002,5,14850.00,0.05,70537.50,EUR,Online,Completed
OL00002066,O0001161,2025-05-16,C00225,P0050,SR002,1,2062.50,0.10,1856.25,EUR,Online,Completed
OL00002067,O0001162,2025-12-11,C00138,P0044,SR001,20,14850.00,0.15,252450.00,EUR,Partner,Completed
OL00002068,O0001163,2024-09-19,C00074,P0001,SR012,1,490.00,0.00,490.00,EUR,Partner,Completed
OL00002069,O0001164,2024-02-03,C00005,P0007,SR004,2,9000.00,0.00,18000.00,EUR,Partner,Completed
OL00002070,O0001165,2026-02-22,C00140,P0043,SR011,1,490.00,0.20,392.00,EUR,Direct,Completed
OL00002071,O0001166,2024-03-22,C00120,P0056,SR003,1,7920.00,0.10,7128.00,EUR,Online,Completed
OL00002072,O0001166,2024-03-22,C00120,P0016,SR003,5,490.00,0.00,2450.00,EUR,Online,Completed
OL00002073,O0001166,2024-03-22,C00120,P0014,SR003,1,7920.00,0.00,7920.00,EUR,Online,Completed
OL00002074,O0001166,2024-03-22,C00120,P0034,SR003,3,490.00,0.10,1323.00,EUR,Online,Completed
OL00002075,O0001167,2024-06-02,C00466,P0001,SR012,5,490.00,0.00,2450.00,EUR,Online,Completed
OL00002076,O0001167,2024-06-02,C00466,P0019,SR012,1,3200.00,0.00,3200.00,EUR,Online,Completed
OL00002077,O0001167,2024-06-02,C00466,P0038,SR012,1,2970.00,0.10,2673.00,EUR,Online,Completed
OL00002078,O0001167,2024-06-02,C00466,P0007,SR012,2,9000.00,0.10,16200.00,EUR,Online,Completed
OL00002079,O0001168,2026-04-10,C00498,P0046,SR004,1,3200.00,0.05,3040.00,EUR,Online,Completed
OL00002080,O0001168,2026-04-10,C00498,P0004,SR004,3,6500.00,0.10,17550.00,EUR,Online,Completed
OL00002081,O0001168,2026-04-10,C00498,P0024,SR004,1,3375.00,0.15,2868.75,EUR,Online,Completed
OL00002082,O0001169,2024-12-23,C00451,P0032,SR009,4,2970.00,0.00,11880.00,EUR,Direct,Completed
OL00002083,O0001170,2025-09-23,C00310,P0057,SR005,2,6480.00,0.20,0.00,EUR,Direct,Cancelled
OL00002084,O0001170,2025-09-23,C00310,P0004,SR005,3,6500.00,0.10,0.00,EUR,Direct,Cancelled
OL00002085,O0001171,2023-02-14,C00493,P0035,SR011,3,1237.50,0.05,3526.88,EUR,Direct,Completed
OL00002086,O0001172,2025-10-15,C00364,P0035,SR006,2,1237.50,0.00,2475.00,EUR,Online,Completed
OL00002087,O0001173,2025-06-25,C00001,P0072,SR008,3,2673.00,0.10,7217.10,EUR,Direct,Completed
OL00002088,O0001174,2026-06-05,C00180,P0043,SR008,2,490.00,0.00,980.00,EUR,Direct,Completed
OL00002089,O0001175,2024-04-06,C00161,P0023,SR009,10,808.50,0.00,8085.00,EUR,Direct,Completed
OL00002090,O0001176,2024-12-10,C00370,P0038,SR003,1,2970.00,0.00,2970.00,EUR,Direct,Completed
OL00002091,O0001177,2025-10-04,C00057,P0005,SR001,1,10725.00,0.00,10725.00,EUR,Direct,Completed
OL00002092,O0001177,2025-10-04,C00057,P0048,SR001,20,17550.00,0.00,351000.00,EUR,Direct,Completed
OL00002093,O0001177,2025-10-04,C00057,P0055,SR001,1,490.00,0.00,490.00,EUR,Direct,Completed
OL00002094,O0001178,2025-10-31,C00480,P0041,SR002,3,1237.50,0.05,0.00,EUR,Direct,Cancelled
OL00002095,O0001178,2025-10-31,C00480,P0040,SR002,1,4800.00,0.05,0.00,EUR,Direct,Cancelled
OL00002096,O0001178,2025-10-31,C00480,P0022,SR002,3,6500.00,0.00,0.00,EUR,Direct,Cancelled
OL00002097,O0001179,2026-03-24,C00256,P0023,SR004,1,808.50,0.10,727.65,EUR,Direct,Completed
OL00002098,O0001179,2026-03-24,C00256,P0051,SR004,2,12960.00,0.00,25920.00,EUR,Direct,Completed
OL00002099,O0001180,2023-12-12,C00451,P0072,SR004,1,2673.00,0.00,2673.00,EUR,Online,Completed
OL00002100,O0001181,2025-06-01,C00169,P0022,SR003,5,6500.00,0.00,32500.00,EUR,Partner,Completed
OL00002101,O0001181,2025-06-01,C00169,P0071,SR003,5,808.50,0.00,4042.50,EUR,Partner,Completed
OL00002102,O0001182,2025-01-06,C00347,P0014,SR007,20,7920.00,0.05,150480.00,EUR,Partner,Completed
OL00002103,O0001183,2026-03-10,C00265,P0057,SR004,2,6480.00,0.05,12312.00,EUR,Direct,Completed
OL00002104,O0001183,2026-03-10,C00265,P0028,SR004,1,750.00,0.05,712.50,EUR,Direct,Completed
OL00002105,O0001184,2023-02-23,C00064,P0053,SR008,4,2062.50,0.00,8250.00,EUR,Direct,Completed
OL00002106,O0001184,2023-02-23,C00064,P0031,SR008,3,6500.00,0.00,19500.00,EUR,Direct,Completed
OL00002107,O0001185,2024-07-23,C00110,P0023,SR005,2,808.50,0.10,1455.30,EUR,Partner,Completed
OL00002108,O0001185,2024-07-23,C00110,P0061,SR005,2,3200.00,0.00,6400.00,EUR,Partner,Completed
OL00002109,O0001185,2024-07-23,C00110,P0006,SR005,10,3375.00,0.00,33750.00,EUR,Partner,Completed
OL00002110,O0001186,2024-08-09,C00489,P0074,SR002,2,7920.00,0.00,15840.00,EUR,Direct,Completed
OL00002111,O0001186,2024-08-09,C00489,P0022,SR002,1,6500.00,0.10,5850.00,EUR,Direct,Completed
OL00002112,O0001187,2024-10-11,C00209,P0008,SR005,1,1237.50,0.05,1175.62,EUR,Online,Completed
OL00002113,O0001188,2026-05-13,C00236,P0006,SR009,1,3375.00,0.00,3375.00,EUR,Direct,Completed
OL00002114,O0001189,2023-11-10,C00235,P0053,SR007,3,2062.50,0.10,5568.75,EUR,Partner,Completed
OL00002115,O0001190,2023-02-11,C00410,P0066,SR012,2,3375.00,0.05,6412.50,EUR,Partner,Completed
OL00002116,O0001190,2023-02-11,C00410,P0013,SR012,2,3200.00,0.20,5120.00,EUR,Partner,Completed
OL00002117,O0001190,2023-02-11,C00410,P0053,SR012,10,2062.50,0.00,20625.00,EUR,Partner,Completed
OL00002118,O0001191,2026-08-13,C00210,P0009,SR006,3,24300.00,0.05,69255.00,EUR,Direct,Completed
OL00002119,O0001191,2026-08-13,C00210,P0003,SR006,1,8640.00,0.15,7344.00,EUR,Direct,Completed
OL00002120,O0001192,2023-04-04,C00440,P0006,SR005,10,3375.00,0.10,0.00,EUR,Partner,Cancelled
OL00002121,O0001193,2024-04-25,C00304,P0044,SR005,4,14850.00,0.00,59400.00,EUR,Direct,Completed
OL00002122,O0001194,2025-10-02,C00403,P0073,SR008,2,9000.00,0.10,16200.00,EUR,Partner,Completed
OL00002123,O0001194,2025-10-02,C00403,P0049,SR008,2,1250.00,0.15,2125.00,EUR,Partner,Completed
OL00002124,O0001195,2026-07-19,C00165,P0073,SR009,3,9000.00,0.15,22950.00,EUR,Direct,Completed
OL00002125,O0001196,2024-02-15,C00419,P0036,SR005,2,8640.00,0.10,15552.00,EUR,Online,Completed
OL00002126,O0001197,2024-03-06,C00460,P0061,SR008,5,3200.00,0.05,15200.00,EUR,Direct,Returned
OL00002127,O0001198,2024-03-30,C00487,P0048,SR010,3,17550.00,0.00,52650.00,EUR,Partner,Completed
OL00002128,O0001198,2024-03-30,C00487,P0038,SR010,3,2970.00,0.10,8019.00,EUR,Partner,Completed
OL00002129,O0001198,2024-03-30,C00487,P0023,SR010,1,808.50,0.00,808.50,EUR,Partner,Completed
OL00002130,O0001198,2024-03-30,C00487,P0052,SR010,10,2400.00,0.05,22800.00,EUR,Partner,Completed
OL00002131,O0001199,2024-04-24,C00498,P0005,SR010,3,10725.00,0.15,27348.75,EUR,Online,Completed
OL00002132,O0001199,2024-04-24,C00498,P0048,SR010,3,17550.00,0.00,52650.00,EUR,Online,Completed
OL00002133,O0001200,2024-06-13,C00290,P0002,SR001,1,1633.50,0.05,1551.82,EUR,Online,Completed
OL00002134,O0001201,2025-09-16,C00443,P0069,SR001,1,12960.00,0.10,11664.00,EUR,Partner,Completed
OL00002135,O0001201,2025-09-16,C00443,P0019,SR001,1,3200.00,0.05,3040.00,EUR,Partner,Completed
OL00002136,O0001201,2025-09-16,C00443,P0034,SR001,2,490.00,0.05,931.00,EUR,Partner,Completed
OL00002137,O0001202,2024-02-06,C00270,P0062,SR011,3,7920.00,0.10,21384.00,EUR,Direct,Completed
OL00002138,O0001202,2024-02-06,C00270,P0039,SR011,2,12960.00,0.00,25920.00,EUR,Direct,Completed
OL00002139,O0001203,2024-09-11,C00263,P0002,SR002,2,1633.50,0.05,3103.65,EUR,Direct,Returned
OL00002140,O0001204,2025-12-31,C00199,P0028,SR003,1,750.00,0.15,637.50,EUR,Direct,Completed
OL00002141,O0001204,2025-12-31,C00199,P0022,SR003,1,6500.00,0.10,5850.00,EUR,Direct,Completed
OL00002142,O0001205,2025-08-09,C00368,P0010,SR005,1,3200.00,0.00,3200.00,EUR,Direct,Completed
OL00002143,O0001205,2025-08-09,C00368,P0044,SR005,1,14850.00,0.00,14850.00,EUR,Direct,Completed
OL00002144,O0001206,2024-05-17,C00252,P0023,SR011,2,808.50,0.00,1617.00,EUR,Direct,Completed
OL00002145,O0001206,2024-05-17,C00252,P0011,SR011,1,808.50,0.05,768.07,EUR,Direct,Completed
OL00002146,O0001207,2023-09-24,C00108,P0061,SR012,4,3200.00,0.05,12160.00,EUR,Direct,Completed
OL00002147,O0001208,2023-08-14,C00288,P0045,SR001,2,6480.00,0.10,11664.00,EUR,Partner,Completed
OL00002148,O0001208,2023-08-14,C00288,P0061,SR001,2,3200.00,0.00,6400.00,EUR,Partner,Completed
OL00002149,O0001209,2023-12-05,C00070,P0027,SR001,2,24300.00,0.05,0.00,EUR,Direct,Cancelled
OL00002150,O0001209,2023-12-05,C00070,P0043,SR001,2,490.00,0.10,0.00,EUR,Direct,Cancelled
OL00002151,O0001209,2023-12-05,C00070,P0072,SR001,1,2673.00,0.00,0.00,EUR,Direct,Cancelled
OL00002152,O0001210,2025-11-04,C00363,P0020,SR010,1,14850.00,0.00,14850.00,EUR,Direct,Returned
OL00002153,O0001211,2023-09-18,C00260,P0017,SR008,20,5280.00,0.00,105600.00,EUR,Direct,Returned
OL00002154,O0001211,2023-09-18,C00260,P0016,SR008,3,490.00,0.15,1249.50,EUR,Direct,Returned
OL00002155,O0001211,2023-09-18,C00260,P0005,SR008,3,10725.00,0.00,32175.00,EUR,Direct,Returned
OL00002156,O0001212,2024-10-27,C00025,P0055,SR003,1,490.00,0.00,490.00,EUR,Online,Completed
OL00002157,O0001212,2024-10-27,C00025,P0068,SR003,5,1237.50,0.10,5568.75,EUR,Online,Completed
OL00002158,O0001213,2023-02-16,C00107,P0048,SR010,2,17550.00,0.10,31590.00,EUR,Direct,Completed
OL00002159,O0001214,2025-05-29,C00425,P0029,SR008,10,14850.00,0.00,148500.00,EUR,Direct,Completed
OL00002160,O0001214,2025-05-29,C00425,P0064,SR008,2,490.00,0.00,980.00,EUR,Direct,Completed
OL00002161,O0001214,2025-05-29,C00425,P0039,SR008,5,12960.00,0.20,51840.00,EUR,Direct,Completed
OL00002162,O0001215,2024-01-27,C00291,P0001,SR002,2,490.00,0.00,980.00,EUR,Direct,Completed
OL00002163,O0001215,2024-01-27,C00291,P0064,SR002,4,490.00,0.10,1764.00,EUR,Direct,Completed
OL00002164,O0001216,2025-06-20,C00270,P0021,SR003,10,6480.00,0.15,55080.00,EUR,Partner,Completed
OL00002165,O0001217,2024-05-22,C00048,P0057,SR012,3,6480.00,0.05,18468.00,EUR,Online,Completed
OL00002166,O0001218,2025-10-07,C00008,P0022,SR005,3,6500.00,0.10,17550.00,EUR,Partner,Completed
OL00002167,O0001218,2025-10-07,C00008,P0063,SR005,3,12960.00,0.00,38880.00,EUR,Partner,Completed
OL00002168,O0001219,2025-11-04,C00289,P0035,SR007,1,1237.50,0.15,1051.88,EUR,Direct,Completed
OL00002169,O0001220,2023-05-11,C00238,P0007,SR004,1,9000.00,0.15,7650.00,EUR,Direct,Completed
OL00002170,O0001220,2023-05-11,C00238,P0026,SR004,2,2970.00,0.10,5346.00,EUR,Direct,Completed
OL00002171,O0001220,2023-05-11,C00238,P0075,SR004,3,6480.00,0.05,18468.00,EUR,Direct,Completed
OL00002172,O0001221,2025-03-12,C00069,P0053,SR008,2,2062.50,0.10,3712.50,EUR,Direct,Completed
OL00002173,O0001222,2024-01-28,C00320,P0026,SR003,1,2970.00,0.00,2970.00,EUR,Direct,Returned
OL00002174,O0001223,2025-02-03,C00050,P0069,SR012,1,12960.00,0.10,11664.00,EUR,Direct,Completed
OL00002175,O0001223,2025-02-03,C00050,P0060,SR012,10,17550.00,0.00,175500.00,EUR,Direct,Completed
OL00002176,O0001223,2025-02-03,C00050,P0071,SR012,2,808.50,0.00,1617.00,EUR,Direct,Completed
OL00002177,O0001223,2025-02-03,C00050,P0049,SR012,2,1250.00,0.15,2125.00,EUR,Direct,Completed
OL00002178,O0001224,2023-10-08,C00236,P0039,SR005,5,12960.00,0.05,61560.00,EUR,Partner,Returned
OL00002179,O0001225,2023-01-31,C00296,P0042,SR007,1,4860.00,0.00,4860.00,EUR,Direct,Returned
OL00002180,O0001225,2023-01-31,C00296,P0052,SR007,3,2400.00,0.05,6840.00,EUR,Direct,Returned
OL00002181,O0001225,2023-01-31,C00296,P0025,SR007,2,3200.00,0.00,6400.00,EUR,Direct,Returned
OL00002182,O0001226,2023-01-02,C00094,P0061,SR009,20,3200.00,0.15,54400.00,EUR,Online,Completed
OL00002183,O0001226,2023-01-02,C00094,P0044,SR009,3,14850.00,0.00,44550.00,EUR,Online,Completed
OL00002184,O0001226,2023-01-02,C00094,P0003,SR009,1,8640.00,0.15,7344.00,EUR,Online,Completed
OL00002185,O0001227,2024-09-03,C00333,P0059,SR012,2,14850.00,0.00,29700.00,EUR,Direct,Completed
OL00002186,O0001227,2024-09-03,C00333,P0030,SR012,2,6480.00,0.10,11664.00,EUR,Direct,Completed
OL00002187,O0001228,2024-06-20,C00482,P0038,SR009,1,2970.00,0.15,2524.50,EUR,Partner,Completed
OL00002188,O0001229,2024-05-15,C00123,P0063,SR005,10,12960.00,0.10,0.00,EUR,Direct,Cancelled
OL00002189,O0001230,2024-03-28,C00095,P0039,SR004,1,12960.00,0.20,10368.00,EUR,Direct,Completed
OL00002190,O0001230,2024-03-28,C00095,P0062,SR004,3,7920.00,0.10,21384.00,EUR,Direct,Completed
OL00002191,O0001231,2024-11-09,C00202,P0066,SR004,4,3375.00,0.00,13500.00,EUR,Partner,Completed
OL00002192,O0001232,2026-04-11,C00466,P0064,SR006,3,490.00,0.15,1249.50,EUR,Direct,Completed
OL00002193,O0001232,2026-04-11,C00466,P0018,SR006,3,1323.00,0.05,3770.55,EUR,Direct,Completed
OL00002194,O0001233,2025-08-19,C00297,P0009,SR001,1,24300.00,0.00,24300.00,EUR,Online,Completed
OL00002195,O0001233,2025-08-19,C00297,P0025,SR001,2,3200.00,0.00,6400.00,EUR,Online,Completed
OL00002196,O0001233,2025-08-19,C00297,P0016,SR001,4,490.00,0.05,1862.00,EUR,Online,Completed
OL00002197,O0001233,2025-08-19,C00297,P0005,SR001,1,10725.00,0.10,9652.50,EUR,Online,Completed
OL00002198,O0001234,2024-05-05,C00153,P0030,SR008,1,6480.00,0.15,5508.00,EUR,Partner,Completed
OL00002199,O0001235,2026-05-20,C00010,P0067,SR002,4,2400.00,0.00,9600.00,EUR,Online,Completed
OL00002200,O0001235,2026-05-20,C00010,P0050,SR002,3,2062.50,0.10,5568.75,EUR,Online,Completed
OL00002201,O0001235,2026-05-20,C00010,P0029,SR002,1,14850.00,0.05,14107.50,EUR,Online,Completed
OL00002202,O0001236,2024-08-17,C00438,P0015,SR012,1,17550.00,0.10,15795.00,EUR,Direct,Completed
OL00002203,O0001237,2025-01-29,C00243,P0016,SR004,3,490.00,0.05,1396.50,EUR,Online,Completed
OL00002204,O0001237,2025-01-29,C00243,P0021,SR004,3,6480.00,0.10,17496.00,EUR,Online,Completed
OL00002205,O0001237,2025-01-29,C00243,P0072,SR004,10,2673.00,0.05,25393.50,EUR,Online,Completed
OL00002206,O0001238,2024-08-15,C00329,P0044,SR010,1,14850.00,0.05,14107.50,EUR,Direct,Completed
OL00002207,O0001238,2024-08-15,C00329,P0016,SR010,2,490.00,0.15,833.00,EUR,Direct,Completed
OL00002208,O0001238,2024-08-15,C00329,P0052,SR010,5,2400.00,0.05,11400.00,EUR,Direct,Completed
OL00002209,O0001239,2024-10-14,C00305,P0059,SR012,3,14850.00,0.00,44550.00,EUR,Partner,Returned
OL00002210,O0001239,2024-10-14,C00305,P0036,SR012,2,8640.00,0.15,14688.00,EUR,Partner,Returned
OL00002211,O0001239,2024-10-14,C00305,P0068,SR012,1,1237.50,0.20,990.00,EUR,Partner,Returned
OL00002212,O0001239,2024-10-14,C00305,P0032,SR012,3,2970.00,0.15,7573.50,EUR,Partner,Returned
OL00002213,O0001240,2024-08-01,C00262,P0004,SR011,10,6500.00,0.00,65000.00,EUR,Partner,Completed
OL00002214,O0001241,2026-08-08,C00378,P0071,SR006,2,808.50,0.10,1455.30,EUR,Direct,Completed
OL00002215,O0001242,2024-03-21,C00437,P0012,SR001,2,17550.00,0.20,28080.00,EUR,Direct,Completed
OL00002216,O0001243,2026-07-10,C00363,P0039,SR011,1,12960.00,0.00,0.00,EUR,Partner,Cancelled
OL00002217,O0001243,2026-07-10,C00363,P0002,SR011,20,1633.50,0.05,0.00,EUR,Partner,Cancelled
OL00002218,O0001243,2026-07-10,C00363,P0071,SR011,2,808.50,0.00,0.00,EUR,Partner,Cancelled
OL00002219,O0001244,2023-08-05,C00118,P0072,SR005,2,2673.00,0.10,4811.40,EUR,Direct,Completed
OL00002220,O0001244,2023-08-05,C00118,P0022,SR005,10,6500.00,0.00,65000.00,EUR,Direct,Completed
OL00002221,O0001245,2025-10-04,C00078,P0074,SR003,3,7920.00,0.15,20196.00,EUR,Partner,Completed
OL00002222,O0001245,2025-10-04,C00078,P0028,SR003,1,750.00,0.10,675.00,EUR,Partner,Completed
OL00002223,O0001245,2025-10-04,C00078,P0031,SR003,5,6500.00,0.15,27625.00,EUR,Partner,Completed
OL00002224,O0001246,2025-09-16,C00140,P0050,SR002,2,2062.50,0.00,0.00,EUR,Partner,Cancelled
OL00002225,O0001246,2025-09-16,C00140,P0040,SR002,4,4800.00,0.00,0.00,EUR,Partner,Cancelled
OL00002226,O0001247,2024-08-05,C00168,P0052,SR007,1,2400.00,0.05,2280.00,EUR,Direct,Completed
OL00002227,O0001248,2026-04-12,C00188,P0026,SR004,3,2970.00,0.00,0.00,EUR,Direct,Cancelled
OL00002228,O0001248,2026-04-12,C00188,P0062,SR004,2,7920.00,0.10,0.00,EUR,Direct,Cancelled
OL00002229,O0001248,2026-04-12,C00188,P0005,SR004,20,10725.00,0.10,0.00,EUR,Direct,Cancelled
OL00002230,O0001249,2025-11-27,C00415,P0075,SR005,10,6480.00,0.00,64800.00,EUR,Direct,Completed
OL00002231,O0001250,2023-11-04,C00453,P0074,SR008,2,7920.00,0.15,13464.00,EUR,Online,Completed
OL00002232,O0001251,2023-09-09,C00280,P0037,SR005,1,4800.00,0.10,4320.00,EUR,Direct,Completed
OL00002233,O0001251,2023-09-09,C00280,P0015,SR005,2,17550.00,0.00,35100.00,EUR,Direct,Completed
OL00002234,O0001252,2026-04-12,C00470,P0039,SR008,2,12960.00,0.00,25920.00,EUR,Partner,Completed
OL00002235,O0001253,2023-08-07,C00412,P0053,SR011,1,2062.50,0.10,1856.25,EUR,Partner,Completed
OL00002236,O0001254,2023-12-15,C00218,P0026,SR005,1,2970.00,0.10,2673.00,EUR,Direct,Completed
OL00002237,O0001254,2023-12-15,C00218,P0058,SR005,2,2400.00,0.10,4320.00,EUR,Direct,Completed
OL00002238,O0001255,2026-02-28,C00405,P0061,SR011,1,3200.00,0.00,3200.00,EUR,Direct,Completed
OL00002239,O0001255,2026-02-28,C00405,P0023,SR011,1,808.50,0.00,808.50,EUR,Direct,Completed
OL00002240,O0001256,2023-06-18,C00432,P0037,SR010,4,4800.00,0.05,18240.00,EUR,Partner,Completed
OL00002241,O0001256,2023-06-18,C00432,P0066,SR010,1,3375.00,0.15,2868.75,EUR,Partner,Completed
OL00002242,O0001257,2026-04-06,C00085,P0066,SR005,1,3375.00,0.10,3037.50,EUR,Direct,Completed
OL00002243,O0001258,2024-11-21,C00293,P0022,SR003,1,6500.00,0.00,6500.00,EUR,Partner,Completed
OL00002244,O0001258,2024-11-21,C00293,P0065,SR003,10,5280.00,0.15,44880.00,EUR,Partner,Completed
OL00002245,O0001258,2024-11-21,C00293,P0034,SR003,3,490.00,0.10,1323.00,EUR,Partner,Completed
OL00002246,O0001259,2024-05-09,C00171,P0073,SR012,4,9000.00,0.00,0.00,EUR,Direct,Cancelled
OL00002247,O0001259,2024-05-09,C00171,P0041,SR012,2,1237.50,0.00,0.00,EUR,Direct,Cancelled
OL00002248,O0001259,2024-05-09,C00171,P0075,SR012,1,6480.00,0.10,0.00,EUR,Direct,Cancelled
OL00002249,O0001260,2024-04-04,C00309,P0030,SR008,4,6480.00,0.10,23328.00,EUR,Direct,Completed
OL00002250,O0001261,2026-07-27,C00404,P0058,SR003,4,2400.00,0.00,9600.00,EUR,Direct,Completed
OL00002251,O0001262,2024-10-17,C00332,P0030,SR005,2,6480.00,0.10,11664.00,EUR,Direct,Completed
OL00002252,O0001262,2024-10-17,C00332,P0045,SR005,20,6480.00,0.00,129600.00,EUR,Direct,Completed
OL00002253,O0001263,2023-12-29,C00222,P0012,SR007,1,17550.00,0.05,16672.50,EUR,Partner,Completed
OL00002254,O0001264,2025-12-28,C00465,P0033,SR012,5,17550.00,0.00,0.00,EUR,Direct,Cancelled
OL00002255,O0001264,2025-12-28,C00465,P0026,SR012,4,2970.00,0.00,0.00,EUR,Direct,Cancelled
OL00002256,O0001265,2025-09-25,C00453,P0001,SR004,3,490.00,0.10,1323.00,EUR,Direct,Completed
OL00002257,O0001265,2025-09-25,C00453,P0038,SR004,3,2970.00,0.15,7573.50,EUR,Direct,Completed
OL00002258,O0001265,2025-09-25,C00453,P0052,SR004,2,2400.00,0.00,4800.00,EUR,Direct,Completed
OL00002259,O0001266,2023-02-01,C00391,P0047,SR001,3,3960.00,0.00,0.00,EUR,Online,Cancelled
OL00002260,O0001267,2025-04-14,C00492,P0048,SR005,5,17550.00,0.15,74587.50,EUR,Direct,Completed
OL00002261,O0001267,2025-04-14,C00492,P0036,SR005,2,8640.00,0.15,14688.00,EUR,Direct,Completed
OL00002262,O0001267,2025-04-14,C00492,P0061,SR005,1,3200.00,0.00,3200.00,EUR,Direct,Completed
OL00002263,O0001267,2025-04-14,C00492,P0059,SR005,5,14850.00,0.00,74250.00,EUR,Direct,Completed
OL00002264,O0001268,2024-06-03,C00391,P0028,SR005,2,750.00,0.00,0.00,EUR,Partner,Cancelled
OL00002265,O0001268,2024-06-03,C00391,P0048,SR005,2,17550.00,0.00,0.00,EUR,Partner,Cancelled
OL00002266,O0001269,2024-04-24,C00139,P0013,SR007,1,3200.00,0.10,2880.00,EUR,Direct,Completed
OL00002267,O0001270,2025-03-10,C00426,P0064,SR007,1,490.00,0.10,441.00,EUR,Online,Completed
OL00002268,O0001270,2025-03-10,C00426,P0057,SR007,5,6480.00,0.10,29160.00,EUR,Online,Completed
OL00002269,O0001271,2023-01-07,C00442,P0023,SR002,1,808.50,0.05,768.07,EUR,Direct,Completed
OL00002270,O0001271,2023-01-07,C00442,P0034,SR002,3,490.00,0.00,1470.00,EUR,Direct,Completed
OL00002271,O0001272,2025-04-23,C00192,P0058,SR010,3,2400.00,0.10,6480.00,EUR,Direct,Completed
OL00002272,O0001273,2025-01-25,C00450,P0053,SR004,2,2062.50,0.00,0.00,EUR,Online,Cancelled
OL00002273,O0001273,2025-01-25,C00450,P0045,SR004,4,6480.00,0.10,0.00,EUR,Online,Cancelled
OL00002274,O0001274,2025-05-14,C00341,P0030,SR004,1,6480.00,0.15,5508.00,EUR,Direct,Completed
OL00002275,O0001275,2024-08-14,C00103,P0065,SR007,1,5280.00,0.00,5280.00,EUR,Direct,Completed
OL00002276,O0001276,2024-07-04,C00062,P0053,SR012,3,2062.50,0.00,6187.50,EUR,Partner,Completed
OL00002277,O0001277,2024-02-12,C00252,P0005,SR002,5,10725.00,0.00,53625.00,EUR,Direct,Completed
OL00002278,O0001278,2026-03-12,C00444,P0032,SR005,5,2970.00,0.00,14850.00,EUR,Direct,Completed
OL00002279,O0001279,2025-05-24,C00238,P0042,SR006,1,4860.00,0.00,4860.00,EUR,Partner,Completed
OL00002280,O0001279,2025-05-24,C00238,P0016,SR006,2,490.00,0.00,980.00,EUR,Partner,Completed
OL00002281,O0001280,2026-07-19,C00092,P0042,SR011,2,4860.00,0.00,9720.00,EUR,Direct,Completed
OL00002282,O0001281,2024-11-19,C00199,P0060,SR008,4,17550.00,0.00,0.00,EUR,Partner,Cancelled
OL00002283,O0001281,2024-11-19,C00199,P0044,SR008,3,14850.00,0.10,0.00,EUR,Partner,Cancelled
OL00002284,O0001282,2023-07-03,C00374,P0016,SR001,4,490.00,0.05,1862.00,EUR,Partner,Completed
OL00002285,O0001283,2026-07-14,C00082,P0033,SR010,3,17550.00,0.00,52650.00,EUR,Direct,Completed
OL00002286,O0001283,2026-07-14,C00082,P0027,SR010,2,24300.00,0.10,43740.00,EUR,Direct,Completed
OL00002287,O0001284,2023-04-29,C00181,P0035,SR001,1,1237.50,0.00,1237.50,EUR,Partner,Completed
OL00002288,O0001284,2023-04-29,C00181,P0032,SR001,1,2970.00,0.15,2524.50,EUR,Partner,Completed
OL00002289,O0001285,2023-12-11,C00460,P0064,SR001,3,490.00,0.15,1249.50,EUR,Direct,Completed
OL00002290,O0001285,2023-12-11,C00460,P0055,SR001,3,490.00,0.00,1470.00,EUR,Direct,Completed
OL00002291,O0001285,2023-12-11,C00460,P0042,SR001,1,4860.00,0.00,4860.00,EUR,Direct,Completed
OL00002292,O0001286,2023-04-26,C00285,P0042,SR009,5,4860.00,0.05,23085.00,EUR,Online,Completed
OL00002293,O0001286,2023-04-26,C00285,P0048,SR009,5,17550.00,0.10,78975.00,EUR,Online,Completed
OL00002294,O0001286,2023-04-26,C00285,P0049,SR009,2,1250.00,0.00,2500.00,EUR,Online,Completed
OL00002295,O0001287,2024-11-16,C00453,P0060,SR011,1,17550.00,0.05,16672.50,EUR,Direct,Completed
OL00002296,O0001287,2024-11-16,C00453,P0030,SR011,3,6480.00,0.00,19440.00,EUR,Direct,Completed
OL00002297,O0001287,2024-11-16,C00453,P0027,SR011,2,24300.00,0.00,48600.00,EUR,Direct,Completed
OL00002298,O0001287,2024-11-16,C00453,P0010,SR011,2,3200.00,0.10,5760.00,EUR,Direct,Completed
OL00002299,O0001288,2025-05-22,C00363,P0003,SR001,1,8640.00,0.15,7344.00,EUR,Online,Completed
OL00002300,O0001288,2025-05-22,C00363,P0063,SR001,2,12960.00,0.10,23328.00,EUR,Online,Completed
OL00002301,O0001289,2025-02-07,C00499,P0058,SR001,2,2400.00,0.00,4800.00,EUR,Online,Completed
OL00002302,O0001289,2025-02-07,C00499,P0043,SR001,1,490.00,0.10,441.00,EUR,Online,Completed
OL00002303,O0001290,2025-07-14,C00122,P0052,SR003,2,2400.00,0.20,3840.00,EUR,Direct,Completed
OL00002304,O0001290,2025-07-14,C00122,P0006,SR003,1,3375.00,0.10,3037.50,EUR,Direct,Completed
OL00002305,O0001290,2025-07-14,C00122,P0024,SR003,3,3375.00,0.20,8100.00,EUR,Direct,Completed
OL00002306,O0001290,2025-07-14,C00122,P0035,SR003,1,1237.50,0.10,1113.75,EUR,Direct,Completed
OL00002307,O0001291,2024-06-26,C00139,P0018,SR007,4,1323.00,0.20,4233.60,EUR,Direct,Completed
OL00002308,O0001291,2024-06-26,C00139,P0016,SR007,4,490.00,0.00,1960.00,EUR,Direct,Completed
OL00002309,O0001291,2024-06-26,C00139,P0063,SR007,2,12960.00,0.00,25920.00,EUR,Direct,Completed
OL00002310,O0001292,2025-03-19,C00269,P0025,SR003,1,3200.00,0.00,3200.00,EUR,Online,Completed
OL00002311,O0001292,2025-03-19,C00269,P0073,SR003,1,9000.00,0.05,8550.00,EUR,Online,Completed
OL00002312,O0001293,2026-01-03,C00376,P0018,SR010,2,1323.00,0.10,2381.40,EUR,Partner,Completed
OL00002313,O0001294,2026-09-08,C00294,P0046,SR011,1,3200.00,0.00,3200.00,EUR,Online,Completed
OL00002314,O0001294,2026-09-08,C00294,P0051,SR011,1,12960.00,0.00,12960.00,EUR,Online,Completed
OL00002315,O0001294,2026-09-08,C00294,P0007,SR011,3,9000.00,0.05,25650.00,EUR,Online,Completed
OL00002316,O0001294,2026-09-08,C00294,P0039,SR011,2,12960.00,0.00,25920.00,EUR,Online,Completed
OL00002317,O0001295,2026-04-03,C00133,P0070,SR008,3,750.00,0.05,2137.50,EUR,Online,Completed
OL00002318,O0001296,2024-12-08,C00386,P0034,SR008,2,490.00,0.00,980.00,EUR,Online,Completed
OL00002319,O0001296,2024-12-08,C00386,P0058,SR008,3,2400.00,0.00,7200.00,EUR,Online,Completed
OL00002320,O0001296,2024-12-08,C00386,P0060,SR008,2,17550.00,0.00,35100.00,EUR,Online,Completed
OL00002321,O0001297,2025-03-08,C00448,P0058,SR012,3,2400.00,0.00,7200.00,EUR,Direct,Completed
OL00002322,O0001298,2025-03-27,C00401,P0050,SR008,1,2062.50,0.10,1856.25,EUR,Direct,Completed
OL00002323,O0001298,2025-03-27,C00401,P0056,SR008,2,7920.00,0.10,14256.00,EUR,Direct,Completed
OL00002324,O0001299,2024-06-12,C00078,P0072,SR011,2,2673.00,0.15,4544.10,EUR,Partner,Completed
OL00002325,O0001299,2024-06-12,C00078,P0032,SR011,1,2970.00,0.00,2970.00,EUR,Partner,Completed
OL00002326,O0001300,2025-01-11,C00039,P0026,SR010,2,2970.00,0.10,5346.00,EUR,Direct,Completed
OL00002327,O0001300,2025-01-11,C00039,P0002,SR010,2,1633.50,0.00,3267.00,EUR,Direct,Completed
OL00002328,O0001300,2025-01-11,C00039,P0028,SR010,4,750.00,0.00,3000.00,EUR,Direct,Completed
OL00002329,O0001300,2025-01-11,C00039,P0050,SR010,2,2062.50,0.00,4125.00,EUR,Direct,Completed
OL00002330,O0001301,2023-03-28,C00464,P0068,SR009,1,1237.50,0.05,0.00,EUR,Partner,Cancelled
OL00002331,O0001301,2023-03-28,C00464,P0001,SR009,2,490.00,0.00,0.00,EUR,Partner,Cancelled
OL00002332,O0001301,2023-03-28,C00464,P0057,SR009,2,6480.00,0.00,0.00,EUR,Partner,Cancelled
OL00002333,O0001302,2024-10-16,C00023,P0009,SR007,3,24300.00,0.00,72900.00,EUR,Direct,Completed
OL00002334,O0001303,2026-07-31,C00236,P0015,SR001,4,17550.00,0.00,70200.00,EUR,Direct,Completed
OL00002335,O0001303,2026-07-31,C00236,P0006,SR001,4,3375.00,0.15,11475.00,EUR,Direct,Completed
OL00002336,O0001303,2026-07-31,C00236,P0066,SR001,3,3375.00,0.00,10125.00,EUR,Direct,Completed
OL00002337,O0001304,2024-05-11,C00388,P0014,SR009,3,7920.00,0.10,21384.00,EUR,Direct,Completed
OL00002338,O0001305,2024-06-12,C00160,P0008,SR010,3,1237.50,0.10,3341.25,EUR,Partner,Completed
OL00002339,O0001305,2024-06-12,C00160,P0071,SR010,4,808.50,0.00,3234.00,EUR,Partner,Completed
OL00002340,O0001305,2024-06-12,C00160,P0029,SR010,20,14850.00,0.00,297000.00,EUR,Partner,Completed
OL00002341,O0001306,2026-01-04,C00379,P0056,SR011,5,7920.00,0.00,39600.00,EUR,Direct,Completed
OL00002342,O0001307,2024-02-07,C00160,P0035,SR003,2,1237.50,0.00,2475.00,EUR,Partner,Returned
OL00002343,O0001307,2024-02-07,C00160,P0058,SR003,1,2400.00,0.10,2160.00,EUR,Partner,Returned
OL00002344,O0001307,2024-02-07,C00160,P0070,SR003,1,750.00,0.20,600.00,EUR,Partner,Returned
OL00002345,O0001308,2026-04-09,C00362,P0013,SR012,3,3200.00,0.00,9600.00,EUR,Online,Completed
OL00002346,O0001308,2026-04-09,C00362,P0003,SR012,1,8640.00,0.00,8640.00,EUR,Online,Completed
OL00002347,O0001309,2026-02-14,C00283,P0046,SR012,1,3200.00,0.05,0.00,EUR,Online,Cancelled
OL00002348,O0001309,2026-02-14,C00283,P0044,SR012,3,14850.00,0.00,0.00,EUR,Online,Cancelled
OL00002349,O0001309,2026-02-14,C00283,P0022,SR012,1,6500.00,0.05,0.00,EUR,Online,Cancelled
OL00002350,O0001309,2026-02-14,C00283,P0053,SR012,1,2062.50,0.10,0.00,EUR,Online,Cancelled
OL00002351,O0001310,2025-11-27,C00363,P0036,SR005,2,8640.00,0.20,13824.00,EUR,Direct,Completed
OL00002352,O0001311,2025-10-12,C00061,P0003,SR002,4,8640.00,0.00,34560.00,EUR,Direct,Returned
OL00002353,O0001312,2026-05-01,C00381,P0035,SR004,2,1237.50,0.00,2475.00,EUR,Direct,Completed
OL00002354,O0001312,2026-05-01,C00381,P0054,SR004,5,17550.00,0.05,83362.50,EUR,Direct,Completed
OL00002355,O0001312,2026-05-01,C00381,P0045,SR004,1,6480.00,0.10,5832.00,EUR,Direct,Completed
OL00002356,O0001313,2023-01-12,C00125,P0038,SR007,1,2970.00,0.05,2821.50,EUR,Direct,Completed
OL00002357,O0001314,2023-06-24,C00222,P0038,SR004,3,2970.00,0.05,8464.50,EUR,Online,Completed
OL00002358,O0001314,2023-06-24,C00222,P0054,SR004,10,17550.00,0.05,166725.00,EUR,Online,Completed
OL00002359,O0001315,2025-02-01,C00089,P0073,SR011,3,9000.00,0.05,25650.00,EUR,Direct,Completed
OL00002360,O0001315,2025-02-01,C00089,P0066,SR011,1,3375.00,0.05,3206.25,EUR,Direct,Completed
OL00002361,O0001315,2025-02-01,C00089,P0015,SR011,1,17550.00,0.05,16672.50,EUR,Direct,Completed
OL00002362,O0001316,2025-10-01,C00227,P0030,SR006,2,6480.00,0.00,12960.00,EUR,Direct,Completed
OL00002363,O0001317,2025-08-28,C00335,P0044,SR007,5,14850.00,0.00,74250.00,EUR,Partner,Completed
OL00002364,O0001318,2026-06-17,C00267,P0019,SR007,5,3200.00,0.10,14400.00,EUR,Partner,Completed
OL00002365,O0001319,2024-01-01,C00470,P0048,SR007,1,17550.00,0.10,15795.00,EUR,Online,Completed
OL00002366,O0001320,2025-03-31,C00284,P0008,SR002,1,1237.50,0.05,1175.62,EUR,Direct,Completed
OL00002367,O0001320,2025-03-31,C00284,P0038,SR002,4,2970.00,0.00,11880.00,EUR,Direct,Completed
OL00002368,O0001321,2025-01-03,C00443,P0022,SR007,1,6500.00,0.10,5850.00,EUR,Direct,Completed
OL00002369,O0001321,2025-01-03,C00443,P0015,SR007,2,17550.00,0.10,31590.00,EUR,Direct,Completed
OL00002370,O0001321,2025-01-03,C00443,P0004,SR007,20,6500.00,0.00,130000.00,EUR,Direct,Completed
OL00002371,O0001322,2025-03-21,C00282,P0035,SR001,3,1237.50,0.05,3526.88,EUR,Partner,Completed
OL00002372,O0001323,2026-08-26,C00457,P0042,SR009,4,4860.00,0.10,17496.00,EUR,Direct,Completed
OL00002373,O0001323,2026-08-26,C00457,P0003,SR009,1,8640.00,0.15,7344.00,EUR,Direct,Completed
OL00002374,O0001324,2025-10-03,C00496,P0055,SR007,1,490.00,0.20,392.00,EUR,Direct,Completed
OL00002375,O0001325,2026-09-16,C00103,P0002,SR003,1,1633.50,0.00,1633.50,EUR,Online,Completed
OL00002376,O0001325,2026-09-16,C00103,P0032,SR003,3,2970.00,0.10,8019.00,EUR,Online,Completed
OL00002377,O0001325,2026-09-16,C00103,P0046,SR003,1,3200.00,0.05,3040.00,EUR,Online,Completed
OL00002378,O0001326,2024-01-02,C00072,P0055,SR007,2,490.00,0.15,833.00,EUR,Direct,Completed
OL00002379,O0001326,2024-01-02,C00072,P0059,SR007,2,14850.00,0.00,29700.00,EUR,Direct,Completed
OL00002380,O0001326,2024-01-02,C00072,P0072,SR007,2,2673.00,0.10,4811.40,EUR,Direct,Completed
OL00002381,O0001327,2023-11-27,C00231,P0072,SR001,20,2673.00,0.05,0.00,EUR,Direct,Cancelled
OL00002382,O0001328,2025-02-24,C00406,P0028,SR002,1,750.00,0.20,600.00,EUR,Partner,Completed
OL00002383,O0001328,2025-02-24,C00406,P0039,SR002,4,12960.00,0.15,44064.00,EUR,Partner,Completed
OL00002384,O0001328,2025-02-24,C00406,P0050,SR002,3,2062.50,0.00,6187.50,EUR,Partner,Completed
OL00002385,O0001328,2025-02-24,C00406,P0066,SR002,1,3375.00,0.10,3037.50,EUR,Partner,Completed
OL00002386,O0001329,2025-08-18,C00124,P0014,SR004,1,7920.00,0.05,7524.00,EUR,Direct,Completed
OL00002387,O0001330,2026-03-21,C00387,P0074,SR011,3,7920.00,0.15,0.00,EUR,Direct,Cancelled
OL00002388,O0001330,2026-03-21,C00387,P0075,SR011,2,6480.00,0.05,0.00,EUR,Direct,Cancelled
OL00002389,O0001331,2026-04-06,C00434,P0024,SR009,2,3375.00,0.20,5400.00,EUR,Direct,Completed
OL00002390,O0001332,2024-01-17,C00061,P0056,SR007,20,7920.00,0.10,142560.00,EUR,Direct,Completed
OL00002391,O0001332,2024-01-17,C00061,P0047,SR007,2,3960.00,0.00,7920.00,EUR,Direct,Completed
OL00002392,O0001333,2024-12-10,C00289,P0052,SR005,1,2400.00,0.05,2280.00,EUR,Online,Completed
OL00002393,O0001334,2025-08-14,C00203,P0074,SR003,3,7920.00,0.00,23760.00,EUR,Partner,Completed
OL00002394,O0001334,2025-08-14,C00203,P0038,SR003,4,2970.00,0.10,10692.00,EUR,Partner,Completed
OL00002395,O0001334,2025-08-14,C00203,P0062,SR003,2,7920.00,0.10,14256.00,EUR,Partner,Completed
OL00002396,O0001335,2023-08-25,C00436,P0037,SR001,3,4800.00,0.00,0.00,EUR,Direct,Cancelled
OL00002397,O0001335,2023-08-25,C00436,P0012,SR001,4,17550.00,0.15,0.00,EUR,Direct,Cancelled
OL00002398,O0001335,2023-08-25,C00436,P0072,SR001,10,2673.00,0.00,0.00,EUR,Direct,Cancelled
OL00002399,O0001336,2023-07-19,C00232,P0032,SR010,3,2970.00,0.15,7573.50,EUR,Direct,Completed
OL00002400,O0001336,2023-07-19,C00232,P0050,SR010,1,2062.50,0.15,1753.12,EUR,Direct,Completed
OL00002401,O0001337,2026-05-22,C00494,P0048,SR009,5,17550.00,0.10,78975.00,EUR,Direct,Completed
OL00002402,O0001337,2026-05-22,C00494,P0001,SR009,2,490.00,0.00,980.00,EUR,Direct,Completed
OL00002403,O0001338,2026-01-30,C00407,P0011,SR008,2,808.50,0.10,1455.30,EUR,Partner,Completed
OL00002404,O0001339,2024-12-20,C00240,P0035,SR012,1,1237.50,0.10,1113.75,EUR,Partner,Completed
OL00002405,O0001339,2024-12-20,C00240,P0051,SR012,1,12960.00,0.15,11016.00,EUR,Partner,Completed
OL00002406,O0001340,2023-10-25,C00167,P0018,SR005,1,1323.00,0.00,1323.00,EUR,Partner,Completed
OL00002407,O0001340,2023-10-25,C00167,P0014,SR005,1,7920.00,0.05,7524.00,EUR,Partner,Completed
OL00002408,O0001340,2023-10-25,C00167,P0054,SR005,4,17550.00,0.10,63180.00,EUR,Partner,Completed
OL00002409,O0001341,2023-07-04,C00098,P0032,SR011,1,2970.00,0.10,2673.00,EUR,Direct,Completed
OL00002410,O0001341,2023-07-04,C00098,P0042,SR011,1,4860.00,0.00,4860.00,EUR,Direct,Completed
OL00002411,O0001341,2023-07-04,C00098,P0045,SR011,2,6480.00,0.15,11016.00,EUR,Direct,Completed
OL00002412,O0001342,2026-06-10,C00194,P0061,SR009,3,3200.00,0.00,9600.00,EUR,Direct,Completed
OL00002413,O0001343,2026-05-21,C00467,P0062,SR002,4,7920.00,0.20,25344.00,EUR,Partner,Completed
OL00002414,O0001343,2026-05-21,C00467,P0052,SR002,1,2400.00,0.00,2400.00,EUR,Partner,Completed
OL00002415,O0001343,2026-05-21,C00467,P0003,SR002,3,8640.00,0.00,25920.00,EUR,Partner,Completed
OL00002416,O0001343,2026-05-21,C00467,P0010,SR002,1,3200.00,0.05,3040.00,EUR,Partner,Completed
OL00002417,O0001344,2023-01-31,C00029,P0007,SR007,5,9000.00,0.05,42750.00,EUR,Direct,Completed
OL00002418,O0001344,2023-01-31,C00029,P0022,SR007,3,6500.00,0.15,16575.00,EUR,Direct,Completed
OL00002419,O0001344,2023-01-31,C00029,P0062,SR007,1,7920.00,0.10,7128.00,EUR,Direct,Completed
OL00002420,O0001344,2023-01-31,C00029,P0021,SR007,1,6480.00,0.15,5508.00,EUR,Direct,Completed
OL00002421,O0001345,2024-11-15,C00382,P0013,SR006,3,3200.00,0.00,9600.00,EUR,Partner,Completed
OL00002422,O0001346,2024-07-23,C00179,P0005,SR012,1,10725.00,0.00,10725.00,EUR,Direct,Completed
OL00002423,O0001346,2024-07-23,C00179,P0070,SR012,3,750.00,0.15,1912.50,EUR,Direct,Completed
OL00002424,O0001346,2024-07-23,C00179,P0019,SR012,1,3200.00,0.00,3200.00,EUR,Direct,Completed
OL00002425,O0001347,2026-02-17,C00407,P0024,SR012,2,3375.00,0.00,6750.00,EUR,Partner,Completed
OL00002426,O0001348,2024-04-24,C00377,P0032,SR001,3,2970.00,0.05,8464.50,EUR,Direct,Completed
OL00002427,O0001348,2024-04-24,C00377,P0024,SR001,10,3375.00,0.10,30375.00,EUR,Direct,Completed
OL00002428,O0001348,2024-04-24,C00377,P0050,SR001,2,2062.50,0.00,4125.00,EUR,Direct,Completed
OL00002429,O0001349,2024-02-26,C00272,P0001,SR010,1,490.00,0.00,0.00,EUR,Online,Cancelled
OL00002430,O0001350,2024-04-17,C00089,P0043,SR011,2,490.00,0.00,980.00,EUR,Online,Completed
OL00002431,O0001351,2025-07-16,C00309,P0058,SR002,1,2400.00,0.00,2400.00,EUR,Direct,Completed
OL00002432,O0001351,2025-07-16,C00309,P0054,SR002,2,17550.00,0.10,31590.00,EUR,Direct,Completed
OL00002433,O0001352,2026-08-17,C00259,P0032,SR008,2,2970.00,0.15,5049.00,EUR,Online,Completed
OL00002434,O0001353,2024-09-18,C00006,P0040,SR002,1,4800.00,0.15,4080.00,EUR,Partner,Completed
OL00002435,O0001354,2023-09-02,C00284,P0009,SR010,1,24300.00,0.05,0.00,EUR,Online,Cancelled
OL00002436,O0001354,2023-09-02,C00284,P0036,SR010,1,8640.00,0.00,0.00,EUR,Online,Cancelled
OL00002437,O0001354,2023-09-02,C00284,P0053,SR010,4,2062.50,0.00,0.00,EUR,Online,Cancelled
OL00002438,O0001355,2024-08-31,C00466,P0071,SR010,1,808.50,0.00,808.50,EUR,Direct,Completed
OL00002439,O0001355,2024-08-31,C00466,P0068,SR010,5,1237.50,0.20,4950.00,EUR,Direct,Completed
OL00002440,O0001355,2024-08-31,C00466,P0005,SR010,3,10725.00,0.10,28957.50,EUR,Direct,Completed
OL00002441,O0001356,2023-10-17,C00369,P0048,SR010,1,17550.00,0.10,15795.00,EUR,Direct,Completed
OL00002442,O0001356,2023-10-17,C00369,P0049,SR010,10,1250.00,0.00,12500.00,EUR,Direct,Completed
OL00002443,O0001356,2023-10-17,C00369,P0035,SR010,1,1237.50,0.10,1113.75,EUR,Direct,Completed
OL00002444,O0001356,2023-10-17,C00369,P0054,SR010,1,17550.00,0.00,17550.00,EUR,Direct,Completed
OL00002445,O0001357,2023-06-14,C00061,P0066,SR012,1,3375.00,0.10,3037.50,EUR,Direct,Completed
OL00002446,O0001358,2026-08-31,C00209,P0031,SR005,1,6500.00,0.10,5850.00,EUR,Direct,Completed
OL00002447,O0001359,2023-11-23,C00061,P0008,SR009,1,1237.50,0.00,1237.50,EUR,Direct,Completed
OL00002448,O0001360,2023-01-12,C00465,P0050,SR012,1,2062.50,0.00,2062.50,EUR,Direct,Completed
OL00002449,O0001361,2025-06-16,C00147,P0054,SR002,3,17550.00,0.20,42120.00,EUR,Direct,Completed
OL00002450,O0001361,2025-06-16,C00147,P0072,SR002,1,2673.00,0.10,2405.70,EUR,Direct,Completed
OL00002451,O0001362,2026-05-08,C00234,P0047,SR008,2,3960.00,0.00,7920.00,EUR,Direct,Returned
OL00002452,O0001362,2026-05-08,C00234,P0050,SR008,1,2062.50,0.00,2062.50,EUR,Direct,Returned
OL00002453,O0001362,2026-05-08,C00234,P0056,SR008,1,7920.00,0.00,7920.00,EUR,Direct,Returned
OL00002454,O0001362,2026-05-08,C00234,P0075,SR008,1,6480.00,0.00,6480.00,EUR,Direct,Returned
OL00002455,O0001363,2024-02-02,C00499,P0063,SR011,1,12960.00,0.00,12960.00,EUR,Direct,Completed
OL00002456,O0001363,2024-02-02,C00499,P0055,SR011,5,490.00,0.10,2205.00,EUR,Direct,Completed
OL00002457,O0001363,2024-02-02,C00499,P0062,SR011,2,7920.00,0.15,13464.00,EUR,Direct,Completed
OL00002458,O0001364,2023-02-13,C00373,P0005,SR009,1,10725.00,0.15,9116.25,EUR,Partner,Completed
OL00002459,O0001365,2026-03-06,C00301,P0008,SR007,4,1237.50,0.00,0.00,EUR,Direct,Cancelled
OL00002460,O0001366,2023-04-09,C00058,P0071,SR003,4,808.50,0.10,0.00,EUR,Direct,Cancelled
OL00002461,O0001367,2026-09-11,C00440,P0072,SR003,10,2673.00,0.05,25393.50,EUR,Direct,Completed
OL00002462,O0001367,2026-09-11,C00440,P0074,SR003,1,7920.00,0.05,7524.00,EUR,Direct,Completed
OL00002463,O0001367,2026-09-11,C00440,P0017,SR003,2,5280.00,0.00,10560.00,EUR,Direct,Completed
OL00002464,O0001368,2024-05-29,C00180,P0037,SR002,2,4800.00,0.20,7680.00,EUR,Partner,Completed
OL00002465,O0001368,2024-05-29,C00180,P0013,SR002,2,3200.00,0.00,6400.00,EUR,Partner,Completed
OL00002466,O0001368,2024-05-29,C00180,P0029,SR002,2,14850.00,0.00,29700.00,EUR,Partner,Completed
OL00002467,O0001369,2023-08-29,C00113,P0024,SR007,4,3375.00,0.15,11475.00,EUR,Partner,Completed
OL00002468,O0001370,2025-11-20,C00495,P0075,SR001,4,6480.00,0.10,23328.00,EUR,Direct,Completed
OL00002469,O0001371,2025-12-06,C00304,P0055,SR004,4,490.00,0.00,1960.00,EUR,Online,Completed
OL00002470,O0001372,2026-08-01,C00301,P0027,SR004,5,24300.00,0.05,115425.00,EUR,Direct,Completed
OL00002471,O0001372,2026-08-01,C00301,P0074,SR004,3,7920.00,0.15,20196.00,EUR,Direct,Completed
OL00002472,O0001373,2026-08-10,C00465,P0043,SR010,1,490.00,0.10,441.00,EUR,Direct,Completed
OL00002473,O0001373,2026-08-10,C00465,P0071,SR010,4,808.50,0.00,3234.00,EUR,Direct,Completed
OL00002474,O0001374,2026-08-17,C00253,P0030,SR001,1,6480.00,0.05,6156.00,EUR,Direct,Completed
OL00002475,O0001375,2025-01-06,C00225,P0033,SR005,10,17550.00,0.05,166725.00,EUR,Direct,Completed
OL00002476,O0001376,2026-03-03,C00494,P0045,SR009,2,6480.00,0.05,12312.00,EUR,Direct,Completed
OL00002477,O0001376,2026-03-03,C00494,P0032,SR009,2,2970.00,0.15,5049.00,EUR,Direct,Completed
OL00002478,O0001377,2025-07-17,C00389,P0040,SR012,1,4800.00,0.00,4800.00,EUR,Direct,Completed
OL00002479,O0001377,2025-07-17,C00389,P0003,SR012,20,8640.00,0.20,138240.00,EUR,Direct,Completed
OL00002480,O0001378,2025-12-02,C00359,P0006,SR005,1,3375.00,0.00,3375.00,EUR,Online,Completed
OL00002481,O0001378,2025-12-02,C00359,P0041,SR005,3,1237.50,0.00,3712.50,EUR,Online,Completed
OL00002482,O0001378,2025-12-02,C00359,P0029,SR005,2,14850.00,0.05,28215.00,EUR,Online,Completed
OL00002483,O0001379,2023-09-03,C00022,P0007,SR003,1,9000.00,0.15,7650.00,EUR,Direct,Completed
OL00002484,O0001380,2023-06-11,C00489,P0035,SR004,1,1237.50,0.00,1237.50,EUR,Direct,Completed
OL00002485,O0001381,2025-05-29,C00240,P0064,SR003,1,490.00,0.10,441.00,EUR,Online,Returned
OL00002486,O0001381,2025-05-29,C00240,P0018,SR003,1,1323.00,0.10,1190.70,EUR,Online,Returned
OL00002487,O0001382,2026-01-15,C00403,P0054,SR008,2,17550.00,0.00,35100.00,EUR,Direct,Completed
OL00002488,O0001383,2025-08-31,C00309,P0074,SR003,1,7920.00,0.00,7920.00,EUR,Direct,Completed
OL00002489,O0001384,2024-05-18,C00161,P0052,SR008,4,2400.00,0.15,8160.00,EUR,Partner,Completed
OL00002490,O0001384,2024-05-18,C00161,P0046,SR008,2,3200.00,0.05,6080.00,EUR,Partner,Completed
OL00002491,O0001385,2023-04-18,C00173,P0022,SR007,1,6500.00,0.10,5850.00,EUR,Direct,Returned
OL00002492,O0001385,2023-04-18,C00173,P0005,SR007,5,10725.00,0.00,53625.00,EUR,Direct,Returned
OL00002493,O0001385,2023-04-18,C00173,P0053,SR007,3,2062.50,0.15,5259.38,EUR,Direct,Returned
OL00002494,O0001386,2026-08-10,C00005,P0027,SR007,3,24300.00,0.15,61965.00,EUR,Direct,Completed
OL00002495,O0001386,2026-08-10,C00005,P0008,SR007,3,1237.50,0.20,2970.00,EUR,Direct,Completed
OL00002496,O0001387,2025-07-03,C00438,P0039,SR005,1,12960.00,0.10,11664.00,EUR,Partner,Completed
OL00002497,O0001387,2025-07-03,C00438,P0072,SR005,2,2673.00,0.15,4544.10,EUR,Partner,Completed
OL00002498,O0001388,2023-02-11,C00072,P0051,SR010,1,12960.00,0.15,11016.00,EUR,Direct,Completed
OL00002499,O0001389,2025-07-13,C00355,P0062,SR009,2,7920.00,0.05,0.00,EUR,Direct,Cancelled
OL00002500,O0001390,2023-06-18,C00072,P0033,SR004,5,17550.00,0.05,0.00,EUR,Partner,Cancelled
OL00002501,O0001390,2023-06-18,C00072,P0072,SR004,10,2673.00,0.00,0.00,EUR,Partner,Cancelled
OL00002502,O0001391,2023-08-21,C00435,P0058,SR003,5,2400.00,0.15,10200.00,EUR,Online,Completed
OL00002503,O0001391,2023-08-21,C00435,P0001,SR003,3,490.00,0.15,1249.50,EUR,Online,Completed
OL00002504,O0001392,2025-10-30,C00401,P0015,SR005,2,17550.00,0.00,35100.00,EUR,Online,Completed
OL00002505,O0001393,2024-11-22,C00078,P0017,SR012,10,5280.00,0.20,42240.00,EUR,Partner,Completed
OL00002506,O0001393,2024-11-22,C00078,P0055,SR012,1,490.00,0.05,465.50,EUR,Partner,Completed
OL00002507,O0001394,2026-03-11,C00295,P0003,SR002,2,8640.00,0.10,15552.00,EUR,Partner,Completed
OL00002508,O0001395,2025-04-06,C00086,P0053,SR011,4,2062.50,0.00,0.00,EUR,Partner,Cancelled
OL00002509,O0001396,2026-01-09,C00059,P0015,SR006,1,17550.00,0.00,17550.00,EUR,Online,Completed
OL00002510,O0001396,2026-01-09,C00059,P0070,SR006,3,750.00,0.10,2025.00,EUR,Online,Completed
OL00002511,O0001396,2026-01-09,C00059,P0072,SR006,1,2673.00,0.00,2673.00,EUR,Online,Completed
OL00002512,O0001397,2024-09-02,C00168,P0017,SR004,1,5280.00,0.00,5280.00,EUR,Direct,Completed
OL00002513,O0001398,2024-05-10,C00461,P0006,SR001,2,3375.00,0.20,5400.00,EUR,Direct,Returned
OL00002514,O0001398,2024-05-10,C00461,P0040,SR001,2,4800.00,0.00,9600.00,EUR,Direct,Returned
OL00002515,O0001399,2025-05-17,C00047,P0025,SR008,4,3200.00,0.00,12800.00,EUR,Direct,Returned
OL00002516,O0001399,2025-05-17,C00047,P0053,SR008,2,2062.50,0.00,4125.00,EUR,Direct,Returned
OL00002517,O0001400,2025-07-02,C00175,P0039,SR008,1,12960.00,0.15,11016.00,EUR,Direct,Completed
OL00002518,O0001401,2026-03-16,C00446,P0036,SR003,2,8640.00,0.05,16416.00,EUR,Online,Completed
OL00002519,O0001402,2024-08-27,C00059,P0013,SR003,3,3200.00,0.20,7680.00,EUR,Online,Completed
OL00002520,O0001402,2024-08-27,C00059,P0062,SR003,2,7920.00,0.15,13464.00,EUR,Online,Completed
OL00002521,O0001402,2024-08-27,C00059,P0019,SR003,10,3200.00,0.00,32000.00,EUR,Online,Completed
OL00002522,O0001403,2023-11-24,C00382,P0053,SR010,2,2062.50,0.00,4125.00,EUR,Partner,Completed
OL00002523,O0001404,2025-09-07,C00418,P0013,SR004,1,3200.00,0.00,3200.00,EUR,Online,Completed
OL00002524,O0001404,2025-09-07,C00418,P0042,SR004,3,4860.00,0.00,14580.00,EUR,Online,Completed
OL00002525,O0001404,2025-09-07,C00418,P0052,SR004,2,2400.00,0.05,4560.00,EUR,Online,Completed
OL00002526,O0001405,2023-10-27,C00067,P0050,SR008,1,2062.50,0.00,2062.50,EUR,Partner,Completed
OL00002527,O0001405,2023-10-27,C00067,P0071,SR008,1,808.50,0.00,808.50,EUR,Partner,Completed
OL00002528,O0001406,2023-12-20,C00255,P0018,SR006,2,1323.00,0.10,2381.40,EUR,Direct,Completed
OL00002529,O0001406,2023-12-20,C00255,P0017,SR006,4,5280.00,0.15,17952.00,EUR,Direct,Completed
OL00002530,O0001407,2023-09-07,C00208,P0009,SR009,1,24300.00,0.15,20655.00,EUR,Direct,Completed
OL00002531,O0001408,2023-05-18,C00418,P0020,SR012,1,14850.00,0.15,12622.50,EUR,Direct,Completed
OL00002532,O0001409,2024-12-09,C00485,P0072,SR001,1,2673.00,0.00,2673.00,EUR,Partner,Completed
OL00002533,O0001410,2026-05-15,C00011,P0005,SR007,1,10725.00,0.00,10725.00,EUR,Partner,Completed
OL00002534,O0001411,2024-04-10,C00307,P0042,SR009,1,4860.00,0.00,4860.00,EUR,Direct,Completed
OL00002535,O0001411,2024-04-10,C00307,P0038,SR009,1,2970.00,0.00,2970.00,EUR,Direct,Completed
OL00002536,O0001412,2026-06-20,C00197,P0048,SR008,1,17550.00,0.10,15795.00,EUR,Partner,Completed
OL00002537,O0001412,2026-06-20,C00197,P0037,SR008,1,4800.00,0.10,4320.00,EUR,Partner,Completed
OL00002538,O0001413,2026-08-25,C00190,P0055,SR010,2,490.00,0.05,931.00,EUR,Online,Completed
OL00002539,O0001414,2024-07-05,C00325,P0046,SR008,3,3200.00,0.00,9600.00,EUR,Direct,Completed
OL00002540,O0001415,2024-07-13,C00483,P0023,SR011,5,808.50,0.05,3840.38,EUR,Direct,Completed
OL00002541,O0001416,2023-11-27,C00371,P0064,SR006,1,490.00,0.10,441.00,EUR,Direct,Completed
OL00002542,O0001416,2023-11-27,C00371,P0034,SR006,2,490.00,0.00,980.00,EUR,Direct,Completed
OL00002543,O0001417,2025-03-06,C00032,P0064,SR008,3,490.00,0.00,1470.00,EUR,Partner,Completed
OL00002544,O0001417,2025-03-06,C00032,P0055,SR008,3,490.00,0.10,1323.00,EUR,Partner,Completed
OL00002545,O0001418,2024-11-22,C00322,P0001,SR001,2,490.00,0.20,784.00,EUR,Online,Completed
OL00002546,O0001419,2025-05-23,C00293,P0018,SR004,2,1323.00,0.20,0.00,EUR,Direct,Cancelled
OL00002547,O0001420,2025-06-29,C00180,P0021,SR001,2,6480.00,0.15,11016.00,EUR,Direct,Completed
OL00002548,O0001420,2025-06-29,C00180,P0045,SR001,1,6480.00,0.00,6480.00,EUR,Direct,Completed
OL00002549,O0001420,2025-06-29,C00180,P0056,SR001,1,7920.00,0.05,7524.00,EUR,Direct,Completed
OL00002550,O0001421,2025-12-16,C00245,P0024,SR011,3,3375.00,0.10,9112.50,EUR,Direct,Completed
OL00002551,O0001421,2025-12-16,C00245,P0009,SR011,4,24300.00,0.10,87480.00,EUR,Direct,Completed
OL00002552,O0001421,2025-12-16,C00245,P0075,SR011,1,6480.00,0.10,5832.00,EUR,Direct,Completed
OL00002553,O0001422,2024-08-02,C00419,P0025,SR003,2,3200.00,0.05,6080.00,EUR,Online,Completed
OL00002554,O0001422,2024-08-02,C00419,P0007,SR003,5,9000.00,0.00,45000.00,EUR,Online,Completed
OL00002555,O0001423,2026-09-17,C00290,P0018,SR008,3,1323.00,0.15,3373.65,EUR,Direct,Completed
OL00002556,O0001423,2026-09-17,C00290,P0072,SR008,2,2673.00,0.05,5078.70,EUR,Direct,Completed
OL00002557,O0001423,2026-09-17,C00290,P0065,SR008,4,5280.00,0.15,17952.00,EUR,Direct,Completed
OL00002558,O0001424,2024-02-24,C00290,P0073,SR007,2,9000.00,0.20,0.00,EUR,Online,Cancelled
OL00002559,O0001424,2024-02-24,C00290,P0040,SR007,2,4800.00,0.10,0.00,EUR,Online,Cancelled
OL00002560,O0001425,2024-11-10,C00247,P0016,SR001,1,490.00,0.00,490.00,EUR,Direct,Completed
OL00002561,O0001425,2024-11-10,C00247,P0042,SR001,1,4860.00,0.10,4374.00,EUR,Direct,Completed
OL00002562,O0001426,2025-07-27,C00203,P0010,SR012,3,3200.00,0.10,8640.00,EUR,Direct,Completed
OL00002563,O0001426,2025-07-27,C00203,P0070,SR012,3,750.00,0.00,2250.00,EUR,Direct,Completed
OL00002564,O0001427,2025-02-05,C00255,P0075,SR006,2,6480.00,0.05,12312.00,EUR,Partner,Completed
OL00002565,O0001428,2024-01-15,C00076,P0014,SR003,4,7920.00,0.05,30096.00,EUR,Direct,Completed
OL00002566,O0001428,2024-01-15,C00076,P0003,SR003,5,8640.00,0.05,41040.00,EUR,Direct,Completed
OL00002567,O0001428,2024-01-15,C00076,P0002,SR003,1,1633.50,0.00,1633.50,EUR,Direct,Completed
OL00002568,O0001429,2025-09-30,C00326,P0042,SR009,20,4860.00,0.05,92340.00,EUR,Partner,Completed
OL00002569,O0001429,2025-09-30,C00326,P0023,SR009,2,808.50,0.00,1617.00,EUR,Partner,Completed
OL00002570,O0001430,2025-12-13,C00252,P0066,SR011,1,3375.00,0.00,3375.00,EUR,Direct,Completed
OL00002571,O0001431,2024-03-05,C00283,P0010,SR008,4,3200.00,0.00,12800.00,EUR,Partner,Completed
OL00002572,O0001432,2023-01-22,C00208,P0070,SR001,1,750.00,0.00,750.00,EUR,Online,Completed
OL00002573,O0001433,2026-05-26,C00101,P0050,SR001,2,2062.50,0.20,3300.00,EUR,Direct,Completed
OL00002574,O0001433,2026-05-26,C00101,P0004,SR001,2,6500.00,0.20,10400.00,EUR,Direct,Completed
OL00002575,O0001433,2026-05-26,C00101,P0074,SR001,4,7920.00,0.10,28512.00,EUR,Direct,Completed
OL00002576,O0001434,2026-01-08,C00329,P0040,SR001,2,4800.00,0.15,8160.00,EUR,Partner,Completed
OL00002577,O0001435,2023-05-10,C00012,P0073,SR012,1,9000.00,0.05,8550.00,EUR,Direct,Completed
OL00002578,O0001435,2023-05-10,C00012,P0059,SR012,3,14850.00,0.00,44550.00,EUR,Direct,Completed
OL00002579,O0001435,2023-05-10,C00012,P0039,SR012,1,12960.00,0.00,12960.00,EUR,Direct,Completed
OL00002580,O0001436,2024-08-26,C00453,P0010,SR005,4,3200.00,0.00,12800.00,EUR,Direct,Completed
OL00002581,O0001437,2026-06-25,C00127,P0057,SR004,3,6480.00,0.10,17496.00,EUR,Partner,Completed
OL00002582,O0001437,2026-06-25,C00127,P0037,SR004,3,4800.00,0.15,12240.00,EUR,Partner,Completed
OL00002583,O0001438,2024-09-05,C00345,P0034,SR002,1,490.00,0.10,441.00,EUR,Direct,Completed
OL00002584,O0001439,2026-06-18,C00068,P0008,SR004,1,1237.50,0.00,1237.50,EUR,Direct,Completed
OL00002585,O0001439,2026-06-18,C00068,P0059,SR004,1,14850.00,0.20,11880.00,EUR,Direct,Completed
OL00002586,O0001440,2023-02-01,C00228,P0024,SR007,1,3375.00,0.05,3206.25,EUR,Direct,Completed
OL00002587,O0001441,2024-09-26,C00065,P0034,SR008,3,490.00,0.10,1323.00,EUR,Direct,Completed
OL00002588,O0001441,2024-09-26,C00065,P0004,SR008,4,6500.00,0.10,23400.00,EUR,Direct,Completed
OL00002589,O0001441,2024-09-26,C00065,P0071,SR008,1,808.50,0.00,808.50,EUR,Direct,Completed
OL00002590,O0001441,2024-09-26,C00065,P0051,SR008,5,12960.00,0.05,61560.00,EUR,Direct,Completed
OL00002591,O0001442,2023-01-15,C00021,P0069,SR005,1,12960.00,0.05,12312.00,EUR,Direct,Completed
OL00002592,O0001442,2023-01-15,C00021,P0020,SR005,3,14850.00,0.00,44550.00,EUR,Direct,Completed
OL00002593,O0001442,2023-01-15,C00021,P0027,SR005,2,24300.00,0.00,48600.00,EUR,Direct,Completed
OL00002594,O0001442,2023-01-15,C00021,P0067,SR005,20,2400.00,0.15,40800.00,EUR,Direct,Completed
OL00002595,O0001443,2023-06-28,C00039,P0002,SR002,20,1633.50,0.00,32670.00,EUR,Direct,Returned
OL00002596,O0001443,2023-06-28,C00039,P0024,SR002,20,3375.00,0.05,64125.00,EUR,Direct,Returned
OL00002597,O0001443,2023-06-28,C00039,P0003,SR002,4,8640.00,0.05,32832.00,EUR,Direct,Returned
OL00002598,O0001444,2026-01-11,C00399,P0066,SR006,4,3375.00,0.10,12150.00,EUR,Direct,Completed
OL00002599,O0001445,2023-08-23,C00267,P0042,SR003,5,4860.00,0.00,24300.00,EUR,Direct,Completed
OL00002600,O0001445,2023-08-23,C00267,P0054,SR003,2,17550.00,0.05,33345.00,EUR,Direct,Completed
OL00002601,O0001446,2024-10-01,C00135,P0055,SR011,3,490.00,0.10,1323.00,EUR,Partner,Completed
OL00002602,O0001446,2024-10-01,C00135,P0016,SR011,5,490.00,0.05,2327.50,EUR,Partner,Completed
OL00002603,O0001447,2026-07-17,C00034,P0044,SR010,1,14850.00,0.05,14107.50,EUR,Direct,Completed
OL00002604,O0001447,2026-07-17,C00034,P0070,SR010,2,750.00,0.15,1275.00,EUR,Direct,Completed
OL00002605,O0001448,2023-06-17,C00200,P0053,SR008,20,2062.50,0.10,37125.00,EUR,Online,Completed
OL00002606,O0001449,2023-02-13,C00242,P0005,SR011,2,10725.00,0.00,21450.00,EUR,Direct,Completed
OL00002607,O0001449,2023-02-13,C00242,P0026,SR011,2,2970.00,0.00,5940.00,EUR,Direct,Completed
OL00002608,O0001449,2023-02-13,C00242,P0038,SR011,3,2970.00,0.05,8464.50,EUR,Direct,Completed
OL00002609,O0001450,2023-12-14,C00212,P0051,SR003,1,12960.00,0.00,12960.00,EUR,Direct,Completed
OL00002610,O0001450,2023-12-14,C00212,P0015,SR003,1,17550.00,0.10,15795.00,EUR,Direct,Completed
OL00002611,O0001450,2023-12-14,C00212,P0043,SR003,3,490.00,0.00,1470.00,EUR,Direct,Completed
OL00002612,O0001451,2024-10-12,C00187,P0066,SR008,1,3375.00,0.10,3037.50,EUR,Online,Completed
OL00002613,O0001451,2024-10-12,C00187,P0044,SR008,2,14850.00,0.00,29700.00,EUR,Online,Completed
OL00002614,O0001452,2024-05-17,C00386,P0044,SR010,4,14850.00,0.10,53460.00,EUR,Online,Completed
OL00002615,O0001452,2024-05-17,C00386,P0004,SR010,1,6500.00,0.00,6500.00,EUR,Online,Completed
OL00002616,O0001452,2024-05-17,C00386,P0035,SR010,1,1237.50,0.10,1113.75,EUR,Online,Completed
OL00002617,O0001453,2024-01-07,C00066,P0061,SR008,1,3200.00,0.00,3200.00,EUR,Direct,Completed
OL00002618,O0001454,2026-08-10,C00061,P0027,SR004,1,24300.00,0.00,24300.00,EUR,Direct,Completed
OL00002619,O0001454,2026-08-10,C00061,P0067,SR004,3,2400.00,0.00,7200.00,EUR,Direct,Completed
OL00002620,O0001455,2025-01-21,C00223,P0021,SR010,2,6480.00,0.15,11016.00,EUR,Online,Completed
OL00002621,O0001456,2023-07-24,C00095,P0044,SR008,4,14850.00,0.00,0.00,EUR,Direct,Cancelled
OL00002622,O0001457,2026-05-25,C00367,P0051,SR004,4,12960.00,0.05,49248.00,EUR,Direct,Completed
OL00002623,O0001458,2025-10-02,C00085,P0009,SR002,2,24300.00,0.15,41310.00,EUR,Direct,Completed
OL00002624,O0001459,2023-01-09,C00241,P0071,SR011,20,808.50,0.00,16170.00,EUR,Direct,Completed
OL00002625,O0001460,2024-10-07,C00339,P0023,SR010,1,808.50,0.10,727.65,EUR,Partner,Returned
OL00002626,O0001460,2024-10-07,C00339,P0004,SR010,1,6500.00,0.05,6175.00,EUR,Partner,Returned
OL00002627,O0001460,2024-10-07,C00339,P0018,SR010,3,1323.00,0.05,3770.55,EUR,Partner,Returned
OL00002628,O0001461,2025-02-17,C00083,P0073,SR012,3,9000.00,0.10,24300.00,EUR,Partner,Completed
OL00002629,O0001462,2026-05-07,C00200,P0074,SR001,2,7920.00,0.20,12672.00,EUR,Online,Completed
OL00002630,O0001462,2026-05-07,C00200,P0048,SR001,5,17550.00,0.15,74587.50,EUR,Online,Completed
OL00002631,O0001463,2024-11-07,C00191,P0002,SR006,2,1633.50,0.05,3103.65,EUR,Direct,Completed
OL00002632,O0001464,2023-11-12,C00477,P0064,SR005,4,490.00,0.00,1960.00,EUR,Direct,Completed
OL00002633,O0001464,2023-11-12,C00477,P0003,SR005,1,8640.00,0.00,8640.00,EUR,Direct,Completed
OL00002634,O0001465,2026-05-26,C00006,P0073,SR001,2,9000.00,0.00,18000.00,EUR,Partner,Returned
OL00002635,O0001466,2026-03-30,C00354,P0036,SR002,2,8640.00,0.10,15552.00,EUR,Direct,Completed
OL00002636,O0001467,2026-03-29,C00107,P0024,SR004,4,3375.00,0.10,12150.00,EUR,Direct,Completed
OL00002637,O0001467,2026-03-29,C00107,P0055,SR004,1,490.00,0.10,441.00,EUR,Direct,Completed
OL00002638,O0001468,2024-12-15,C00097,P0036,SR009,1,8640.00,0.05,8208.00,EUR,Direct,Completed
OL00002639,O0001468,2024-12-15,C00097,P0058,SR009,2,2400.00,0.05,4560.00,EUR,Direct,Completed
OL00002640,O0001469,2024-12-16,C00276,P0038,SR006,10,2970.00,0.05,28215.00,EUR,Direct,Completed
OL00002641,O0001469,2024-12-16,C00276,P0022,SR006,2,6500.00,0.00,13000.00,EUR,Direct,Completed
OL00002642,O0001469,2024-12-16,C00276,P0024,SR006,1,3375.00,0.10,3037.50,EUR,Direct,Completed
OL00002643,O0001469,2024-12-16,C00276,P0045,SR006,2,6480.00,0.15,11016.00,EUR,Direct,Completed
OL00002644,O0001470,2025-12-15,C00130,P0047,SR005,1,3960.00,0.10,3564.00,EUR,Direct,Completed
OL00002645,O0001470,2025-12-15,C00130,P0069,SR005,1,12960.00,0.05,12312.00,EUR,Direct,Completed
OL00002646,O0001471,2024-08-29,C00329,P0071,SR003,1,808.50,0.00,808.50,EUR,Partner,Completed
OL00002647,O0001471,2024-08-29,C00329,P0011,SR003,10,808.50,0.00,8085.00,EUR,Partner,Completed
OL00002648,O0001471,2024-08-29,C00329,P0058,SR003,1,2400.00,0.00,2400.00,EUR,Partner,Completed
OL00002649,O0001472,2023-01-13,C00250,P0060,SR010,2,17550.00,0.10,31590.00,EUR,Direct,Completed
OL00002650,O0001473,2025-09-15,C00403,P0002,SR006,5,1633.50,0.00,8167.50,EUR,Direct,Completed
OL00002651,O0001474,2025-04-05,C00354,P0070,SR008,2,750.00,0.00,0.00,EUR,Partner,Cancelled
OL00002652,O0001475,2024-05-18,C00358,P0067,SR002,3,2400.00,0.10,6480.00,EUR,Direct,Completed
OL00002653,O0001476,2023-06-18,C00327,P0035,SR007,2,1237.50,0.05,2351.25,EUR,Online,Completed
OL00002654,O0001477,2025-08-10,C00303,P0013,SR004,3,3200.00,0.00,9600.00,EUR,Direct,Completed
OL00002655,O0001477,2025-08-10,C00303,P0038,SR004,2,2970.00,0.00,5940.00,EUR,Direct,Completed
OL00002656,O0001477,2025-08-10,C00303,P0070,SR004,3,750.00,0.05,2137.50,EUR,Direct,Completed
OL00002657,O0001477,2025-08-10,C00303,P0019,SR004,1,3200.00,0.00,3200.00,EUR,Direct,Completed
OL00002658,O0001478,2024-02-13,C00499,P0049,SR011,1,1250.00,0.05,1187.50,EUR,Online,Completed
OL00002659,O0001478,2024-02-13,C00499,P0025,SR011,20,3200.00,0.05,60800.00,EUR,Online,Completed
OL00002660,O0001478,2024-02-13,C00499,P0039,SR011,1,12960.00,0.15,11016.00,EUR,Online,Completed
OL00002661,O0001479,2026-02-28,C00112,P0062,SR012,1,7920.00,0.10,7128.00,EUR,Partner,Completed
OL00002662,O0001479,2026-02-28,C00112,P0055,SR012,1,490.00,0.20,392.00,EUR,Partner,Completed
OL00002663,O0001480,2025-02-06,C00475,P0059,SR007,1,14850.00,0.05,14107.50,EUR,Direct,Completed
OL00002664,O0001480,2025-02-06,C00475,P0012,SR007,5,17550.00,0.00,87750.00,EUR,Direct,Completed
OL00002665,O0001481,2026-08-05,C00082,P0028,SR008,2,750.00,0.00,1500.00,EUR,Direct,Completed
OL00002666,O0001482,2024-12-20,C00329,P0002,SR005,1,1633.50,0.00,1633.50,EUR,Direct,Completed
OL00002667,O0001482,2024-12-20,C00329,P0004,SR005,1,6500.00,0.00,6500.00,EUR,Direct,Completed
OL00002668,O0001483,2023-06-12,C00070,P0047,SR007,1,3960.00,0.05,3762.00,EUR,Direct,Completed
OL00002669,O0001484,2023-01-31,C00066,P0049,SR012,1,1250.00,0.20,1000.00,EUR,Direct,Completed
OL00002670,O0001484,2023-01-31,C00066,P0015,SR012,10,17550.00,0.05,166725.00,EUR,Direct,Completed
OL00002671,O0001485,2024-02-06,C00402,P0059,SR012,1,14850.00,0.00,14850.00,EUR,Direct,Completed
OL00002672,O0001486,2024-12-26,C00432,P0031,SR006,10,6500.00,0.15,55250.00,EUR,Online,Completed
OL00002673,O0001486,2024-12-26,C00432,P0027,SR006,3,24300.00,0.10,65610.00,EUR,Online,Completed
OL00002674,O0001487,2024-09-30,C00225,P0037,SR010,1,4800.00,0.05,4560.00,EUR,Direct,Completed
OL00002675,O0001488,2025-07-10,C00376,P0067,SR010,2,2400.00,0.10,4320.00,EUR,Direct,Completed
OL00002676,O0001488,2025-07-10,C00376,P0043,SR010,2,490.00,0.05,931.00,EUR,Direct,Completed
OL00002677,O0001489,2024-08-18,C00152,P0072,SR011,1,2673.00,0.20,2138.40,EUR,Direct,Completed
OL00002678,O0001490,2023-02-04,C00059,P0066,SR010,1,3375.00,0.20,2700.00,EUR,Online,Completed
OL00002679,O0001491,2024-03-31,C00030,P0001,SR003,4,490.00,0.00,1960.00,EUR,Online,Completed
OL00002680,O0001492,2026-06-10,C00188,P0070,SR011,4,750.00,0.00,3000.00,EUR,Direct,Returned
OL00002681,O0001492,2026-06-10,C00188,P0003,SR011,2,8640.00,0.00,17280.00,EUR,Direct,Returned
OL00002682,O0001493,2024-04-07,C00374,P0071,SR008,2,808.50,0.10,1455.30,EUR,Direct,Completed
OL00002683,O0001493,2024-04-07,C00374,P0067,SR008,20,2400.00,0.10,43200.00,EUR,Direct,Completed
OL00002684,O0001494,2025-04-19,C00410,P0039,SR009,20,12960.00,0.00,259200.00,EUR,Direct,Completed
OL00002685,O0001495,2024-02-09,C00042,P0017,SR005,1,5280.00,0.15,4488.00,EUR,Online,Returned
OL00002686,O0001495,2024-02-09,C00042,P0067,SR005,1,2400.00,0.10,2160.00,EUR,Online,Returned
OL00002687,O0001496,2025-11-07,C00192,P0052,SR007,2,2400.00,0.00,4800.00,EUR,Direct,Completed
OL00002688,O0001497,2024-02-19,C00143,P0014,SR010,10,7920.00,0.00,79200.00,EUR,Direct,Completed
OL00002689,O0001497,2024-02-19,C00143,P0024,SR010,2,3375.00,0.10,6075.00,EUR,Direct,Completed
OL00002690,O0001498,2023-07-22,C00441,P0046,SR008,2,3200.00,0.10,5760.00,EUR,Direct,Completed
OL00002691,O0001498,2023-07-22,C00441,P0001,SR008,1,490.00,0.10,441.00,EUR,Direct,Completed
OL00002692,O0001498,2023-07-22,C00441,P0021,SR008,10,6480.00,0.05,61560.00,EUR,Direct,Completed
OL00002693,O0001499,2024-05-26,C00283,P0046,SR001,1,3200.00,0.05,3040.00,EUR,Direct,Completed
OL00002694,O0001500,2023-04-14,C00062,P0072,SR011,1,2673.00,0.15,2272.05,EUR,Direct,Completed
OL00002695,O0001500,2023-04-14,C00062,P0026,SR011,1,2970.00,0.00,2970.00,EUR,Direct,Completed
OL00002696,O0001500,2023-04-14,C00062,P0061,SR011,3,3200.00,0.00,9600.00,EUR,Direct,Completed
OL00002697,O0001500,2023-04-14,C00062,P0017,SR011,4,5280.00,0.05,20064.00,EUR,Direct,Completed
OL00002698,O0001501,2024-04-09,C00453,P0057,SR009,4,6480.00,0.10,23328.00,EUR,Direct,Returned
OL00002699,O0001501,2024-04-09,C00453,P0002,SR009,1,1633.50,0.15,1388.47,EUR,Direct,Returned
OL00002700,O0001501,2024-04-09,C00453,P0058,SR009,1,2400.00,0.10,2160.00,EUR,Direct,Returned
OL00002701,O0001502,2024-07-23,C00016,P0074,SR005,5,7920.00,0.05,37620.00,EUR,Direct,Completed
OL00002702,O0001503,2026-02-19,C00453,P0060,SR008,2,17550.00,0.00,0.00,EUR,Online,Cancelled
OL00002703,O0001504,2025-07-09,C00140,P0007,SR007,1,9000.00,0.20,7200.00,EUR,Online,Completed
OL00002704,O0001505,2026-08-21,C00426,P0025,SR007,1,3200.00,0.10,2880.00,EUR,Direct,Completed
OL00002705,O0001505,2026-08-21,C00426,P0070,SR007,3,750.00,0.00,2250.00,EUR,Direct,Completed
OL00002706,O0001506,2026-03-06,C00211,P0022,SR005,4,6500.00,0.05,24700.00,EUR,Direct,Completed
OL00002707,O0001506,2026-03-06,C00211,P0043,SR005,3,490.00,0.10,1323.00,EUR,Direct,Completed
OL00002708,O0001507,2025-12-22,C00387,P0062,SR006,3,7920.00,0.20,19008.00,EUR,Direct,Completed
OL00002709,O0001507,2025-12-22,C00387,P0034,SR006,3,490.00,0.05,1396.50,EUR,Direct,Completed
OL00002710,O0001507,2025-12-22,C00387,P0013,SR006,4,3200.00,0.20,10240.00,EUR,Direct,Completed
OL00002711,O0001508,2026-08-29,C00422,P0009,SR006,4,24300.00,0.00,97200.00,EUR,Direct,Completed
OL00002712,O0001509,2025-08-21,C00233,P0040,SR012,2,4800.00,0.15,8160.00,EUR,Direct,Completed
OL00002713,O0001510,2024-06-14,C00149,P0072,SR005,1,2673.00,0.00,2673.00,EUR,Direct,Completed
OL00002714,O0001510,2024-06-14,C00149,P0053,SR005,4,2062.50,0.20,6600.00,EUR,Direct,Completed
OL00002715,O0001510,2024-06-14,C00149,P0066,SR005,3,3375.00,0.05,9618.75,EUR,Direct,Completed
OL00002716,O0001511,2023-04-28,C00284,P0020,SR002,3,14850.00,0.00,44550.00,EUR,Online,Completed
OL00002717,O0001512,2023-10-12,C00047,P0049,SR012,3,1250.00,0.10,3375.00,EUR,Partner,Completed
OL00002718,O0001512,2023-10-12,C00047,P0063,SR012,4,12960.00,0.05,49248.00,EUR,Partner,Completed
OL00002719,O0001513,2024-06-28,C00421,P0034,SR002,2,490.00,0.05,931.00,EUR,Direct,Completed
OL00002720,O0001513,2024-06-28,C00421,P0074,SR002,4,7920.00,0.10,28512.00,EUR,Direct,Completed
OL00002721,O0001514,2024-10-20,C00426,P0011,SR001,2,808.50,0.15,1374.45,EUR,Direct,Completed
OL00002722,O0001515,2026-04-13,C00189,P0068,SR010,3,1237.50,0.20,2970.00,EUR,Direct,Completed
OL00002723,O0001516,2026-01-29,C00333,P0054,SR008,1,17550.00,0.10,15795.00,EUR,Online,Completed
OL00002724,O0001517,2023-09-17,C00234,P0024,SR012,20,3375.00,0.10,60750.00,EUR,Online,Completed
OL00002725,O0001517,2023-09-17,C00234,P0071,SR012,3,808.50,0.00,2425.50,EUR,Online,Completed
OL00002726,O0001518,2026-07-11,C00157,P0056,SR005,2,7920.00,0.00,15840.00,EUR,Online,Completed
OL00002727,O0001518,2026-07-11,C00157,P0065,SR005,5,5280.00,0.00,26400.00,EUR,Online,Completed
OL00002728,O0001518,2026-07-11,C00157,P0059,SR005,10,14850.00,0.15,126225.00,EUR,Online,Completed
OL00002729,O0001519,2023-08-10,C00390,P0046,SR004,2,3200.00,0.10,5760.00,EUR,Direct,Completed
OL00002730,O0001519,2023-08-10,C00390,P0018,SR004,1,1323.00,0.00,1323.00,EUR,Direct,Completed
OL00002731,O0001520,2025-10-15,C00342,P0042,SR001,4,4860.00,0.00,19440.00,EUR,Direct,Completed
OL00002732,O0001520,2025-10-15,C00342,P0069,SR001,2,12960.00,0.00,25920.00,EUR,Direct,Completed
OL00002733,O0001520,2025-10-15,C00342,P0023,SR001,1,808.50,0.00,808.50,EUR,Direct,Completed
OL00002734,O0001521,2024-05-22,C00382,P0010,SR003,2,3200.00,0.05,6080.00,EUR,Online,Completed
OL00002735,O0001522,2024-10-11,C00069,P0038,SR007,1,2970.00,0.05,2821.50,EUR,Direct,Completed
OL00002736,O0001523,2024-05-16,C00247,P0025,SR002,2,3200.00,0.00,6400.00,EUR,Partner,Completed
OL00002737,O0001524,2025-05-27,C00300,P0037,SR010,3,4800.00,0.10,12960.00,EUR,Partner,Returned
OL00002738,O0001525,2025-12-11,C00196,P0014,SR002,1,7920.00,0.00,0.00,EUR,Direct,Cancelled
OL00002739,O0001525,2025-12-11,C00196,P0046,SR002,1,3200.00,0.00,0.00,EUR,Direct,Cancelled
OL00002740,O0001525,2025-12-11,C00196,P0057,SR002,2,6480.00,0.10,0.00,EUR,Direct,Cancelled
OL00002741,O0001525,2025-12-11,C00196,P0074,SR002,1,7920.00,0.00,0.00,EUR,Direct,Cancelled
OL00002742,O0001526,2025-07-30,C00195,P0060,SR004,1,17550.00,0.15,14917.50,EUR,Direct,Returned
OL00002743,O0001526,2025-07-30,C00195,P0001,SR004,1,490.00,0.05,465.50,EUR,Direct,Returned
OL00002744,O0001527,2025-12-06,C00037,P0006,SR004,1,3375.00,0.00,3375.00,EUR,Partner,Completed
OL00002745,O0001528,2026-02-11,C00495,P0050,SR011,1,2062.50,0.15,1753.12,EUR,Direct,Completed
OL00002746,O0001528,2026-02-11,C00495,P0063,SR011,2,12960.00,0.00,25920.00,EUR,Direct,Completed
OL00002747,O0001529,2026-02-25,C00382,P0058,SR001,1,2400.00,0.15,2040.00,EUR,Direct,Completed
OL00002748,O0001530,2025-12-19,C00265,P0072,SR007,2,2673.00,0.00,5346.00,EUR,Direct,Completed
OL00002749,O0001531,2026-07-28,C00499,P0016,SR010,1,490.00,0.00,490.00,EUR,Direct,Completed
OL00002750,O0001531,2026-07-28,C00499,P0023,SR010,2,808.50,0.15,1374.45,EUR,Direct,Completed
OL00002751,O0001531,2026-07-28,C00499,P0020,SR010,4,14850.00,0.10,53460.00,EUR,Direct,Completed
OL00002752,O0001531,2026-07-28,C00499,P0062,SR010,3,7920.00,0.15,20196.00,EUR,Direct,Completed
OL00002753,O0001532,2023-06-26,C00359,P0010,SR007,2,3200.00,0.00,6400.00,EUR,Direct,Completed
OL00002754,O0001532,2023-06-26,C00359,P0009,SR007,4,24300.00,0.00,97200.00,EUR,Direct,Completed
OL00002755,O0001533,2024-09-12,C00094,P0037,SR012,1,4800.00,0.20,3840.00,EUR,Partner,Completed
OL00002756,O0001533,2024-09-12,C00094,P0009,SR012,2,24300.00,0.10,43740.00,EUR,Partner,Completed
OL00002757,O0001534,2023-08-23,C00094,P0007,SR012,2,9000.00,0.15,15300.00,EUR,Direct,Completed
OL00002758,O0001535,2023-05-17,C00355,P0069,SR009,4,12960.00,0.20,41472.00,EUR,Online,Completed
OL00002759,O0001536,2026-05-05,C00292,P0067,SR009,20,2400.00,0.15,0.00,EUR,Partner,Cancelled
OL00002760,O0001537,2024-04-17,C00468,P0070,SR012,10,750.00,0.10,6750.00,EUR,Direct,Completed
OL00002761,O0001538,2026-09-04,C00150,P0047,SR003,2,3960.00,0.15,6732.00,EUR,Direct,Completed
OL00002762,O0001538,2026-09-04,C00150,P0040,SR003,2,4800.00,0.20,7680.00,EUR,Direct,Completed
OL00002763,O0001538,2026-09-04,C00150,P0033,SR003,1,17550.00,0.00,17550.00,EUR,Direct,Completed
OL00002764,O0001539,2026-05-08,C00074,P0035,SR006,1,1237.50,0.05,1175.62,EUR,Direct,Returned
OL00002765,O0001540,2023-02-18,C00256,P0012,SR004,1,17550.00,0.00,17550.00,EUR,Partner,Completed
OL00002766,O0001541,2023-08-14,C00095,P0061,SR001,1,3200.00,0.05,3040.00,EUR,Partner,Completed
OL00002767,O0001542,2026-01-22,C00325,P0053,SR011,10,2062.50,0.15,17531.25,EUR,Direct,Completed
OL00002768,O0001543,2024-01-03,C00139,P0029,SR001,1,14850.00,0.20,11880.00,EUR,Direct,Completed
OL00002769,O0001544,2023-03-23,C00046,P0036,SR003,1,8640.00,0.10,7776.00,EUR,Online,Completed
OL00002770,O0001545,2024-01-17,C00156,P0016,SR001,2,490.00,0.10,882.00,EUR,Partner,Completed
OL00002771,O0001545,2024-01-17,C00156,P0040,SR001,2,4800.00,0.10,8640.00,EUR,Partner,Completed
OL00002772,O0001545,2024-01-17,C00156,P0073,SR001,20,9000.00,0.00,180000.00,EUR,Partner,Completed
OL00002773,O0001546,2023-07-31,C00353,P0054,SR009,3,17550.00,0.10,47385.00,EUR,Direct,Completed
OL00002774,O0001546,2023-07-31,C00353,P0056,SR009,3,7920.00,0.00,23760.00,EUR,Direct,Completed
OL00002775,O0001547,2024-01-21,C00361,P0009,SR004,3,24300.00,0.10,65610.00,EUR,Partner,Completed
OL00002776,O0001547,2024-01-21,C00361,P0045,SR004,3,6480.00,0.00,19440.00,EUR,Partner,Completed
OL00002777,O0001547,2024-01-21,C00361,P0075,SR004,3,6480.00,0.10,17496.00,EUR,Partner,Completed
OL00002778,O0001547,2024-01-21,C00361,P0017,SR004,2,5280.00,0.00,10560.00,EUR,Partner,Completed
OL00002779,O0001548,2024-07-21,C00482,P0053,SR009,2,2062.50,0.05,3918.75,EUR,Direct,Completed
OL00002780,O0001548,2024-07-21,C00482,P0011,SR009,1,808.50,0.05,768.07,EUR,Direct,Completed
OL00002781,O0001549,2023-06-07,C00147,P0025,SR003,1,3200.00,0.00,3200.00,EUR,Partner,Completed
OL00002782,O0001549,2023-06-07,C00147,P0075,SR003,5,6480.00,0.05,30780.00,EUR,Partner,Completed
OL00002783,O0001550,2025-10-14,C00474,P0062,SR001,1,7920.00,0.10,7128.00,EUR,Online,Returned
OL00002784,O0001550,2025-10-14,C00474,P0024,SR001,2,3375.00,0.00,6750.00,EUR,Online,Returned
OL00002785,O0001551,2025-03-07,C00292,P0020,SR012,2,14850.00,0.00,29700.00,EUR,Direct,Completed
OL00002786,O0001552,2025-12-24,C00253,P0073,SR006,5,9000.00,0.15,38250.00,EUR,Partner,Completed
OL00002787,O0001553,2026-05-19,C00305,P0065,SR003,2,5280.00,0.00,10560.00,EUR,Online,Completed
OL00002788,O0001554,2025-01-26,C00043,P0005,SR006,3,10725.00,0.00,32175.00,EUR,Direct,Completed
OL00002789,O0001555,2024-09-11,C00407,P0067,SR002,4,2400.00,0.00,9600.00,EUR,Partner,Completed
OL00002790,O0001556,2026-01-09,C00498,P0049,SR006,2,1250.00,0.10,2250.00,EUR,Online,Completed
OL00002791,O0001557,2025-10-02,C00085,P0009,SR011,5,24300.00,0.00,121500.00,EUR,Direct,Completed
OL00002792,O0001558,2024-01-17,C00074,P0025,SR007,2,3200.00,0.10,5760.00,EUR,Online,Completed
OL00002793,O0001558,2024-01-17,C00074,P0012,SR007,1,17550.00,0.10,15795.00,EUR,Online,Completed
OL00002794,O0001558,2024-01-17,C00074,P0037,SR007,3,4800.00,0.00,14400.00,EUR,Online,Completed
OL00002795,O0001559,2023-04-14,C00398,P0041,SR012,3,1237.50,0.05,3526.88,EUR,Online,Completed
OL00002796,O0001559,2023-04-14,C00398,P0070,SR012,1,750.00,0.05,712.50,EUR,Online,Completed
OL00002797,O0001560,2025-11-28,C00345,P0018,SR005,10,1323.00,0.00,13230.00,EUR,Direct,Completed
OL00002798,O0001560,2025-11-28,C00345,P0058,SR005,3,2400.00,0.00,7200.00,EUR,Direct,Completed
OL00002799,O0001560,2025-11-28,C00345,P0002,SR005,5,1633.50,0.05,7759.12,EUR,Direct,Completed
OL00002800,O0001561,2025-10-17,C00130,P0031,SR011,1,6500.00,0.10,5850.00,EUR,Direct,Completed
OL00002801,O0001562,2025-01-14,C00261,P0039,SR002,4,12960.00,0.05,49248.00,EUR,Online,Completed
OL00002802,O0001562,2025-01-14,C00261,P0023,SR002,2,808.50,0.10,1455.30,EUR,Online,Completed
OL00002803,O0001563,2024-03-27,C00448,P0029,SR002,5,14850.00,0.00,74250.00,EUR,Direct,Completed
OL00002804,O0001563,2024-03-27,C00448,P0070,SR002,1,750.00,0.10,675.00,EUR,Direct,Completed
OL00002805,O0001563,2024-03-27,C00448,P0019,SR002,5,3200.00,0.00,16000.00,EUR,Direct,Completed
OL00002806,O0001564,2026-05-13,C00150,P0060,SR003,10,17550.00,0.10,0.00,EUR,Direct,Cancelled
OL00002807,O0001565,2023-06-30,C00207,P0048,SR011,2,17550.00,0.10,31590.00,EUR,Direct,Completed
OL00002808,O0001566,2024-12-28,C00435,P0025,SR008,5,3200.00,0.05,15200.00,EUR,Online,Completed
OL00002809,O0001567,2025-05-18,C00184,P0070,SR010,1,750.00,0.00,750.00,EUR,Direct,Completed
OL00002810,O0001567,2025-05-18,C00184,P0059,SR010,2,14850.00,0.05,28215.00,EUR,Direct,Completed
OL00002811,O0001567,2025-05-18,C00184,P0037,SR010,1,4800.00,0.05,4560.00,EUR,Direct,Completed
OL00002812,O0001567,2025-05-18,C00184,P0051,SR010,1,12960.00,0.00,12960.00,EUR,Direct,Completed
OL00002813,O0001568,2023-08-03,C00012,P0004,SR003,2,6500.00,0.05,0.00,EUR,Online,Cancelled
OL00002814,O0001568,2023-08-03,C00012,P0042,SR003,1,4860.00,0.00,0.00,EUR,Online,Cancelled
OL00002815,O0001569,2026-06-23,C00357,P0028,SR011,1,750.00,0.00,750.00,EUR,Direct,Completed
OL00002816,O0001569,2026-06-23,C00357,P0060,SR011,2,17550.00,0.05,33345.00,EUR,Direct,Completed
OL00002817,O0001569,2026-06-23,C00357,P0042,SR011,1,4860.00,0.10,4374.00,EUR,Direct,Completed
OL00002818,O0001570,2026-03-10,C00343,P0051,SR003,4,12960.00,0.00,51840.00,EUR,Direct,Completed
OL00002819,O0001570,2026-03-10,C00343,P0067,SR003,1,2400.00,0.10,2160.00,EUR,Direct,Completed
OL00002820,O0001570,2026-03-10,C00343,P0018,SR003,2,1323.00,0.05,2513.70,EUR,Direct,Completed
OL00002821,O0001570,2026-03-10,C00343,P0046,SR003,1,3200.00,0.05,3040.00,EUR,Direct,Completed
OL00002822,O0001571,2025-03-10,C00109,P0062,SR006,3,7920.00,0.20,0.00,EUR,Direct,Cancelled
OL00002823,O0001571,2025-03-10,C00109,P0021,SR006,4,6480.00,0.00,0.00,EUR,Direct,Cancelled
OL00002824,O0001572,2026-08-03,C00084,P0047,SR001,1,3960.00,0.15,3366.00,EUR,Direct,Completed
OL00002825,O0001572,2026-08-03,C00084,P0051,SR001,3,12960.00,0.05,36936.00,EUR,Direct,Completed
OL00002826,O0001572,2026-08-03,C00084,P0072,SR001,2,2673.00,0.15,4544.10,EUR,Direct,Completed
OL00002827,O0001573,2024-04-01,C00016,P0010,SR006,3,3200.00,0.15,8160.00,EUR,Direct,Returned
OL00002828,O0001574,2023-11-25,C00102,P0004,SR011,2,6500.00,0.15,11050.00,EUR,Partner,Completed
OL00002829,O0001574,2023-11-25,C00102,P0003,SR011,10,8640.00,0.10,77760.00,EUR,Partner,Completed
OL00002830,O0001574,2023-11-25,C00102,P0067,SR011,1,2400.00,0.10,2160.00,EUR,Partner,Completed
OL00002831,O0001575,2026-03-24,C00143,P0009,SR001,20,24300.00,0.00,0.00,EUR,Partner,Cancelled
OL00002832,O0001576,2023-05-16,C00178,P0026,SR012,1,2970.00,0.05,2821.50,EUR,Direct,Completed
OL00002833,O0001576,2023-05-16,C00178,P0045,SR012,4,6480.00,0.00,25920.00,EUR,Direct,Completed
OL00002834,O0001577,2025-10-20,C00338,P0044,SR012,1,14850.00,0.20,11880.00,EUR,Direct,Completed
OL00002835,O0001577,2025-10-20,C00338,P0063,SR012,1,12960.00,0.10,11664.00,EUR,Direct,Completed
OL00002836,O0001578,2024-02-04,C00248,P0011,SR001,3,808.50,0.00,2425.50,EUR,Online,Completed
OL00002837,O0001578,2024-02-04,C00248,P0068,SR001,2,1237.50,0.00,2475.00,EUR,Online,Completed
OL00002838,O0001579,2025-09-23,C00300,P0002,SR012,3,1633.50,0.00,0.00,EUR,Direct,Cancelled
OL00002839,O0001580,2024-01-27,C00162,P0009,SR011,1,24300.00,0.15,20655.00,EUR,Direct,Completed
OL00002840,O0001580,2024-01-27,C00162,P0034,SR011,5,490.00,0.00,2450.00,EUR,Direct,Completed
OL00002841,O0001581,2024-10-15,C00240,P0024,SR008,3,3375.00,0.00,10125.00,EUR,Partner,Completed
OL00002842,O0001582,2024-09-25,C00007,P0041,SR004,2,1237.50,0.10,2227.50,EUR,Partner,Completed
OL00002843,O0001582,2024-09-25,C00007,P0009,SR004,4,24300.00,0.00,97200.00,EUR,Partner,Completed
OL00002844,O0001583,2023-05-11,C00487,P0075,SR007,1,6480.00,0.05,6156.00,EUR,Partner,Completed
OL00002845,O0001583,2023-05-11,C00487,P0024,SR007,2,3375.00,0.10,6075.00,EUR,Partner,Completed
OL00002846,O0001584,2023-01-28,C00043,P0012,SR007,3,17550.00,0.00,52650.00,EUR,Direct,Completed
OL00002847,O0001584,2023-01-28,C00043,P0052,SR007,2,2400.00,0.00,4800.00,EUR,Direct,Completed
OL00002848,O0001584,2023-01-28,C00043,P0004,SR007,2,6500.00,0.05,12350.00,EUR,Direct,Completed
OL00002849,O0001585,2024-05-08,C00417,P0009,SR003,1,24300.00,0.00,24300.00,EUR,Direct,Completed
OL00002850,O0001585,2024-05-08,C00417,P0048,SR003,5,17550.00,0.05,83362.50,EUR,Direct,Completed
OL00002851,O0001586,2023-10-22,C00252,P0016,SR003,10,490.00,0.10,4410.00,EUR,Direct,Completed
OL00002852,O0001587,2023-10-03,C00162,P0041,SR004,4,1237.50,0.10,4455.00,EUR,Direct,Completed
OL00002853,O0001588,2023-03-18,C00305,P0067,SR012,3,2400.00,0.05,6840.00,EUR,Direct,Completed
OL00002854,O0001588,2023-03-18,C00305,P0065,SR012,5,5280.00,0.05,25080.00,EUR,Direct,Completed
OL00002855,O0001589,2024-08-15,C00498,P0064,SR004,1,490.00,0.05,465.50,EUR,Online,Completed
OL00002856,O0001589,2024-08-15,C00498,P0074,SR004,2,7920.00,0.00,15840.00,EUR,Online,Completed
OL00002857,O0001590,2026-02-24,C00360,P0062,SR004,1,7920.00,0.15,6732.00,EUR,Online,Completed
OL00002858,O0001590,2026-02-24,C00360,P0033,SR004,10,17550.00,0.20,140400.00,EUR,Online,Completed
OL00002859,O0001591,2024-01-24,C00056,P0054,SR011,4,17550.00,0.00,70200.00,EUR,Direct,Completed
OL00002860,O0001592,2024-06-04,C00180,P0060,SR001,1,17550.00,0.15,14917.50,EUR,Direct,Completed
OL00002861,O0001592,2024-06-04,C00180,P0022,SR001,1,6500.00,0.15,5525.00,EUR,Direct,Completed
OL00002862,O0001592,2024-06-04,C00180,P0057,SR001,2,6480.00,0.00,12960.00,EUR,Direct,Completed
OL00002863,O0001593,2026-08-23,C00217,P0009,SR010,2,24300.00,0.10,0.00,EUR,Partner,Cancelled
OL00002864,O0001593,2026-08-23,C00217,P0041,SR010,1,1237.50,0.00,0.00,EUR,Partner,Cancelled
OL00002865,O0001593,2026-08-23,C00217,P0013,SR010,3,3200.00,0.20,0.00,EUR,Partner,Cancelled
OL00002866,O0001594,2023-09-21,C00202,P0049,SR012,3,1250.00,0.15,3187.50,EUR,Partner,Completed
OL00002867,O0001595,2024-04-12,C00030,P0055,SR002,10,490.00,0.10,4410.00,EUR,Partner,Completed
OL00002868,O0001596,2025-10-02,C00346,P0045,SR012,1,6480.00,0.10,5832.00,EUR,Direct,Completed
OL00002869,O0001596,2025-10-02,C00346,P0060,SR012,4,17550.00,0.00,70200.00,EUR,Direct,Completed
OL00002870,O0001597,2023-05-06,C00025,P0030,SR011,3,6480.00,0.15,16524.00,EUR,Direct,Returned
OL00002871,O0001597,2023-05-06,C00025,P0018,SR011,1,1323.00,0.00,1323.00,EUR,Direct,Returned
OL00002872,O0001597,2023-05-06,C00025,P0052,SR011,2,2400.00,0.05,4560.00,EUR,Direct,Returned
OL00002873,O0001598,2023-08-01,C00309,P0059,SR010,2,14850.00,0.10,0.00,EUR,Direct,Cancelled
OL00002874,O0001599,2025-10-31,C00002,P0012,SR011,1,17550.00,0.05,16672.50,EUR,Direct,Completed
OL00002875,O0001600,2026-04-12,C00457,P0040,SR003,1,4800.00,0.00,4800.00,EUR,Partner,Completed
OL00002876,O0001601,2023-03-22,C00362,P0022,SR003,1,6500.00,0.05,6175.00,EUR,Partner,Completed
OL00002877,O0001601,2023-03-22,C00362,P0020,SR003,4,14850.00,0.15,50490.00,EUR,Partner,Completed
OL00002878,O0001602,2025-05-27,C00003,P0058,SR003,3,2400.00,0.10,6480.00,EUR,Partner,Completed
OL00002879,O0001602,2025-05-27,C00003,P0074,SR003,3,7920.00,0.00,23760.00,EUR,Partner,Completed
OL00002880,O0001603,2026-01-31,C00122,P0031,SR004,1,6500.00,0.20,5200.00,EUR,Partner,Completed
OL00002881,O0001604,2023-03-09,C00224,P0069,SR004,3,12960.00,0.00,38880.00,EUR,Direct,Completed
OL00002882,O0001605,2025-11-24,C00346,P0005,SR007,1,10725.00,0.05,10188.75,EUR,Online,Completed
OL00002883,O0001605,2025-11-24,C00346,P0029,SR007,1,14850.00,0.20,11880.00,EUR,Online,Completed
OL00002884,O0001606,2025-08-15,C00365,P0023,SR008,10,808.50,0.10,7276.50,EUR,Online,Completed
OL00002885,O0001606,2025-08-15,C00365,P0004,SR008,4,6500.00,0.10,23400.00,EUR,Online,Completed
OL00002886,O0001607,2023-08-26,C00371,P0039,SR005,2,12960.00,0.15,0.00,EUR,Online,Cancelled
OL00002887,O0001608,2026-09-02,C00106,P0069,SR012,3,12960.00,0.05,36936.00,EUR,Direct,Completed
OL00002888,O0001609,2024-01-25,C00482,P0021,SR002,4,6480.00,0.15,22032.00,EUR,Direct,Completed
OL00002889,O0001609,2024-01-25,C00482,P0017,SR002,20,5280.00,0.00,105600.00,EUR,Direct,Completed
OL00002890,O0001610,2024-10-02,C00371,P0030,SR006,2,6480.00,0.05,12312.00,EUR,Partner,Completed
OL00002891,O0001610,2024-10-02,C00371,P0049,SR006,1,1250.00,0.05,1187.50,EUR,Partner,Completed
OL00002892,O0001611,2026-04-20,C00262,P0022,SR007,1,6500.00,0.20,5200.00,EUR,Direct,Completed
OL00002893,O0001612,2023-06-01,C00174,P0013,SR007,20,3200.00,0.00,64000.00,EUR,Direct,Completed
OL00002894,O0001612,2023-06-01,C00174,P0074,SR007,1,7920.00,0.15,6732.00,EUR,Direct,Completed
OL00002895,O0001612,2023-06-01,C00174,P0030,SR007,1,6480.00,0.00,6480.00,EUR,Direct,Completed
OL00002896,O0001612,2023-06-01,C00174,P0040,SR007,5,4800.00,0.00,24000.00,EUR,Direct,Completed
OL00002897,O0001613,2023-02-01,C00269,P0022,SR007,2,6500.00,0.15,11050.00,EUR,Direct,Completed
OL00002898,O0001614,2025-11-19,C00468,P0068,SR012,1,1237.50,0.05,1175.62,EUR,Direct,Completed
OL00002899,O0001615,2023-04-16,C00339,P0026,SR004,2,2970.00,0.15,5049.00,EUR,Direct,Completed
OL00002900,O0001615,2023-04-16,C00339,P0068,SR004,1,1237.50,0.15,1051.88,EUR,Direct,Completed
OL00002901,O0001615,2023-04-16,C00339,P0012,SR004,2,17550.00,0.05,33345.00,EUR,Direct,Completed
OL00002902,O0001615,2023-04-16,C00339,P0005,SR004,3,10725.00,0.05,30566.25,EUR,Direct,Completed
OL00002903,O0001616,2025-11-12,C00248,P0048,SR001,5,17550.00,0.10,78975.00,EUR,Partner,Completed
OL00002904,O0001616,2025-11-12,C00248,P0024,SR001,1,3375.00,0.10,3037.50,EUR,Partner,Completed
OL00002905,O0001616,2025-11-12,C00248,P0013,SR001,4,3200.00,0.10,11520.00,EUR,Partner,Completed
OL00002906,O0001616,2025-11-12,C00248,P0017,SR001,1,5280.00,0.20,4224.00,EUR,Partner,Completed
OL00002907,O0001617,2023-12-12,C00428,P0042,SR011,1,4860.00,0.15,4131.00,EUR,Direct,Completed
OL00002908,O0001617,2023-12-12,C00428,P0065,SR011,1,5280.00,0.00,5280.00,EUR,Direct,Completed
OL00002909,O0001618,2025-10-29,C00379,P0041,SR004,4,1237.50,0.10,4455.00,EUR,Partner,Completed
OL00002910,O0001619,2024-07-04,C00113,P0073,SR003,1,9000.00,0.05,8550.00,EUR,Partner,Returned
OL00002911,O0001620,2026-02-27,C00411,P0038,SR006,2,2970.00,0.00,5940.00,EUR,Direct,Completed
OL00002912,O0001620,2026-02-27,C00411,P0051,SR006,10,12960.00,0.00,129600.00,EUR,Direct,Completed
OL00002913,O0001620,2026-02-27,C00411,P0041,SR006,2,1237.50,0.00,2475.00,EUR,Direct,Completed
OL00002914,O0001621,2023-05-29,C00288,P0043,SR011,2,490.00,0.00,980.00,EUR,Direct,Completed
OL00002915,O0001621,2023-05-29,C00288,P0025,SR011,3,3200.00,0.10,8640.00,EUR,Direct,Completed
OL00002916,O0001622,2023-04-06,C00074,P0051,SR005,1,12960.00,0.00,12960.00,EUR,Partner,Completed
OL00002917,O0001623,2023-07-18,C00153,P0042,SR002,10,4860.00,0.00,48600.00,EUR,Direct,Completed
OL00002918,O0001623,2023-07-18,C00153,P0055,SR002,5,490.00,0.20,1960.00,EUR,Direct,Completed
OL00002919,O0001623,2023-07-18,C00153,P0056,SR002,3,7920.00,0.10,21384.00,EUR,Direct,Completed
OL00002920,O0001624,2024-03-16,C00273,P0068,SR007,3,1237.50,0.00,3712.50,EUR,Direct,Completed
OL00002921,O0001625,2023-02-27,C00424,P0039,SR007,1,12960.00,0.05,12312.00,EUR,Direct,Completed
OL00002922,O0001625,2023-02-27,C00424,P0042,SR007,10,4860.00,0.05,46170.00,EUR,Direct,Completed
OL00002923,O0001626,2023-04-20,C00236,P0023,SR006,2,808.50,0.10,0.00,EUR,Online,Cancelled
OL00002924,O0001626,2023-04-20,C00236,P0061,SR006,2,3200.00,0.05,0.00,EUR,Online,Cancelled
OL00002925,O0001626,2023-04-20,C00236,P0040,SR006,10,4800.00,0.15,0.00,EUR,Online,Cancelled
OL00002926,O0001626,2023-04-20,C00236,P0011,SR006,1,808.50,0.00,0.00,EUR,Online,Cancelled
OL00002927,O0001627,2023-07-25,C00150,P0060,SR009,1,17550.00,0.00,17550.00,EUR,Direct,Completed
OL00002928,O0001628,2025-02-14,C00195,P0071,SR002,1,808.50,0.05,768.07,EUR,Direct,Completed
OL00002929,O0001629,2026-06-05,C00262,P0072,SR006,10,2673.00,0.05,25393.50,EUR,Direct,Completed
OL00002930,O0001629,2026-06-05,C00262,P0019,SR006,4,3200.00,0.05,12160.00,EUR,Direct,Completed
OL00002931,O0001630,2024-11-05,C00361,P0025,SR009,3,3200.00,0.05,9120.00,EUR,Partner,Completed
OL00002932,O0001630,2024-11-05,C00361,P0071,SR009,2,808.50,0.00,1617.00,EUR,Partner,Completed
OL00002933,O0001631,2026-02-06,C00334,P0019,SR005,3,3200.00,0.10,8640.00,EUR,Direct,Completed
OL00002934,O0001632,2025-05-06,C00180,P0024,SR003,1,3375.00,0.00,3375.00,EUR,Direct,Completed
OL00002935,O0001632,2025-05-06,C00180,P0046,SR003,3,3200.00,0.00,9600.00,EUR,Direct,Completed
OL00002936,O0001633,2025-08-14,C00081,P0025,SR010,1,3200.00,0.00,0.00,EUR,Direct,Cancelled
OL00002937,O0001634,2023-12-16,C00430,P0018,SR007,4,1323.00,0.00,5292.00,EUR,Direct,Completed
OL00002938,O0001634,2023-12-16,C00430,P0039,SR007,1,12960.00,0.00,12960.00,EUR,Direct,Completed
OL00002939,O0001635,2025-09-24,C00118,P0043,SR008,3,490.00,0.10,1323.00,EUR,Online,Completed
OL00002940,O0001636,2023-05-17,C00481,P0073,SR001,20,9000.00,0.00,180000.00,EUR,Online,Completed
OL00002941,O0001637,2025-01-08,C00263,P0058,SR012,1,2400.00,0.00,2400.00,EUR,Partner,Completed
OL00002942,O0001637,2025-01-08,C00263,P0048,SR012,2,17550.00,0.00,35100.00,EUR,Partner,Completed
OL00002943,O0001638,2023-08-17,C00337,P0049,SR002,1,1250.00,0.10,1125.00,EUR,Direct,Completed
OL00002944,O0001639,2024-08-12,C00051,P0066,SR007,10,3375.00,0.00,33750.00,EUR,Direct,Completed
OL00002945,O0001640,2024-03-05,C00423,P0005,SR009,1,10725.00,0.00,10725.00,EUR,Direct,Completed
OL00002946,O0001641,2024-04-17,C00381,P0035,SR010,3,1237.50,0.00,3712.50,EUR,Direct,Completed
OL00002947,O0001642,2023-01-14,C00418,P0007,SR008,3,9000.00,0.00,27000.00,EUR,Direct,Completed
OL00002948,O0001642,2023-01-14,C00418,P0052,SR008,3,2400.00,0.00,7200.00,EUR,Direct,Completed
OL00002949,O0001643,2024-07-25,C00007,P0073,SR010,1,9000.00,0.05,8550.00,EUR,Online,Completed
OL00002950,O0001643,2024-07-25,C00007,P0027,SR010,10,24300.00,0.05,230850.00,EUR,Online,Completed
OL00002951,O0001643,2024-07-25,C00007,P0069,SR010,1,12960.00,0.00,12960.00,EUR,Online,Completed
OL00002952,O0001644,2024-11-22,C00467,P0010,SR002,1,3200.00,0.00,3200.00,EUR,Direct,Completed
OL00002953,O0001644,2024-11-22,C00467,P0029,SR002,1,14850.00,0.15,12622.50,EUR,Direct,Completed
OL00002954,O0001644,2024-11-22,C00467,P0058,SR002,2,2400.00,0.05,4560.00,EUR,Direct,Completed
OL00002955,O0001645,2023-11-13,C00105,P0053,SR001,2,2062.50,0.10,3712.50,EUR,Partner,Returned
OL00002956,O0001645,2023-11-13,C00105,P0044,SR001,2,14850.00,0.10,26730.00,EUR,Partner,Returned
OL00002957,O0001646,2024-11-07,C00432,P0025,SR005,3,3200.00,0.00,9600.00,EUR,Online,Completed
OL00002958,O0001646,2024-11-07,C00432,P0018,SR005,1,1323.00,0.00,1323.00,EUR,Online,Completed
OL00002959,O0001646,2024-11-07,C00432,P0023,SR005,4,808.50,0.05,3072.30,EUR,Online,Completed
OL00002960,O0001647,2024-01-25,C00323,P0018,SR010,3,1323.00,0.20,3175.20,EUR,Partner,Completed
OL00002961,O0001648,2026-08-04,C00045,P0064,SR003,4,490.00,0.05,1862.00,EUR,Direct,Completed
OL00002962,O0001649,2025-06-06,C00102,P0023,SR012,1,808.50,0.10,727.65,EUR,Direct,Completed
OL00002963,O0001650,2024-06-19,C00123,P0033,SR004,1,17550.00,0.10,0.00,EUR,Online,Cancelled
OL00002964,O0001651,2026-08-02,C00057,P0043,SR002,5,490.00,0.10,2205.00,EUR,Partner,Returned
OL00002965,O0001651,2026-08-02,C00057,P0018,SR002,2,1323.00,0.00,2646.00,EUR,Partner,Returned
OL00002966,O0001652,2024-08-15,C00388,P0028,SR010,1,750.00,0.15,637.50,EUR,Partner,Returned
OL00002967,O0001652,2024-08-15,C00388,P0003,SR010,1,8640.00,0.15,7344.00,EUR,Partner,Returned
OL00002968,O0001653,2024-11-09,C00154,P0039,SR001,10,12960.00,0.00,129600.00,EUR,Direct,Completed
OL00002969,O0001654,2024-11-07,C00116,P0004,SR011,3,6500.00,0.00,19500.00,EUR,Partner,Completed
OL00002970,O0001655,2026-08-20,C00315,P0053,SR002,2,2062.50,0.10,3712.50,EUR,Direct,Completed
OL00002971,O0001656,2025-01-02,C00002,P0032,SR001,10,2970.00,0.00,29700.00,EUR,Direct,Completed
OL00002972,O0001656,2025-01-02,C00002,P0052,SR001,2,2400.00,0.05,4560.00,EUR,Direct,Completed
OL00002973,O0001656,2025-01-02,C00002,P0026,SR001,1,2970.00,0.00,2970.00,EUR,Direct,Completed
OL00002974,O0001657,2023-04-13,C00011,P0009,SR001,1,24300.00,0.00,24300.00,EUR,Direct,Completed
OL00002975,O0001658,2024-12-06,C00096,P0018,SR009,4,1323.00,0.00,5292.00,EUR,Direct,Completed
OL00002976,O0001658,2024-12-06,C00096,P0072,SR009,1,2673.00,0.10,2405.70,EUR,Direct,Completed
OL00002977,O0001659,2023-04-07,C00362,P0038,SR012,2,2970.00,0.00,5940.00,EUR,Online,Completed
OL00002978,O0001660,2025-12-11,C00240,P0029,SR009,3,14850.00,0.00,0.00,EUR,Direct,Cancelled
OL00002979,O0001660,2025-12-11,C00240,P0012,SR009,1,17550.00,0.05,0.00,EUR,Direct,Cancelled
OL00002980,O0001660,2025-12-11,C00240,P0066,SR009,5,3375.00,0.10,0.00,EUR,Direct,Cancelled
OL00002981,O0001661,2024-09-22,C00337,P0029,SR011,1,14850.00,0.10,13365.00,EUR,Partner,Completed
OL00002982,O0001662,2023-09-13,C00477,P0058,SR010,3,2400.00,0.10,6480.00,EUR,Partner,Completed
OL00002983,O0001662,2023-09-13,C00477,P0050,SR010,2,2062.50,0.05,3918.75,EUR,Partner,Completed
OL00002984,O0001662,2023-09-13,C00477,P0015,SR010,1,17550.00,0.10,15795.00,EUR,Partner,Completed
OL00002985,O0001663,2023-07-24,C00043,P0014,SR007,3,7920.00,0.05,22572.00,EUR,Direct,Completed
OL00002986,O0001663,2023-07-24,C00043,P0018,SR007,2,1323.00,0.15,2249.10,EUR,Direct,Completed
OL00002987,O0001664,2024-04-28,C00184,P0068,SR005,2,1237.50,0.05,2351.25,EUR,Partner,Completed
OL00002988,O0001664,2024-04-28,C00184,P0065,SR005,1,5280.00,0.05,5016.00,EUR,Partner,Completed
OL00002989,O0001665,2024-04-02,C00379,P0021,SR006,1,6480.00,0.00,6480.00,EUR,Direct,Completed
OL00002990,O0001665,2024-04-02,C00379,P0002,SR006,10,1633.50,0.00,16335.00,EUR,Direct,Completed
OL00002991,O0001665,2024-04-02,C00379,P0034,SR006,10,490.00,0.15,4165.00,EUR,Direct,Completed
OL00002992,O0001666,2025-08-25,C00150,P0040,SR010,1,4800.00,0.00,4800.00,EUR,Direct,Returned
OL00002993,O0001666,2025-08-25,C00150,P0047,SR010,1,3960.00,0.10,3564.00,EUR,Direct,Returned
OL00002994,O0001666,2025-08-25,C00150,P0045,SR010,1,6480.00,0.05,6156.00,EUR,Direct,Returned
OL00002995,O0001666,2025-08-25,C00150,P0056,SR010,10,7920.00,0.00,79200.00,EUR,Direct,Returned
OL00002996,O0001667,2024-08-30,C00231,P0055,SR010,10,490.00,0.15,4165.00,EUR,Online,Completed
OL00002997,O0001667,2024-08-30,C00231,P0001,SR010,4,490.00,0.00,1960.00,EUR,Online,Completed
OL00002998,O0001668,2025-09-07,C00068,P0007,SR004,1,9000.00,0.15,7650.00,EUR,Direct,Completed
OL00002999,O0001669,2025-11-29,C00469,P0058,SR007,4,2400.00,0.15,8160.00,EUR,Direct,Completed
OL00003000,O0001669,2025-11-29,C00469,P0042,SR007,4,4860.00,0.00,19440.00,EUR,Direct,Completed
OL00003001,O0001669,2025-11-29,C00469,P0036,SR007,2,8640.00,0.00,17280.00,EUR,Direct,Completed
OL00003002,O0001670,2025-02-11,C00197,P0039,SR006,3,12960.00,0.05,36936.00,EUR,Direct,Completed
OL00003003,O0001670,2025-02-11,C00197,P0052,SR006,3,2400.00,0.00,7200.00,EUR,Direct,Completed
OL00003004,O0001670,2025-02-11,C00197,P0035,SR006,3,1237.50,0.00,3712.50,EUR,Direct,Completed
OL00003005,O0001671,2026-08-15,C00449,P0017,SR002,10,5280.00,0.00,52800.00,EUR,Partner,Completed
OL00003006,O0001672,2026-04-22,C00058,P0018,SR003,1,1323.00,0.00,1323.00,EUR,Direct,Completed
OL00003007,O0001672,2026-04-22,C00058,P0039,SR003,4,12960.00,0.10,46656.00,EUR,Direct,Completed
OL00003008,O0001672,2026-04-22,C00058,P0072,SR003,1,2673.00,0.15,2272.05,EUR,Direct,Completed
OL00003009,O0001673,2023-02-22,C00034,P0002,SR006,1,1633.50,0.00,1633.50,EUR,Direct,Completed
OL00003010,O0001674,2026-08-10,C00128,P0009,SR001,1,24300.00,0.15,20655.00,EUR,Partner,Completed
OL00003011,O0001674,2026-08-10,C00128,P0018,SR001,3,1323.00,0.00,3969.00,EUR,Partner,Completed
OL00003012,O0001675,2023-08-20,C00321,P0068,SR005,1,1237.50,0.10,1113.75,EUR,Direct,Completed
OL00003013,O0001676,2024-03-01,C00219,P0042,SR006,5,4860.00,0.10,21870.00,EUR,Online,Returned
OL00003014,O0001677,2026-07-05,C00102,P0073,SR002,4,9000.00,0.05,34200.00,EUR,Direct,Completed
OL00003015,O0001677,2026-07-05,C00102,P0066,SR002,1,3375.00,0.05,3206.25,EUR,Direct,Completed
OL00003016,O0001678,2023-01-03,C00414,P0058,SR012,1,2400.00,0.10,2160.00,EUR,Partner,Completed
OL00003017,O0001678,2023-01-03,C00414,P0023,SR012,4,808.50,0.20,2587.20,EUR,Partner,Completed
OL00003018,O0001679,2024-10-10,C00400,P0049,SR005,2,1250.00,0.10,2250.00,EUR,Partner,Completed
OL00003019,O0001679,2024-10-10,C00400,P0062,SR005,2,7920.00,0.00,15840.00,EUR,Partner,Completed
OL00003020,O0001680,2024-03-16,C00349,P0010,SR003,20,3200.00,0.05,60800.00,EUR,Direct,Returned
OL00003021,O0001680,2024-03-16,C00349,P0042,SR003,2,4860.00,0.10,8748.00,EUR,Direct,Returned
OL00003022,O0001681,2025-07-28,C00342,P0010,SR011,1,3200.00,0.00,3200.00,EUR,Direct,Completed
OL00003023,O0001682,2025-05-15,C00382,P0010,SR009,5,3200.00,0.20,12800.00,EUR,Direct,Completed
OL00003024,O0001682,2025-05-15,C00382,P0073,SR009,1,9000.00,0.05,8550.00,EUR,Direct,Completed
OL00003025,O0001683,2024-11-20,C00120,P0030,SR010,1,6480.00,0.20,5184.00,EUR,Direct,Completed
OL00003026,O0001683,2024-11-20,C00120,P0067,SR010,10,2400.00,0.00,24000.00,EUR,Direct,Completed
OL00003027,O0001683,2024-11-20,C00120,P0009,SR010,1,24300.00,0.00,24300.00,EUR,Direct,Completed
OL00003028,O0001684,2024-10-31,C00366,P0034,SR009,1,490.00,0.05,465.50,EUR,Direct,Completed
OL00003029,O0001685,2025-06-09,C00318,P0045,SR009,1,6480.00,0.00,6480.00,EUR,Partner,Completed
OL00003030,O0001685,2025-06-09,C00318,P0060,SR009,10,17550.00,0.10,157950.00,EUR,Partner,Completed
OL00003031,O0001685,2025-06-09,C00318,P0030,SR009,1,6480.00,0.05,6156.00,EUR,Partner,Completed
OL00003032,O0001686,2025-05-16,C00432,P0047,SR005,5,3960.00,0.05,18810.00,EUR,Direct,Completed
OL00003033,O0001687,2026-09-10,C00008,P0048,SR006,4,17550.00,0.00,70200.00,EUR,Partner,Completed
OL00003034,O0001688,2026-02-13,C00174,P0023,SR001,10,808.50,0.05,7680.75,EUR,Direct,Completed
OL00003035,O0001689,2023-02-12,C00410,P0058,SR010,5,2400.00,0.20,9600.00,EUR,Partner,Completed
OL00003036,O0001690,2024-03-13,C00191,P0013,SR003,3,3200.00,0.05,9120.00,EUR,Partner,Completed
OL00003037,O0001691,2026-03-06,C00289,P0040,SR005,1,4800.00,0.10,4320.00,EUR,Direct,Completed
OL00003038,O0001692,2023-10-18,C00079,P0010,SR003,3,3200.00,0.00,9600.00,EUR,Direct,Completed
OL00003039,O0001692,2023-10-18,C00079,P0058,SR003,1,2400.00,0.05,2280.00,EUR,Direct,Completed
OL00003040,O0001693,2025-01-13,C00042,P0026,SR006,1,2970.00,0.10,2673.00,EUR,Direct,Completed
OL00003041,O0001694,2024-06-11,C00337,P0009,SR002,1,24300.00,0.10,21870.00,EUR,Direct,Completed
OL00003042,O0001694,2024-06-11,C00337,P0006,SR002,1,3375.00,0.00,3375.00,EUR,Direct,Completed
OL00003043,O0001694,2024-06-11,C00337,P0040,SR002,2,4800.00,0.10,8640.00,EUR,Direct,Completed
OL00003044,O0001695,2025-12-24,C00410,P0065,SR010,1,5280.00,0.00,5280.00,EUR,Direct,Completed
OL00003045,O0001695,2025-12-24,C00410,P0019,SR010,3,3200.00,0.05,9120.00,EUR,Direct,Completed
OL00003046,O0001696,2024-10-21,C00066,P0045,SR001,2,6480.00,0.00,12960.00,EUR,Online,Completed
OL00003047,O0001696,2024-10-21,C00066,P0021,SR001,4,6480.00,0.05,24624.00,EUR,Online,Completed
OL00003048,O0001696,2024-10-21,C00066,P0016,SR001,1,490.00,0.10,441.00,EUR,Online,Completed
OL00003049,O0001697,2025-09-21,C00083,P0020,SR010,3,14850.00,0.10,40095.00,EUR,Online,Completed
OL00003050,O0001698,2025-02-05,C00350,P0037,SR006,1,4800.00,0.10,4320.00,EUR,Online,Completed
OL00003051,O0001699,2024-09-11,C00451,P0065,SR009,1,5280.00,0.15,0.00,EUR,Direct,Cancelled
OL00003052,O0001699,2024-09-11,C00451,P0018,SR009,1,1323.00,0.00,0.00,EUR,Direct,Cancelled
OL00003053,O0001700,2026-05-27,C00437,P0011,SR009,2,808.50,0.05,1536.15,EUR,Direct,Completed
OL00003054,O0001701,2026-05-18,C00409,P0047,SR004,1,3960.00,0.00,0.00,EUR,Direct,Cancelled
OL00003055,O0001702,2025-04-29,C00264,P0052,SR005,4,2400.00,0.05,9120.00,EUR,Partner,Completed
OL00003056,O0001703,2023-05-11,C00321,P0023,SR007,3,808.50,0.10,2182.95,EUR,Direct,Completed
OL00003057,O0001704,2024-11-14,C00111,P0002,SR012,3,1633.50,0.05,4655.47,EUR,Direct,Completed
OL00003058,O0001705,2025-03-11,C00230,P0036,SR011,2,8640.00,0.10,15552.00,EUR,Direct,Completed
OL00003059,O0001706,2023-03-29,C00388,P0024,SR008,1,3375.00,0.05,3206.25,EUR,Direct,Completed
OL00003060,O0001707,2025-09-28,C00334,P0073,SR008,2,9000.00,0.05,17100.00,EUR,Online,Completed
OL00003061,O0001708,2023-02-25,C00434,P0060,SR009,1,17550.00,0.00,17550.00,EUR,Direct,Returned
OL00003062,O0001708,2023-02-25,C00434,P0022,SR009,4,6500.00,0.00,26000.00,EUR,Direct,Returned
OL00003063,O0001709,2023-01-09,C00113,P0048,SR001,1,17550.00,0.00,17550.00,EUR,Direct,Completed
OL00003064,O0001709,2023-01-09,C00113,P0066,SR001,5,3375.00,0.00,16875.00,EUR,Direct,Completed
OL00003065,O0001710,2023-11-15,C00373,P0017,SR012,2,5280.00,0.15,8976.00,EUR,Direct,Completed
OL00003066,O0001711,2025-06-24,C00289,P0030,SR011,2,6480.00,0.05,12312.00,EUR,Direct,Completed
OL00003067,O0001711,2025-06-24,C00289,P0033,SR011,2,17550.00,0.15,29835.00,EUR,Direct,Completed
OL00003068,O0001711,2025-06-24,C00289,P0045,SR011,1,6480.00,0.05,6156.00,EUR,Direct,Completed
OL00003069,O0001712,2025-06-21,C00035,P0044,SR010,2,14850.00,0.00,29700.00,EUR,Online,Completed
OL00003070,O0001712,2025-06-21,C00035,P0048,SR010,2,17550.00,0.00,35100.00,EUR,Online,Completed
OL00003071,O0001713,2024-09-12,C00252,P0009,SR012,1,24300.00,0.00,24300.00,EUR,Direct,Completed
OL00003072,O0001714,2024-05-08,C00346,P0042,SR003,2,4860.00,0.00,0.00,EUR,Direct,Cancelled
OL00003073,O0001714,2024-05-08,C00346,P0023,SR003,2,808.50,0.15,0.00,EUR,Direct,Cancelled
OL00003074,O0001715,2026-06-18,C00124,P0046,SR004,4,3200.00,0.00,12800.00,EUR,Direct,Completed
OL00003075,O0001715,2026-06-18,C00124,P0013,SR004,1,3200.00,0.00,3200.00,EUR,Direct,Completed
OL00003076,O0001715,2026-06-18,C00124,P0042,SR004,4,4860.00,0.00,19440.00,EUR,Direct,Completed
OL00003077,O0001716,2026-05-10,C00078,P0023,SR012,2,808.50,0.20,1293.60,EUR,Direct,Completed
OL00003078,O0001717,2025-08-25,C00387,P0015,SR002,1,17550.00,0.10,15795.00,EUR,Direct,Completed
OL00003079,O0001717,2025-08-25,C00387,P0037,SR002,2,4800.00,0.10,8640.00,EUR,Direct,Completed
OL00003080,O0001718,2026-03-12,C00412,P0026,SR012,10,2970.00,0.05,28215.00,EUR,Partner,Completed
OL00003081,O0001718,2026-03-12,C00412,P0005,SR012,1,10725.00,0.15,9116.25,EUR,Partner,Completed
OL00003082,O0001719,2024-11-10,C00393,P0047,SR011,2,3960.00,0.05,0.00,EUR,Online,Cancelled
OL00003083,O0001720,2023-07-27,C00129,P0016,SR001,1,490.00,0.00,490.00,EUR,Direct,Completed
OL00003084,O0001721,2024-12-13,C00457,P0020,SR002,10,14850.00,0.15,126225.00,EUR,Partner,Completed
OL00003085,O0001721,2024-12-13,C00457,P0015,SR002,2,17550.00,0.05,33345.00,EUR,Partner,Completed
OL00003086,O0001722,2024-04-16,C00486,P0038,SR001,2,2970.00,0.00,5940.00,EUR,Partner,Completed
OL00003087,O0001723,2026-04-21,C00445,P0071,SR002,2,808.50,0.15,1374.45,EUR,Partner,Completed
OL00003088,O0001723,2026-04-21,C00445,P0004,SR002,4,6500.00,0.05,24700.00,EUR,Partner,Completed
OL00003089,O0001724,2025-08-21,C00231,P0053,SR006,2,2062.50,0.00,4125.00,EUR,Direct,Completed
OL00003090,O0001725,2026-06-09,C00306,P0072,SR009,20,2673.00,0.00,53460.00,EUR,Direct,Completed
OL00003091,O0001725,2026-06-09,C00306,P0010,SR009,4,3200.00,0.00,12800.00,EUR,Direct,Completed
OL00003092,O0001725,2026-06-09,C00306,P0003,SR009,1,8640.00,0.15,7344.00,EUR,Direct,Completed
OL00003093,O0001725,2026-06-09,C00306,P0007,SR009,1,9000.00,0.20,7200.00,EUR,Direct,Completed
OL00003094,O0001726,2024-05-20,C00257,P0024,SR010,2,3375.00,0.15,5737.50,EUR,Direct,Completed
OL00003095,O0001727,2026-06-11,C00283,P0021,SR008,2,6480.00,0.20,10368.00,EUR,Online,Completed
OL00003096,O0001727,2026-06-11,C00283,P0023,SR008,4,808.50,0.00,3234.00,EUR,Online,Completed
OL00003097,O0001727,2026-06-11,C00283,P0062,SR008,2,7920.00,0.00,15840.00,EUR,Online,Completed
OL00003098,O0001728,2025-12-19,C00400,P0040,SR005,2,4800.00,0.00,9600.00,EUR,Direct,Completed
OL00003099,O0001728,2025-12-19,C00400,P0026,SR005,10,2970.00,0.15,25245.00,EUR,Direct,Completed
OL00003100,O0001729,2026-08-04,C00133,P0008,SR001,2,1237.50,0.00,2475.00,EUR,Partner,Returned
OL00003101,O0001729,2026-08-04,C00133,P0017,SR001,3,5280.00,0.15,13464.00,EUR,Partner,Returned
OL00003102,O0001729,2026-08-04,C00133,P0059,SR001,2,14850.00,0.00,29700.00,EUR,Partner,Returned
OL00003103,O0001730,2025-06-29,C00225,P0019,SR003,1,3200.00,0.05,3040.00,EUR,Partner,Completed
OL00003104,O0001731,2023-10-21,C00082,P0013,SR001,4,3200.00,0.00,12800.00,EUR,Partner,Completed
OL00003105,O0001731,2023-10-21,C00082,P0075,SR001,2,6480.00,0.10,11664.00,EUR,Partner,Completed
OL00003106,O0001731,2023-10-21,C00082,P0020,SR001,3,14850.00,0.00,44550.00,EUR,Partner,Completed
OL00003107,O0001732,2025-04-29,C00444,P0075,SR008,4,6480.00,0.00,25920.00,EUR,Partner,Completed
OL00003108,O0001733,2024-09-11,C00468,P0069,SR006,1,12960.00,0.00,12960.00,EUR,Partner,Completed
OL00003109,O0001734,2025-03-16,C00200,P0031,SR002,1,6500.00,0.10,5850.00,EUR,Online,Completed
OL00003110,O0001735,2024-10-22,C00028,P0053,SR005,3,2062.50,0.05,5878.12,EUR,Direct,Completed
OL00003111,O0001735,2024-10-22,C00028,P0017,SR005,2,5280.00,0.00,10560.00,EUR,Direct,Completed
OL00003112,O0001736,2024-01-06,C00091,P0029,SR004,2,14850.00,0.15,25245.00,EUR,Online,Completed
OL00003113,O0001737,2025-10-07,C00238,P0058,SR012,4,2400.00,0.05,9120.00,EUR,Partner,Completed
OL00003114,O0001738,2023-07-15,C00131,P0048,SR004,3,17550.00,0.00,52650.00,EUR,Online,Completed
OL00003115,O0001739,2023-05-08,C00253,P0026,SR002,10,2970.00,0.10,26730.00,EUR,Direct,Completed
OL00003116,O0001739,2023-05-08,C00253,P0006,SR002,4,3375.00,0.00,13500.00,EUR,Direct,Completed
OL00003117,O0001740,2024-11-22,C00401,P0075,SR005,5,6480.00,0.10,29160.00,EUR,Direct,Completed
OL00003118,O0001740,2024-11-22,C00401,P0033,SR005,2,17550.00,0.00,35100.00,EUR,Direct,Completed
OL00003119,O0001741,2024-06-09,C00012,P0073,SR003,10,9000.00,0.00,90000.00,EUR,Online,Completed
OL00003120,O0001741,2024-06-09,C00012,P0047,SR003,1,3960.00,0.20,3168.00,EUR,Online,Completed
OL00003121,O0001741,2024-06-09,C00012,P0022,SR003,1,6500.00,0.05,6175.00,EUR,Online,Completed
OL00003122,O0001742,2026-06-13,C00374,P0040,SR011,4,4800.00,0.10,17280.00,EUR,Online,Completed
OL00003123,O0001743,2023-01-29,C00276,P0013,SR010,1,3200.00,0.15,2720.00,EUR,Online,Completed
OL00003124,O0001744,2023-05-26,C00479,P0037,SR002,2,4800.00,0.15,8160.00,EUR,Direct,Completed
OL00003125,O0001744,2023-05-26,C00479,P0015,SR002,2,17550.00,0.10,31590.00,EUR,Direct,Completed
OL00003126,O0001745,2026-06-26,C00297,P0015,SR010,2,17550.00,0.00,35100.00,EUR,Direct,Completed
OL00003127,O0001745,2026-06-26,C00297,P0073,SR010,2,9000.00,0.00,18000.00,EUR,Direct,Completed
OL00003128,O0001745,2026-06-26,C00297,P0019,SR010,5,3200.00,0.00,16000.00,EUR,Direct,Completed
OL00003129,O0001746,2024-03-11,C00464,P0006,SR007,20,3375.00,0.00,67500.00,EUR,Online,Completed
OL00003130,O0001746,2024-03-11,C00464,P0061,SR007,2,3200.00,0.00,6400.00,EUR,Online,Completed
OL00003131,O0001747,2024-10-25,C00464,P0069,SR011,2,12960.00,0.20,20736.00,EUR,Partner,Completed
OL00003132,O0001747,2024-10-25,C00464,P0033,SR011,1,17550.00,0.00,17550.00,EUR,Partner,Completed
OL00003133,O0001748,2025-03-28,C00259,P0023,SR011,2,808.50,0.00,1617.00,EUR,Direct,Completed
OL00003134,O0001748,2025-03-28,C00259,P0066,SR011,4,3375.00,0.00,13500.00,EUR,Direct,Completed
OL00003135,O0001748,2025-03-28,C00259,P0048,SR011,1,17550.00,0.00,17550.00,EUR,Direct,Completed
OL00003136,O0001748,2025-03-28,C00259,P0063,SR011,5,12960.00,0.10,58320.00,EUR,Direct,Completed
OL00003137,O0001749,2025-04-20,C00306,P0015,SR007,20,17550.00,0.05,333450.00,EUR,Partner,Completed
OL00003138,O0001749,2025-04-20,C00306,P0066,SR007,1,3375.00,0.10,3037.50,EUR,Partner,Completed
OL00003139,O0001749,2025-04-20,C00306,P0043,SR007,1,490.00,0.05,465.50,EUR,Partner,Completed
OL00003140,O0001750,2024-08-21,C00029,P0043,SR007,1,490.00,0.10,441.00,EUR,Direct,Completed
OL00003141,O0001751,2024-02-16,C00312,P0056,SR011,1,7920.00,0.15,6732.00,EUR,Partner,Completed
OL00003142,O0001751,2024-02-16,C00312,P0011,SR011,1,808.50,0.20,646.80,EUR,Partner,Completed
OL00003143,O0001752,2024-09-26,C00379,P0014,SR012,1,7920.00,0.00,7920.00,EUR,Direct,Completed
OL00003144,O0001752,2024-09-26,C00379,P0036,SR012,1,8640.00,0.10,7776.00,EUR,Direct,Completed
OL00003145,O0001753,2026-01-04,C00298,P0048,SR007,3,17550.00,0.05,50017.50,EUR,Direct,Completed
OL00003146,O0001753,2026-01-04,C00298,P0045,SR007,4,6480.00,0.00,25920.00,EUR,Direct,Completed
OL00003147,O0001754,2023-01-26,C00489,P0024,SR008,5,3375.00,0.05,16031.25,EUR,Direct,Completed
OL00003148,O0001755,2024-09-23,C00263,P0039,SR007,10,12960.00,0.05,123120.00,EUR,Online,Completed
OL00003149,O0001756,2025-06-12,C00435,P0059,SR004,3,14850.00,0.05,42322.50,EUR,Partner,Completed
OL00003150,O0001757,2025-05-11,C00147,P0059,SR011,2,14850.00,0.15,25245.00,EUR,Partner,Completed
OL00003151,O0001757,2025-05-11,C00147,P0030,SR011,4,6480.00,0.15,22032.00,EUR,Partner,Completed
OL00003152,O0001758,2024-01-12,C00201,P0007,SR005,20,9000.00,0.05,171000.00,EUR,Direct,Returned
OL00003153,O0001758,2024-01-12,C00201,P0060,SR005,3,17550.00,0.00,52650.00,EUR,Direct,Returned
OL00003154,O0001759,2025-02-02,C00366,P0070,SR011,1,750.00,0.05,0.00,EUR,Direct,Cancelled
OL00003155,O0001759,2025-02-02,C00366,P0072,SR011,2,2673.00,0.00,0.00,EUR,Direct,Cancelled
OL00003156,O0001760,2023-03-27,C00142,P0059,SR007,5,14850.00,0.10,66825.00,EUR,Direct,Completed
OL00003157,O0001760,2023-03-27,C00142,P0011,SR007,3,808.50,0.05,2304.22,EUR,Direct,Completed
OL00003158,O0001760,2023-03-27,C00142,P0017,SR007,2,5280.00,0.00,10560.00,EUR,Direct,Completed
OL00003159,O0001761,2025-06-01,C00267,P0064,SR008,2,490.00,0.00,980.00,EUR,Direct,Completed
OL00003160,O0001762,2025-12-30,C00118,P0044,SR009,1,14850.00,0.10,13365.00,EUR,Direct,Completed
OL00003161,O0001762,2025-12-30,C00118,P0043,SR009,1,490.00,0.00,490.00,EUR,Direct,Completed
OL00003162,O0001763,2026-04-09,C00486,P0022,SR012,1,6500.00,0.10,5850.00,EUR,Online,Completed
OL00003163,O0001763,2026-04-09,C00486,P0013,SR012,3,3200.00,0.00,9600.00,EUR,Online,Completed
OL00003164,O0001764,2023-01-27,C00194,P0051,SR006,1,12960.00,0.00,12960.00,EUR,Partner,Completed
OL00003165,O0001765,2026-02-28,C00253,P0025,SR002,1,3200.00,0.00,3200.00,EUR,Online,Completed
OL00003166,O0001766,2023-10-23,C00242,P0057,SR009,1,6480.00,0.15,5508.00,EUR,Direct,Completed
OL00003167,O0001766,2023-10-23,C00242,P0048,SR009,1,17550.00,0.15,14917.50,EUR,Direct,Completed
OL00003168,O0001767,2024-08-12,C00433,P0051,SR003,3,12960.00,0.10,34992.00,EUR,Partner,Completed
OL00003169,O0001767,2024-08-12,C00433,P0020,SR003,5,14850.00,0.10,66825.00,EUR,Partner,Completed
OL00003170,O0001767,2024-08-12,C00433,P0058,SR003,3,2400.00,0.05,6840.00,EUR,Partner,Completed
OL00003171,O0001768,2026-04-03,C00311,P0011,SR005,3,808.50,0.05,2304.22,EUR,Direct,Returned
OL00003172,O0001768,2026-04-03,C00311,P0037,SR005,5,4800.00,0.20,19200.00,EUR,Direct,Returned
OL00003173,O0001769,2024-10-25,C00257,P0037,SR003,1,4800.00,0.15,4080.00,EUR,Partner,Completed
OL00003174,O0001769,2024-10-25,C00257,P0043,SR003,1,490.00,0.05,465.50,EUR,Partner,Completed
OL00003175,O0001769,2024-10-25,C00257,P0023,SR003,1,808.50,0.00,808.50,EUR,Partner,Completed
OL00003176,O0001770,2025-06-25,C00382,P0013,SR008,1,3200.00,0.15,2720.00,EUR,Online,Completed
OL00003177,O0001770,2025-06-25,C00382,P0021,SR008,2,6480.00,0.10,11664.00,EUR,Online,Completed
OL00003178,O0001770,2025-06-25,C00382,P0037,SR008,2,4800.00,0.00,9600.00,EUR,Online,Completed
OL00003179,O0001771,2024-10-24,C00141,P0014,SR011,2,7920.00,0.10,14256.00,EUR,Partner,Completed
OL00003180,O0001771,2024-10-24,C00141,P0017,SR011,1,5280.00,0.00,5280.00,EUR,Partner,Completed
OL00003181,O0001772,2024-01-11,C00211,P0054,SR011,10,17550.00,0.00,175500.00,EUR,Direct,Completed
OL00003182,O0001772,2024-01-11,C00211,P0034,SR011,2,490.00,0.15,833.00,EUR,Direct,Completed
OL00003183,O0001772,2024-01-11,C00211,P0069,SR011,3,12960.00,0.10,34992.00,EUR,Direct,Completed
OL00003184,O0001772,2024-01-11,C00211,P0048,SR011,20,17550.00,0.05,333450.00,EUR,Direct,Completed
OL00003185,O0001773,2024-12-09,C00180,P0009,SR009,1,24300.00,0.05,23085.00,EUR,Online,Completed
OL00003186,O0001774,2025-10-17,C00402,P0024,SR008,3,3375.00,0.00,10125.00,EUR,Partner,Completed
OL00003187,O0001774,2025-10-17,C00402,P0052,SR008,1,2400.00,0.10,2160.00,EUR,Partner,Completed
OL00003188,O0001775,2024-02-11,C00274,P0018,SR002,10,1323.00,0.05,12568.50,EUR,Online,Completed
OL00003189,O0001775,2024-02-11,C00274,P0020,SR002,4,14850.00,0.10,53460.00,EUR,Online,Completed
OL00003190,O0001775,2024-02-11,C00274,P0043,SR002,2,490.00,0.00,980.00,EUR,Online,Completed
OL00003191,O0001776,2025-01-31,C00317,P0025,SR003,1,3200.00,0.00,3200.00,EUR,Direct,Completed
OL00003192,O0001777,2026-06-15,C00373,P0004,SR008,2,6500.00,0.00,13000.00,EUR,Direct,Completed
OL00003193,O0001778,2026-06-19,C00433,P0042,SR007,2,4860.00,0.05,9234.00,EUR,Direct,Completed
OL00003194,O0001779,2025-10-23,C00389,P0072,SR009,5,2673.00,0.10,12028.50,EUR,Direct,Completed
OL00003195,O0001779,2025-10-23,C00389,P0071,SR009,5,808.50,0.10,3638.25,EUR,Direct,Completed
OL00003196,O0001780,2025-12-24,C00378,P0048,SR004,2,17550.00,0.00,35100.00,EUR,Direct,Completed
OL00003197,O0001781,2023-05-22,C00466,P0038,SR004,2,2970.00,0.05,5643.00,EUR,Direct,Completed
OL00003198,O0001781,2023-05-22,C00466,P0022,SR004,4,6500.00,0.00,26000.00,EUR,Direct,Completed
OL00003199,O0001782,2023-12-31,C00101,P0072,SR004,3,2673.00,0.10,7217.10,EUR,Partner,Completed
OL00003200,O0001782,2023-12-31,C00101,P0061,SR004,5,3200.00,0.00,16000.00,EUR,Partner,Completed
OL00003201,O0001783,2024-08-17,C00019,P0048,SR009,4,17550.00,0.10,63180.00,EUR,Online,Completed
OL00003202,O0001783,2024-08-17,C00019,P0030,SR009,1,6480.00,0.00,6480.00,EUR,Online,Completed
OL00003203,O0001784,2025-01-04,C00227,P0045,SR001,10,6480.00,0.20,51840.00,EUR,Direct,Completed
OL00003204,O0001784,2025-01-04,C00227,P0021,SR001,2,6480.00,0.05,12312.00,EUR,Direct,Completed
OL00003205,O0001785,2024-09-25,C00437,P0068,SR002,2,1237.50,0.15,2103.75,EUR,Partner,Completed
OL00003206,O0001785,2024-09-25,C00437,P0049,SR002,2,1250.00,0.15,2125.00,EUR,Partner,Completed
OL00003207,O0001785,2024-09-25,C00437,P0024,SR002,4,3375.00,0.10,12150.00,EUR,Partner,Completed
OL00003208,O0001785,2024-09-25,C00437,P0008,SR002,2,1237.50,0.00,2475.00,EUR,Partner,Completed
OL00003209,O0001786,2023-07-31,C00085,P0065,SR003,1,5280.00,0.15,4488.00,EUR,Direct,Completed
OL00003210,O0001787,2025-04-05,C00044,P0061,SR008,1,3200.00,0.15,2720.00,EUR,Partner,Completed
OL00003211,O0001788,2025-03-12,C00217,P0056,SR002,1,7920.00,0.10,7128.00,EUR,Direct,Completed
OL00003212,O0001788,2025-03-12,C00217,P0048,SR002,1,17550.00,0.00,17550.00,EUR,Direct,Completed
OL00003213,O0001789,2026-08-23,C00156,P0066,SR010,1,3375.00,0.15,2868.75,EUR,Partner,Completed
OL00003214,O0001790,2023-04-01,C00156,P0046,SR007,2,3200.00,0.10,5760.00,EUR,Direct,Completed
OL00003215,O0001791,2024-01-01,C00484,P0031,SR009,1,6500.00,0.15,5525.00,EUR,Online,Completed
OL00003216,O0001792,2024-09-25,C00081,P0048,SR005,1,17550.00,0.00,17550.00,EUR,Direct,Completed
OL00003217,O0001792,2024-09-25,C00081,P0049,SR005,2,1250.00,0.10,2250.00,EUR,Direct,Completed
OL00003218,O0001792,2024-09-25,C00081,P0068,SR005,3,1237.50,0.15,3155.62,EUR,Direct,Completed
OL00003219,O0001793,2024-08-01,C00021,P0004,SR003,20,6500.00,0.00,130000.00,EUR,Partner,Completed
OL00003220,O0001794,2026-09-18,C00418,P0017,SR003,1,5280.00,0.00,5280.00,EUR,Direct,Completed
OL00003221,O0001794,2026-09-18,C00418,P0068,SR003,2,1237.50,0.00,2475.00,EUR,Direct,Completed
OL00003222,O0001795,2024-02-28,C00027,P0064,SR006,5,490.00,0.05,2327.50,EUR,Direct,Completed
OL00003223,O0001796,2023-06-15,C00389,P0071,SR009,2,808.50,0.05,1536.15,EUR,Partner,Completed
OL00003224,O0001797,2025-01-16,C00358,P0038,SR007,1,2970.00,0.00,0.00,EUR,Direct,Cancelled
OL00003225,O0001797,2025-01-16,C00358,P0071,SR007,1,808.50,0.00,0.00,EUR,Direct,Cancelled
OL00003226,O0001798,2025-01-07,C00365,P0026,SR001,1,2970.00,0.00,2970.00,EUR,Partner,Completed
OL00003227,O0001799,2024-10-02,C00487,P0024,SR001,2,3375.00,0.00,6750.00,EUR,Direct,Completed
OL00003228,O0001799,2024-10-02,C00487,P0057,SR001,3,6480.00,0.00,19440.00,EUR,Direct,Completed
OL00003229,O0001799,2024-10-02,C00487,P0007,SR001,1,9000.00,0.05,8550.00,EUR,Direct,Completed
OL00003230,O0001800,2025-12-27,C00164,P0065,SR009,1,5280.00,0.05,5016.00,EUR,Direct,Completed
OL00003231,O0001800,2025-12-27,C00164,P0020,SR009,4,14850.00,0.05,56430.00,EUR,Direct,Completed
OL00003232,O0001801,2024-07-26,C00367,P0055,SR003,10,490.00,0.10,0.00,EUR,Partner,Cancelled
OL00003233,O0001802,2025-11-19,C00398,P0012,SR004,2,17550.00,0.05,33345.00,EUR,Direct,Completed
OL00003234,O0001802,2025-11-19,C00398,P0041,SR004,10,1237.50,0.00,12375.00,EUR,Direct,Completed
OL00003235,O0001803,2026-05-08,C00254,P0066,SR007,5,3375.00,0.00,16875.00,EUR,Direct,Completed
OL00003236,O0001804,2025-09-03,C00019,P0071,SR009,1,808.50,0.20,646.80,EUR,Partner,Completed
OL00003237,O0001804,2025-09-03,C00019,P0064,SR009,1,490.00,0.20,392.00,EUR,Partner,Completed
OL00003238,O0001805,2026-08-29,C00090,P0009,SR001,4,24300.00,0.00,97200.00,EUR,Online,Completed
OL00003239,O0001805,2026-08-29,C00090,P0036,SR001,3,8640.00,0.05,24624.00,EUR,Online,Completed
OL00003240,O0001805,2026-08-29,C00090,P0030,SR001,1,6480.00,0.00,6480.00,EUR,Online,Completed
OL00003241,O0001806,2025-04-10,C00417,P0005,SR003,1,10725.00,0.00,10725.00,EUR,Online,Completed
OL00003242,O0001806,2025-04-10,C00417,P0044,SR003,10,14850.00,0.20,118800.00,EUR,Online,Completed
OL00003243,O0001807,2025-10-14,C00442,P0066,SR003,3,3375.00,0.00,10125.00,EUR,Direct,Completed
OL00003244,O0001808,2024-01-10,C00479,P0036,SR006,2,8640.00,0.15,14688.00,EUR,Online,Completed
OL00003245,O0001809,2025-09-19,C00305,P0070,SR011,4,750.00,0.00,3000.00,EUR,Partner,Completed
OL00003246,O0001810,2026-01-04,C00034,P0016,SR004,2,490.00,0.05,0.00,EUR,Direct,Cancelled
OL00003247,O0001810,2026-01-04,C00034,P0004,SR004,1,6500.00,0.00,0.00,EUR,Direct,Cancelled
OL00003248,O0001811,2023-07-21,C00047,P0053,SR005,4,2062.50,0.05,7837.50,EUR,Online,Completed
OL00003249,O0001811,2023-07-21,C00047,P0008,SR005,2,1237.50,0.10,2227.50,EUR,Online,Completed
OL00003250,O0001812,2024-08-30,C00340,P0072,SR008,20,2673.00,0.05,50787.00,EUR,Direct,Completed
OL00003251,O0001813,2026-06-01,C00006,P0019,SR008,2,3200.00,0.00,6400.00,EUR,Partner,Completed
OL00003252,O0001814,2024-09-12,C00288,P0004,SR006,1,6500.00,0.00,6500.00,EUR,Online,Completed
OL00003253,O0001814,2024-09-12,C00288,P0059,SR006,2,14850.00,0.15,25245.00,EUR,Online,Completed
OL00003254,O0001815,2023-10-20,C00467,P0031,SR002,2,6500.00,0.15,11050.00,EUR,Direct,Completed
OL00003255,O0001816,2026-02-21,C00276,P0026,SR006,2,2970.00,0.00,5940.00,EUR,Direct,Completed
OL00003256,O0001816,2026-02-21,C00276,P0064,SR006,1,490.00,0.05,465.50,EUR,Direct,Completed
OL00003257,O0001817,2023-06-20,C00074,P0045,SR003,1,6480.00,0.00,6480.00,EUR,Partner,Returned
OL00003258,O0001817,2023-06-20,C00074,P0020,SR003,1,14850.00,0.00,14850.00,EUR,Partner,Returned
OL00003259,O0001817,2023-06-20,C00074,P0034,SR003,2,490.00,0.00,980.00,EUR,Partner,Returned
OL00003260,O0001818,2024-04-11,C00309,P0012,SR001,2,17550.00,0.00,35100.00,EUR,Direct,Completed
OL00003261,O0001818,2024-04-11,C00309,P0071,SR001,4,808.50,0.05,3072.30,EUR,Direct,Completed
OL00003262,O0001819,2026-01-03,C00140,P0074,SR010,2,7920.00,0.00,15840.00,EUR,Online,Completed
OL00003263,O0001820,2023-12-08,C00058,P0009,SR011,2,24300.00,0.10,43740.00,EUR,Direct,Completed
OL00003264,O0001820,2023-12-08,C00058,P0030,SR011,3,6480.00,0.20,15552.00,EUR,Direct,Completed
OL00003265,O0001821,2025-05-27,C00274,P0003,SR011,1,8640.00,0.00,8640.00,EUR,Direct,Completed
OL00003266,O0001821,2025-05-27,C00274,P0067,SR011,3,2400.00,0.00,7200.00,EUR,Direct,Completed
OL00003267,O0001822,2025-06-24,C00376,P0037,SR005,2,4800.00,0.00,9600.00,EUR,Direct,Completed
OL00003268,O0001823,2023-05-27,C00170,P0049,SR009,3,1250.00,0.00,3750.00,EUR,Online,Completed
OL00003269,O0001824,2026-02-03,C00260,P0017,SR008,1,5280.00,0.15,4488.00,EUR,Partner,Completed
OL00003270,O0001825,2023-02-12,C00304,P0070,SR006,2,750.00,0.00,1500.00,EUR,Direct,Completed
OL00003271,O0001826,2023-04-14,C00463,P0010,SR004,3,3200.00,0.20,7680.00,EUR,Partner,Completed
OL00003272,O0001827,2026-02-14,C00227,P0004,SR008,2,6500.00,0.00,0.00,EUR,Direct,Cancelled
OL00003273,O0001828,2025-04-15,C00123,P0008,SR003,2,1237.50,0.05,2351.25,EUR,Direct,Completed
OL00003274,O0001828,2025-04-15,C00123,P0059,SR003,2,14850.00,0.10,26730.00,EUR,Direct,Completed
OL00003275,O0001828,2025-04-15,C00123,P0042,SR003,4,4860.00,0.15,16524.00,EUR,Direct,Completed
OL00003276,O0001828,2025-04-15,C00123,P0062,SR003,2,7920.00,0.00,15840.00,EUR,Direct,Completed
OL00003277,O0001829,2026-05-12,C00352,P0015,SR011,20,17550.00,0.00,351000.00,EUR,Direct,Completed
OL00003278,O0001830,2024-09-16,C00488,P0030,SR010,3,6480.00,0.00,19440.00,EUR,Partner,Completed
OL00003279,O0001831,2025-02-09,C00400,P0033,SR012,1,17550.00,0.00,17550.00,EUR,Partner,Completed
OL00003280,O0001832,2025-03-21,C00427,P0005,SR006,2,10725.00,0.00,21450.00,EUR,Direct,Completed
OL00003281,O0001833,2024-07-11,C00252,P0049,SR007,2,1250.00,0.15,2125.00,EUR,Direct,Completed
OL00003282,O0001834,2025-05-06,C00015,P0071,SR001,2,808.50,0.20,0.00,EUR,Partner,Cancelled
OL00003283,O0001834,2025-05-06,C00015,P0009,SR001,10,24300.00,0.15,0.00,EUR,Partner,Cancelled
OL00003284,O0001835,2026-02-14,C00025,P0062,SR005,5,7920.00,0.05,37620.00,EUR,Direct,Completed
OL00003285,O0001836,2026-08-06,C00351,P0046,SR001,1,3200.00,0.10,2880.00,EUR,Direct,Completed
OL00003286,O0001837,2025-12-31,C00060,P0019,SR002,3,3200.00,0.10,8640.00,EUR,Online,Completed
OL00003287,O0001837,2025-12-31,C00060,P0011,SR002,1,808.50,0.05,768.07,EUR,Online,Completed
OL00003288,O0001837,2025-12-31,C00060,P0032,SR002,5,2970.00,0.10,13365.00,EUR,Online,Completed
OL00003289,O0001838,2024-06-14,C00389,P0016,SR010,1,490.00,0.15,416.50,EUR,Direct,Completed
OL00003290,O0001838,2024-06-14,C00389,P0042,SR010,1,4860.00,0.05,4617.00,EUR,Direct,Completed
OL00003291,O0001839,2025-11-11,C00494,P0011,SR001,4,808.50,0.05,3072.30,EUR,Online,Completed
OL00003292,O0001839,2025-11-11,C00494,P0068,SR001,20,1237.50,0.10,22275.00,EUR,Online,Completed
OL00003293,O0001840,2026-02-27,C00263,P0006,SR006,2,3375.00,0.10,0.00,EUR,Partner,Cancelled
OL00003294,O0001841,2023-01-15,C00381,P0041,SR001,1,1237.50,0.00,1237.50,EUR,Partner,Completed
OL00003295,O0001842,2023-01-24,C00229,P0075,SR001,1,6480.00,0.00,6480.00,EUR,Partner,Completed
OL00003296,O0001843,2025-03-29,C00033,P0013,SR007,2,3200.00,0.00,6400.00,EUR,Direct,Completed
OL00003297,O0001843,2025-03-29,C00033,P0001,SR007,10,490.00,0.00,4900.00,EUR,Direct,Completed
OL00003298,O0001844,2025-01-05,C00128,P0062,SR001,3,7920.00,0.00,23760.00,EUR,Direct,Completed
OL00003299,O0001845,2025-03-15,C00488,P0063,SR002,1,12960.00,0.05,12312.00,EUR,Partner,Completed
OL00003300,O0001846,2026-01-21,C00224,P0059,SR011,2,14850.00,0.00,29700.00,EUR,Partner,Completed
OL00003301,O0001846,2026-01-21,C00224,P0035,SR011,1,1237.50,0.05,1175.62,EUR,Partner,Completed
OL00003302,O0001847,2024-07-07,C00489,P0007,SR003,1,9000.00,0.05,8550.00,EUR,Partner,Completed
OL00003303,O0001847,2024-07-07,C00489,P0058,SR003,4,2400.00,0.05,9120.00,EUR,Partner,Completed
OL00003304,O0001848,2023-06-11,C00024,P0042,SR010,5,4860.00,0.05,23085.00,EUR,Direct,Completed
OL00003305,O0001848,2023-06-11,C00024,P0065,SR010,20,5280.00,0.10,95040.00,EUR,Direct,Completed
OL00003306,O0001848,2023-06-11,C00024,P0003,SR010,3,8640.00,0.00,25920.00,EUR,Direct,Completed
OL00003307,O0001849,2025-05-20,C00500,P0013,SR004,2,3200.00,0.20,5120.00,EUR,Direct,Completed
OL00003308,O0001850,2025-09-01,C00004,P0052,SR007,1,2400.00,0.00,2400.00,EUR,Partner,Completed
OL00003309,O0001851,2023-11-16,C00290,P0007,SR003,3,9000.00,0.00,27000.00,EUR,Direct,Completed
OL00003310,O0001851,2023-11-16,C00290,P0029,SR003,5,14850.00,0.20,59400.00,EUR,Direct,Completed
OL00003311,O0001851,2023-11-16,C00290,P0059,SR003,1,14850.00,0.15,12622.50,EUR,Direct,Completed
OL00003312,O0001852,2025-03-18,C00187,P0016,SR003,1,490.00,0.20,392.00,EUR,Online,Completed
OL00003313,O0001853,2023-05-13,C00186,P0002,SR004,2,1633.50,0.00,3267.00,EUR,Partner,Completed
OL00003314,O0001854,2023-12-04,C00440,P0030,SR009,1,6480.00,0.00,6480.00,EUR,Online,Completed
OL00003315,O0001855,2024-08-31,C00367,P0028,SR007,1,750.00,0.00,750.00,EUR,Direct,Completed
OL00003316,O0001856,2023-04-16,C00146,P0031,SR002,1,6500.00,0.10,5850.00,EUR,Direct,Completed
OL00003317,O0001856,2023-04-16,C00146,P0066,SR002,2,3375.00,0.15,5737.50,EUR,Direct,Completed
OL00003318,O0001856,2023-04-16,C00146,P0041,SR002,1,1237.50,0.00,1237.50,EUR,Direct,Completed
OL00003319,O0001857,2023-02-04,C00173,P0035,SR006,20,1237.50,0.20,19800.00,EUR,Partner,Completed
OL00003320,O0001858,2023-07-25,C00234,P0034,SR012,2,490.00,0.00,980.00,EUR,Direct,Completed
OL00003321,O0001859,2024-07-01,C00440,P0028,SR012,2,750.00,0.00,1500.00,EUR,Online,Completed
OL00003322,O0001859,2024-07-01,C00440,P0011,SR012,20,808.50,0.00,16170.00,EUR,Online,Completed
OL00003323,O0001859,2024-07-01,C00440,P0072,SR012,1,2673.00,0.00,2673.00,EUR,Online,Completed
OL00003324,O0001860,2024-01-23,C00433,P0046,SR001,2,3200.00,0.00,6400.00,EUR,Direct,Completed
OL00003325,O0001861,2025-09-22,C00294,P0052,SR009,20,2400.00,0.15,40800.00,EUR,Direct,Completed
OL00003326,O0001861,2025-09-22,C00294,P0074,SR009,10,7920.00,0.00,79200.00,EUR,Direct,Completed
OL00003327,O0001862,2025-02-21,C00245,P0070,SR003,2,750.00,0.15,1275.00,EUR,Direct,Completed
OL00003328,O0001863,2025-08-06,C00122,P0053,SR006,2,2062.50,0.15,3506.25,EUR,Direct,Completed
OL00003329,O0001863,2025-08-06,C00122,P0012,SR006,4,17550.00,0.10,63180.00,EUR,Direct,Completed
OL00003330,O0001864,2026-08-15,C00269,P0043,SR011,3,490.00,0.05,1396.50,EUR,Partner,Returned
OL00003331,O0001865,2024-07-18,C00454,P0051,SR008,1,12960.00,0.00,12960.00,EUR,Partner,Completed
OL00003332,O0001866,2025-07-01,C00467,P0039,SR011,1,12960.00,0.00,12960.00,EUR,Direct,Completed
OL00003333,O0001866,2025-07-01,C00467,P0045,SR011,20,6480.00,0.00,129600.00,EUR,Direct,Completed
OL00003334,O0001866,2025-07-01,C00467,P0057,SR011,5,6480.00,0.15,27540.00,EUR,Direct,Completed
OL00003335,O0001867,2025-04-13,C00030,P0012,SR001,10,17550.00,0.00,0.00,EUR,Partner,Cancelled
OL00003336,O0001868,2024-09-21,C00018,P0028,SR008,2,750.00,0.00,1500.00,EUR,Direct,Completed
OL00003337,O0001869,2026-09-03,C00073,P0043,SR004,10,490.00,0.10,4410.00,EUR,Direct,Completed
OL00003338,O0001870,2025-05-01,C00396,P0066,SR004,2,3375.00,0.00,6750.00,EUR,Partner,Completed
OL00003339,O0001870,2025-05-01,C00396,P0036,SR004,1,8640.00,0.05,8208.00,EUR,Partner,Completed
OL00003340,O0001871,2026-05-12,C00135,P0025,SR007,4,3200.00,0.05,12160.00,EUR,Online,Completed
OL00003341,O0001872,2025-10-17,C00098,P0008,SR005,2,1237.50,0.00,2475.00,EUR,Direct,Completed
OL00003342,O0001873,2024-09-04,C00459,P0035,SR011,10,1237.50,0.05,11756.25,EUR,Partner,Completed
OL00003343,O0001874,2024-11-28,C00337,P0015,SR005,4,17550.00,0.10,63180.00,EUR,Partner,Completed
OL00003344,O0001874,2024-11-28,C00337,P0070,SR005,5,750.00,0.15,3187.50,EUR,Partner,Completed
OL00003345,O0001875,2025-11-20,C00300,P0055,SR006,2,490.00,0.05,931.00,EUR,Partner,Completed
OL00003346,O0001875,2025-11-20,C00300,P0070,SR006,1,750.00,0.00,750.00,EUR,Partner,Completed
OL00003347,O0001876,2023-04-21,C00268,P0074,SR010,2,7920.00,0.10,14256.00,EUR,Direct,Completed
OL00003348,O0001876,2023-04-21,C00268,P0057,SR010,1,6480.00,0.05,6156.00,EUR,Direct,Completed
OL00003349,O0001876,2023-04-21,C00268,P0064,SR010,1,490.00,0.00,490.00,EUR,Direct,Completed
OL00003350,O0001877,2024-12-15,C00109,P0042,SR002,1,4860.00,0.00,4860.00,EUR,Direct,Completed
OL00003351,O0001877,2024-12-15,C00109,P0006,SR002,2,3375.00,0.20,5400.00,EUR,Direct,Completed
OL00003352,O0001878,2026-06-20,C00226,P0013,SR010,1,3200.00,0.00,3200.00,EUR,Direct,Completed
OL00003353,O0001879,2025-03-20,C00422,P0051,SR009,1,12960.00,0.00,0.00,EUR,Partner,Cancelled
OL00003354,O0001879,2025-03-20,C00422,P0029,SR009,3,14850.00,0.10,0.00,EUR,Partner,Cancelled
OL00003355,O0001880,2026-03-05,C00102,P0074,SR004,1,7920.00,0.15,6732.00,EUR,Partner,Completed
OL00003356,O0001880,2026-03-05,C00102,P0018,SR004,2,1323.00,0.10,2381.40,EUR,Partner,Completed
OL00003357,O0001880,2026-03-05,C00102,P0026,SR004,2,2970.00,0.05,5643.00,EUR,Partner,Completed
OL00003358,O0001880,2026-03-05,C00102,P0066,SR004,4,3375.00,0.00,13500.00,EUR,Partner,Completed
OL00003359,O0001881,2023-07-08,C00333,P0058,SR005,1,2400.00,0.10,2160.00,EUR,Partner,Completed
OL00003360,O0001882,2023-12-21,C00100,P0013,SR006,1,3200.00,0.00,3200.00,EUR,Direct,Completed
OL00003361,O0001882,2023-12-21,C00100,P0075,SR006,5,6480.00,0.00,32400.00,EUR,Direct,Completed
OL00003362,O0001882,2023-12-21,C00100,P0002,SR006,5,1633.50,0.10,7350.75,EUR,Direct,Completed
OL00003363,O0001883,2025-05-02,C00472,P0055,SR011,1,490.00,0.05,465.50,EUR,Partner,Completed
OL00003364,O0001884,2026-02-10,C00041,P0064,SR004,3,490.00,0.10,1323.00,EUR,Partner,Completed
OL00003365,O0001884,2026-02-10,C00041,P0013,SR004,1,3200.00,0.05,3040.00,EUR,Partner,Completed
OL00003366,O0001885,2023-12-09,C00279,P0004,SR002,3,6500.00,0.00,19500.00,EUR,Partner,Completed
OL00003367,O0001885,2023-12-09,C00279,P0067,SR002,3,2400.00,0.15,6120.00,EUR,Partner,Completed
OL00003368,O0001885,2023-12-09,C00279,P0057,SR002,1,6480.00,0.05,6156.00,EUR,Partner,Completed
OL00003369,O0001886,2025-02-26,C00145,P0050,SR001,2,2062.50,0.00,4125.00,EUR,Online,Completed
OL00003370,O0001886,2025-02-26,C00145,P0049,SR001,1,1250.00,0.00,1250.00,EUR,Online,Completed
OL00003371,O0001887,2023-11-07,C00062,P0047,SR007,3,3960.00,0.00,11880.00,EUR,Direct,Completed
OL00003372,O0001888,2024-02-17,C00372,P0068,SR002,1,1237.50,0.00,1237.50,EUR,Partner,Completed
OL00003373,O0001889,2024-10-12,C00253,P0022,SR004,4,6500.00,0.15,22100.00,EUR,Direct,Completed
OL00003374,O0001889,2024-10-12,C00253,P0035,SR004,3,1237.50,0.00,3712.50,EUR,Direct,Completed
OL00003375,O0001890,2026-08-01,C00209,P0022,SR004,2,6500.00,0.05,12350.00,EUR,Partner,Completed
OL00003376,O0001890,2026-08-01,C00209,P0034,SR004,1,490.00,0.15,416.50,EUR,Partner,Completed
OL00003377,O0001891,2023-02-11,C00403,P0061,SR002,3,3200.00,0.05,9120.00,EUR,Partner,Completed
OL00003378,O0001891,2023-02-11,C00403,P0060,SR002,10,17550.00,0.00,175500.00,EUR,Partner,Completed
OL00003379,O0001892,2023-10-28,C00273,P0039,SR012,2,12960.00,0.00,25920.00,EUR,Direct,Completed
OL00003380,O0001892,2023-10-28,C00273,P0046,SR012,1,3200.00,0.00,3200.00,EUR,Direct,Completed
OL00003381,O0001893,2026-06-20,C00491,P0037,SR007,2,4800.00,0.20,0.00,EUR,Direct,Cancelled
OL00003382,O0001894,2025-09-13,C00187,P0003,SR008,1,8640.00,0.00,8640.00,EUR,Direct,Completed
OL00003383,O0001894,2025-09-13,C00187,P0061,SR008,1,3200.00,0.00,3200.00,EUR,Direct,Completed
OL00003384,O0001895,2023-04-30,C00057,P0008,SR005,1,1237.50,0.00,1237.50,EUR,Direct,Completed
OL00003385,O0001895,2023-04-30,C00057,P0020,SR005,5,14850.00,0.00,74250.00,EUR,Direct,Completed
OL00003386,O0001895,2023-04-30,C00057,P0058,SR005,3,2400.00,0.05,6840.00,EUR,Direct,Completed
OL00003387,O0001896,2024-03-07,C00071,P0032,SR007,1,2970.00,0.05,2821.50,EUR,Direct,Completed
OL00003388,O0001896,2024-03-07,C00071,P0069,SR007,3,12960.00,0.15,33048.00,EUR,Direct,Completed
OL00003389,O0001897,2023-10-01,C00424,P0016,SR009,1,490.00,0.15,416.50,EUR,Partner,Completed
OL00003390,O0001897,2023-10-01,C00424,P0039,SR009,2,12960.00,0.05,24624.00,EUR,Partner,Completed
OL00003391,O0001897,2023-10-01,C00424,P0015,SR009,1,17550.00,0.00,17550.00,EUR,Partner,Completed
OL00003392,O0001897,2023-10-01,C00424,P0029,SR009,3,14850.00,0.05,42322.50,EUR,Partner,Completed
OL00003393,O0001898,2023-07-29,C00352,P0025,SR003,4,3200.00,0.10,11520.00,EUR,Direct,Completed
OL00003394,O0001899,2026-04-20,C00282,P0065,SR009,2,5280.00,0.10,9504.00,EUR,Direct,Completed
OL00003395,O0001899,2026-04-20,C00282,P0050,SR009,1,2062.50,0.15,1753.12,EUR,Direct,Completed
OL00003396,O0001900,2025-10-04,C00471,P0028,SR005,2,750.00,0.00,1500.00,EUR,Online,Completed
OL00003397,O0001901,2026-05-09,C00158,P0048,SR001,1,17550.00,0.00,17550.00,EUR,Online,Returned
OL00003398,O0001901,2026-05-09,C00158,P0050,SR001,3,2062.50,0.15,5259.38,EUR,Online,Returned
OL00003399,O0001901,2026-05-09,C00158,P0046,SR001,5,3200.00,0.05,15200.00,EUR,Online,Returned
OL00003400,O0001902,2025-11-20,C00148,P0004,SR011,20,6500.00,0.05,123500.00,EUR,Online,Completed
OL00003401,O0001903,2026-02-04,C00294,P0005,SR003,5,10725.00,0.20,42900.00,EUR,Online,Returned
OL00003402,O0001904,2023-07-28,C00457,P0035,SR007,1,1237.50,0.05,1175.62,EUR,Direct,Completed
OL00003403,O0001905,2023-05-15,C00187,P0036,SR006,4,8640.00,0.05,32832.00,EUR,Direct,Completed
OL00003404,O0001906,2025-04-03,C00216,P0005,SR006,1,10725.00,0.00,10725.00,EUR,Online,Completed
OL00003405,O0001907,2023-05-16,C00061,P0048,SR006,3,17550.00,0.15,44752.50,EUR,Direct,Completed
OL00003406,O0001908,2025-10-29,C00078,P0054,SR004,2,17550.00,0.10,31590.00,EUR,Partner,Completed
OL00003407,O0001909,2023-11-10,C00348,P0034,SR002,2,490.00,0.00,980.00,EUR,Direct,Completed
OL00003408,O0001909,2023-11-10,C00348,P0022,SR002,1,6500.00,0.15,5525.00,EUR,Direct,Completed
OL00003409,O0001910,2023-10-16,C00383,P0036,SR003,2,8640.00,0.10,15552.00,EUR,Online,Completed
OL00003410,O0001910,2023-10-16,C00383,P0017,SR003,1,5280.00,0.00,5280.00,EUR,Online,Completed
OL00003411,O0001911,2023-05-03,C00383,P0054,SR005,1,17550.00,0.00,17550.00,EUR,Partner,Completed
OL00003412,O0001912,2023-09-01,C00351,P0014,SR003,3,7920.00,0.00,23760.00,EUR,Direct,Completed
OL00003413,O0001913,2023-08-17,C00459,P0031,SR007,3,6500.00,0.20,15600.00,EUR,Partner,Completed
OL00003414,O0001913,2023-08-17,C00459,P0040,SR007,20,4800.00,0.10,86400.00,EUR,Partner,Completed
OL00003415,O0001914,2026-04-30,C00300,P0056,SR001,4,7920.00,0.15,26928.00,EUR,Partner,Completed
OL00003416,O0001915,2023-03-25,C00309,P0002,SR011,2,1633.50,0.20,2613.60,EUR,Direct,Completed
OL00003417,O0001915,2023-03-25,C00309,P0008,SR011,3,1237.50,0.10,3341.25,EUR,Direct,Completed
OL00003418,O0001916,2024-09-04,C00152,P0069,SR008,3,12960.00,0.15,33048.00,EUR,Direct,Completed
OL00003419,O0001916,2024-09-04,C00152,P0018,SR008,1,1323.00,0.15,1124.55,EUR,Direct,Completed
OL00003420,O0001916,2024-09-04,C00152,P0074,SR008,1,7920.00,0.00,7920.00,EUR,Direct,Completed
OL00003421,O0001917,2025-11-18,C00086,P0036,SR002,1,8640.00,0.00,8640.00,EUR,Online,Completed
OL00003422,O0001917,2025-11-18,C00086,P0024,SR002,1,3375.00,0.00,3375.00,EUR,Online,Completed
OL00003423,O0001918,2023-10-23,C00194,P0015,SR008,1,17550.00,0.10,15795.00,EUR,Direct,Completed
OL00003424,O0001918,2023-10-23,C00194,P0027,SR008,2,24300.00,0.15,41310.00,EUR,Direct,Completed
OL00003425,O0001919,2025-06-07,C00234,P0034,SR012,2,490.00,0.15,833.00,EUR,Direct,Completed
OL00003426,O0001920,2026-07-31,C00013,P0031,SR002,1,6500.00,0.10,5850.00,EUR,Direct,Completed
OL00003427,O0001921,2023-07-26,C00049,P0074,SR007,1,7920.00,0.10,7128.00,EUR,Direct,Completed
OL00003428,O0001921,2023-07-26,C00049,P0062,SR007,1,7920.00,0.10,7128.00,EUR,Direct,Completed
OL00003429,O0001921,2023-07-26,C00049,P0047,SR007,4,3960.00,0.10,14256.00,EUR,Direct,Completed
OL00003430,O0001922,2024-08-28,C00378,P0065,SR009,2,5280.00,0.10,9504.00,EUR,Direct,Completed
OL00003431,O0001923,2023-12-17,C00054,P0007,SR006,2,9000.00,0.05,17100.00,EUR,Partner,Completed
OL00003432,O0001923,2023-12-17,C00054,P0049,SR006,3,1250.00,0.10,3375.00,EUR,Partner,Completed
OL00003433,O0001924,2026-03-07,C00498,P0037,SR003,2,4800.00,0.00,9600.00,EUR,Direct,Completed
OL00003434,O0001924,2026-03-07,C00498,P0024,SR003,1,3375.00,0.00,3375.00,EUR,Direct,Completed
OL00003435,O0001924,2026-03-07,C00498,P0043,SR003,1,490.00,0.00,490.00,EUR,Direct,Completed
OL00003436,O0001925,2026-08-10,C00105,P0019,SR002,1,3200.00,0.10,2880.00,EUR,Direct,Completed
OL00003437,O0001925,2026-08-10,C00105,P0010,SR002,1,3200.00,0.00,3200.00,EUR,Direct,Completed
OL00003438,O0001926,2023-10-18,C00015,P0070,SR009,4,750.00,0.00,3000.00,EUR,Direct,Completed
OL00003439,O0001927,2023-04-04,C00105,P0073,SR005,1,9000.00,0.10,8100.00,EUR,Direct,Completed
OL00003440,O0001927,2023-04-04,C00105,P0035,SR005,2,1237.50,0.05,2351.25,EUR,Direct,Completed
OL00003441,O0001927,2023-04-04,C00105,P0054,SR005,5,17550.00,0.15,74587.50,EUR,Direct,Completed
OL00003442,O0001927,2023-04-04,C00105,P0037,SR005,2,4800.00,0.05,9120.00,EUR,Direct,Completed
OL00003443,O0001928,2026-07-06,C00271,P0059,SR002,2,14850.00,0.15,25245.00,EUR,Direct,Completed
OL00003444,O0001929,2023-04-23,C00163,P0007,SR011,1,9000.00,0.15,7650.00,EUR,Partner,Completed
OL00003445,O0001930,2026-04-27,C00203,P0057,SR006,3,6480.00,0.05,18468.00,EUR,Direct,Completed
OL00003446,O0001930,2026-04-27,C00203,P0032,SR006,1,2970.00,0.00,2970.00,EUR,Direct,Completed
OL00003447,O0001931,2024-04-18,C00099,P0046,SR012,1,3200.00,0.05,3040.00,EUR,Direct,Completed
OL00003448,O0001932,2026-05-20,C00200,P0052,SR010,1,2400.00,0.10,2160.00,EUR,Direct,Completed
OL00003449,O0001932,2026-05-20,C00200,P0037,SR010,3,4800.00,0.10,12960.00,EUR,Direct,Completed
OL00003450,O0001932,2026-05-20,C00200,P0065,SR010,2,5280.00,0.10,9504.00,EUR,Direct,Completed
OL00003451,O0001933,2026-09-15,C00317,P0063,SR006,3,12960.00,0.00,38880.00,EUR,Partner,Completed
OL00003452,O0001933,2026-09-15,C00317,P0074,SR006,1,7920.00,0.00,7920.00,EUR,Partner,Completed
OL00003453,O0001933,2026-09-15,C00317,P0012,SR006,3,17550.00,0.15,44752.50,EUR,Partner,Completed
OL00003454,O0001933,2026-09-15,C00317,P0041,SR006,3,1237.50,0.15,3155.62,EUR,Partner,Completed
OL00003455,O0001934,2025-07-16,C00277,P0055,SR002,1,490.00,0.10,441.00,EUR,Direct,Completed
OL00003456,O0001934,2025-07-16,C00277,P0057,SR002,1,6480.00,0.15,5508.00,EUR,Direct,Completed
OL00003457,O0001935,2026-02-01,C00050,P0024,SR011,1,3375.00,0.10,3037.50,EUR,Direct,Completed
OL00003458,O0001935,2026-02-01,C00050,P0046,SR011,1,3200.00,0.10,2880.00,EUR,Direct,Completed
OL00003459,O0001936,2023-10-22,C00381,P0061,SR008,2,3200.00,0.15,5440.00,EUR,Direct,Completed
OL00003460,O0001936,2023-10-22,C00381,P0033,SR008,1,17550.00,0.10,15795.00,EUR,Direct,Completed
OL00003461,O0001937,2023-05-06,C00224,P0022,SR005,5,6500.00,0.00,32500.00,EUR,Direct,Completed
OL00003462,O0001937,2023-05-06,C00224,P0053,SR005,4,2062.50,0.05,7837.50,EUR,Direct,Completed
OL00003463,O0001938,2023-12-25,C00290,P0016,SR006,1,490.00,0.00,490.00,EUR,Partner,Returned
OL00003464,O0001938,2023-12-25,C00290,P0031,SR006,2,6500.00,0.10,11700.00,EUR,Partner,Returned
OL00003465,O0001938,2023-12-25,C00290,P0036,SR006,20,8640.00,0.10,155520.00,EUR,Partner,Returned
OL00003466,O0001938,2023-12-25,C00290,P0041,SR006,1,1237.50,0.00,1237.50,EUR,Partner,Returned
OL00003467,O0001939,2023-11-29,C00340,P0041,SR012,1,1237.50,0.10,0.00,EUR,Direct,Cancelled
OL00003468,O0001940,2023-01-31,C00460,P0033,SR006,2,17550.00,0.10,31590.00,EUR,Direct,Completed
OL00003469,O0001940,2023-01-31,C00460,P0026,SR006,1,2970.00,0.05,2821.50,EUR,Direct,Completed
OL00003470,O0001941,2023-01-27,C00197,P0030,SR002,2,6480.00,0.00,0.00,EUR,Direct,Cancelled
OL00003471,O0001941,2023-01-27,C00197,P0010,SR002,1,3200.00,0.00,0.00,EUR,Direct,Cancelled
OL00003472,O0001942,2024-04-09,C00003,P0057,SR002,5,6480.00,0.05,30780.00,EUR,Online,Completed
OL00003473,O0001942,2024-04-09,C00003,P0001,SR002,1,490.00,0.05,465.50,EUR,Online,Completed
OL00003474,O0001943,2023-11-06,C00276,P0075,SR007,1,6480.00,0.20,5184.00,EUR,Partner,Completed
OL00003475,O0001944,2026-02-25,C00259,P0056,SR005,10,7920.00,0.00,79200.00,EUR,Direct,Completed
OL00003476,O0001944,2026-02-25,C00259,P0002,SR005,2,1633.50,0.00,3267.00,EUR,Direct,Completed
OL00003477,O0001945,2024-10-14,C00372,P0012,SR002,3,17550.00,0.15,44752.50,EUR,Direct,Completed
OL00003478,O0001945,2024-10-14,C00372,P0073,SR002,3,9000.00,0.05,25650.00,EUR,Direct,Completed
OL00003479,O0001945,2024-10-14,C00372,P0045,SR002,3,6480.00,0.15,16524.00,EUR,Direct,Completed
OL00003480,O0001946,2023-03-01,C00144,P0073,SR003,1,9000.00,0.05,8550.00,EUR,Direct,Completed
OL00003481,O0001947,2024-11-26,C00198,P0047,SR007,3,3960.00,0.10,10692.00,EUR,Direct,Completed
OL00003482,O0001947,2024-11-26,C00198,P0065,SR007,2,5280.00,0.00,10560.00,EUR,Direct,Completed
OL00003483,O0001948,2023-04-24,C00318,P0040,SR010,3,4800.00,0.05,13680.00,EUR,Partner,Completed
OL00003484,O0001948,2023-04-24,C00318,P0023,SR010,1,808.50,0.10,727.65,EUR,Partner,Completed
OL00003485,O0001948,2023-04-24,C00318,P0022,SR010,3,6500.00,0.05,18525.00,EUR,Partner,Completed
OL00003486,O0001949,2024-06-07,C00079,P0053,SR003,3,2062.50,0.10,5568.75,EUR,Online,Completed
OL00003487,O0001950,2023-12-18,C00237,P0071,SR005,1,808.50,0.05,768.07,EUR,Direct,Completed
OL00003488,O0001951,2023-05-15,C00078,P0001,SR011,1,490.00,0.00,490.00,EUR,Partner,Completed
OL00003489,O0001951,2023-05-15,C00078,P0051,SR011,1,12960.00,0.10,11664.00,EUR,Partner,Completed
OL00003490,O0001952,2024-04-16,C00003,P0056,SR010,1,7920.00,0.05,7524.00,EUR,Direct,Completed
OL00003491,O0001953,2023-02-02,C00391,P0019,SR011,1,3200.00,0.00,3200.00,EUR,Direct,Returned
OL00003492,O0001953,2023-02-02,C00391,P0073,SR011,1,9000.00,0.00,9000.00,EUR,Direct,Returned
OL00003493,O0001954,2026-08-08,C00058,P0044,SR005,1,14850.00,0.00,14850.00,EUR,Partner,Completed
OL00003494,O0001954,2026-08-08,C00058,P0015,SR005,2,17550.00,0.00,35100.00,EUR,Partner,Completed
OL00003495,O0001955,2024-06-14,C00052,P0061,SR010,20,3200.00,0.05,60800.00,EUR,Online,Completed
OL00003496,O0001956,2024-02-09,C00277,P0021,SR001,1,6480.00,0.05,6156.00,EUR,Partner,Completed
OL00003497,O0001957,2024-10-10,C00472,P0063,SR006,4,12960.00,0.10,46656.00,EUR,Direct,Completed
OL00003498,O0001958,2025-12-22,C00259,P0061,SR003,2,3200.00,0.10,5760.00,EUR,Direct,Completed
OL00003499,O0001959,2026-02-23,C00242,P0025,SR010,3,3200.00,0.05,0.00,EUR,Direct,Cancelled
OL00003500,O0001959,2026-02-23,C00242,P0026,SR010,1,2970.00,0.15,0.00,EUR,Direct,Cancelled
OL00003501,O0001959,2026-02-23,C00242,P0071,SR010,4,808.50,0.00,0.00,EUR,Direct,Cancelled
OL00003502,O0001960,2023-02-07,C00016,P0061,SR008,1,3200.00,0.10,0.00,EUR,Direct,Cancelled
OL00003503,O0001961,2023-02-23,C00007,P0058,SR004,1,2400.00,0.00,2400.00,EUR,Direct,Completed
OL00003504,O0001961,2023-02-23,C00007,P0002,SR004,2,1633.50,0.10,2940.30,EUR,Direct,Completed
OL00003505,O0001962,2023-10-15,C00368,P0004,SR007,1,6500.00,0.00,6500.00,EUR,Online,Returned
OL00003506,O0001962,2023-10-15,C00368,P0036,SR007,3,8640.00,0.00,25920.00,EUR,Online,Returned
OL00003507,O0001963,2024-07-22,C00258,P0024,SR012,1,3375.00,0.00,3375.00,EUR,Direct,Completed
OL00003508,O0001963,2024-07-22,C00258,P0030,SR012,1,6480.00,0.00,6480.00,EUR,Direct,Completed
OL00003509,O0001964,2024-10-21,C00015,P0021,SR002,1,6480.00,0.10,5832.00,EUR,Direct,Returned
OL00003510,O0001964,2024-10-21,C00015,P0074,SR002,3,7920.00,0.00,23760.00,EUR,Direct,Returned
OL00003511,O0001965,2023-10-24,C00291,P0054,SR011,5,17550.00,0.10,78975.00,EUR,Partner,Completed
OL00003512,O0001966,2025-10-16,C00275,P0065,SR002,4,5280.00,0.20,0.00,EUR,Direct,Cancelled
OL00003513,O0001966,2025-10-16,C00275,P0054,SR002,1,17550.00,0.00,0.00,EUR,Direct,Cancelled
OL00003514,O0001967,2025-07-13,C00311,P0037,SR003,2,4800.00,0.10,8640.00,EUR,Direct,Completed
OL00003515,O0001967,2025-07-13,C00311,P0055,SR003,1,490.00,0.20,392.00,EUR,Direct,Completed
OL00003516,O0001967,2025-07-13,C00311,P0045,SR003,5,6480.00,0.05,30780.00,EUR,Direct,Completed
OL00003517,O0001968,2025-07-22,C00126,P0025,SR007,1,3200.00,0.05,3040.00,EUR,Direct,Completed
OL00003518,O0001969,2023-03-28,C00068,P0038,SR010,5,2970.00,0.00,14850.00,EUR,Direct,Completed
OL00003519,O0001969,2023-03-28,C00068,P0075,SR010,2,6480.00,0.10,11664.00,EUR,Direct,Completed
OL00003520,O0001970,2023-12-25,C00166,P0029,SR008,2,14850.00,0.20,23760.00,EUR,Direct,Completed
OL00003521,O0001970,2023-12-25,C00166,P0035,SR008,3,1237.50,0.00,3712.50,EUR,Direct,Completed
OL00003522,O0001970,2023-12-25,C00166,P0030,SR008,20,6480.00,0.05,123120.00,EUR,Direct,Completed
OL00003523,O0001970,2023-12-25,C00166,P0011,SR008,4,808.50,0.00,3234.00,EUR,Direct,Completed
OL00003524,O0001971,2023-10-24,C00265,P0002,SR011,20,1633.50,0.15,27769.50,EUR,Partner,Completed
OL00003525,O0001971,2023-10-24,C00265,P0064,SR011,1,490.00,0.00,490.00,EUR,Partner,Completed
OL00003526,O0001972,2025-08-25,C00122,P0042,SR009,2,4860.00,0.10,8748.00,EUR,Direct,Completed
OL00003527,O0001972,2025-08-25,C00122,P0037,SR009,2,4800.00,0.00,9600.00,EUR,Direct,Completed
OL00003528,O0001973,2025-05-29,C00175,P0052,SR010,2,2400.00,0.00,4800.00,EUR,Partner,Completed
OL00003529,O0001974,2025-11-26,C00469,P0047,SR007,2,3960.00,0.00,7920.00,EUR,Partner,Completed
OL00003530,O0001975,2025-07-14,C00021,P0040,SR009,2,4800.00,0.00,9600.00,EUR,Partner,Completed
OL00003531,O0001975,2025-07-14,C00021,P0031,SR009,1,6500.00,0.05,6175.00,EUR,Partner,Completed
OL00003532,O0001976,2025-01-26,C00213,P0001,SR004,3,490.00,0.00,1470.00,EUR,Direct,Completed
OL00003533,O0001976,2025-01-26,C00213,P0064,SR004,10,490.00,0.20,3920.00,EUR,Direct,Completed
OL00003534,O0001976,2025-01-26,C00213,P0052,SR004,2,2400.00,0.00,4800.00,EUR,Direct,Completed
OL00003535,O0001977,2026-02-18,C00251,P0029,SR003,2,14850.00,0.00,29700.00,EUR,Direct,Completed
OL00003536,O0001977,2026-02-18,C00251,P0057,SR003,20,6480.00,0.05,123120.00,EUR,Direct,Completed
OL00003537,O0001978,2023-12-02,C00447,P0010,SR012,3,3200.00,0.00,9600.00,EUR,Partner,Completed
OL00003538,O0001979,2025-03-08,C00338,P0022,SR002,3,6500.00,0.00,19500.00,EUR,Direct,Completed
OL00003539,O0001980,2026-02-25,C00269,P0040,SR005,1,4800.00,0.00,4800.00,EUR,Online,Completed
OL00003540,O0001981,2024-03-09,C00066,P0019,SR009,1,3200.00,0.10,2880.00,EUR,Online,Completed
OL00003541,O0001982,2025-02-12,C00478,P0013,SR007,1,3200.00,0.00,3200.00,EUR,Online,Completed
OL00003542,O0001983,2026-06-20,C00156,P0042,SR004,1,4860.00,0.00,4860.00,EUR,Partner,Completed
OL00003543,O0001984,2023-07-21,C00314,P0034,SR009,1,490.00,0.00,490.00,EUR,Direct,Completed
OL00003544,O0001985,2026-06-26,C00301,P0016,SR010,20,490.00,0.15,8330.00,EUR,Direct,Completed
OL00003545,O0001986,2026-01-21,C00382,P0008,SR002,1,1237.50,0.00,1237.50,EUR,Direct,Completed
OL00003546,O0001987,2025-07-16,C00042,P0067,SR011,2,2400.00,0.10,4320.00,EUR,Online,Completed
OL00003547,O0001988,2026-09-21,C00500,P0066,SR009,2,3375.00,0.15,5737.50,EUR,Partner,Completed
OL00003548,O0001988,2026-09-21,C00500,P0008,SR009,2,1237.50,0.10,2227.50,EUR,Partner,Completed
OL00003549,O0001988,2026-09-21,C00500,P0003,SR009,1,8640.00,0.00,8640.00,EUR,Partner,Completed
OL00003550,O0001989,2024-10-13,C00023,P0012,SR005,5,17550.00,0.10,0.00,EUR,Partner,Cancelled
OL00003551,O0001990,2023-08-26,C00217,P0064,SR007,20,490.00,0.05,9310.00,EUR,Direct,Completed
OL00003552,O0001990,2023-08-26,C00217,P0042,SR007,3,4860.00,0.05,13851.00,EUR,Direct,Completed
OL00003553,O0001991,2026-06-18,C00389,P0006,SR004,3,3375.00,0.00,10125.00,EUR,Partner,Completed
OL00003554,O0001992,2023-09-18,C00453,P0009,SR011,10,24300.00,0.10,218700.00,EUR,Direct,Completed
OL00003555,O0001992,2023-09-18,C00453,P0020,SR011,3,14850.00,0.05,42322.50,EUR,Direct,Completed
OL00003556,O0001993,2025-08-20,C00247,P0026,SR012,3,2970.00,0.10,8019.00,EUR,Direct,Completed
OL00003557,O0001993,2025-08-20,C00247,P0039,SR012,5,12960.00,0.10,58320.00,EUR,Direct,Completed
OL00003558,O0001993,2025-08-20,C00247,P0021,SR012,20,6480.00,0.00,129600.00,EUR,Direct,Completed
OL00003559,O0001994,2024-01-27,C00109,P0055,SR008,5,490.00,0.00,2450.00,EUR,Online,Completed
OL00003560,O0001995,2026-08-14,C00495,P0028,SR007,2,750.00,0.00,1500.00,EUR,Direct,Completed
OL00003561,O0001995,2026-08-14,C00495,P0015,SR007,4,17550.00,0.00,70200.00,EUR,Direct,Completed
OL00003562,O0001996,2026-03-30,C00049,P0053,SR006,1,2062.50,0.15,1753.12,EUR,Direct,Completed
OL00003563,O0001996,2026-03-30,C00049,P0074,SR006,5,7920.00,0.00,39600.00,EUR,Direct,Completed
OL00003564,O0001997,2023-01-09,C00312,P0013,SR003,1,3200.00,0.00,3200.00,EUR,Direct,Completed
OL00003565,O0001998,2025-08-25,C00187,P0074,SR002,4,7920.00,0.00,31680.00,EUR,Partner,Returned
OL00003566,O0001999,2025-09-15,C00049,P0027,SR009,1,24300.00,0.10,21870.00,EUR,Online,Completed
OL00003567,O0002000,2025-09-04,C00025,P0054,SR007,4,17550.00,0.00,70200.00,EUR,Partner,Completed
OL00003568,O0002001,2023-10-16,C00341,P0046,SR009,2,3200.00,0.20,5120.00,EUR,Direct,Completed
OL00003569,O0002001,2023-10-16,C00341,P0040,SR009,2,4800.00,0.05,9120.00,EUR,Direct,Completed
OL00003570,O0002001,2023-10-16,C00341,P0072,SR009,2,2673.00,0.15,4544.10,EUR,Direct,Completed
OL00003571,O0002002,2026-01-03,C00013,P0005,SR006,2,10725.00,0.10,19305.00,EUR,Direct,Completed
OL00003572,O0002002,2026-01-03,C00013,P0009,SR006,2,24300.00,0.00,48600.00,EUR,Direct,Completed
OL00003573,O0002003,2025-08-07,C00403,P0075,SR001,2,6480.00,0.05,12312.00,EUR,Online,Completed
OL00003574,O0002003,2025-08-07,C00403,P0072,SR001,2,2673.00,0.00,5346.00,EUR,Online,Completed
OL00003575,O0002004,2023-08-20,C00139,P0032,SR003,1,2970.00,0.15,2524.50,EUR,Direct,Completed
OL00003576,O0002005,2024-02-02,C00382,P0008,SR005,2,1237.50,0.15,2103.75,EUR,Direct,Completed
OL00003577,O0002006,2024-03-02,C00372,P0072,SR010,1,2673.00,0.00,2673.00,EUR,Online,Completed
OL00003578,O0002006,2024-03-02,C00372,P0041,SR010,2,1237.50,0.00,2475.00,EUR,Online,Completed
OL00003579,O0002007,2024-09-28,C00484,P0011,SR011,3,808.50,0.15,0.00,EUR,Direct,Cancelled
OL00003580,O0002007,2024-09-28,C00484,P0008,SR011,1,1237.50,0.15,0.00,EUR,Direct,Cancelled
OL00003581,O0002007,2024-09-28,C00484,P0068,SR011,3,1237.50,0.00,0.00,EUR,Direct,Cancelled
OL00003582,O0002008,2023-08-06,C00421,P0051,SR001,4,12960.00,0.05,49248.00,EUR,Direct,Completed
OL00003583,O0002009,2024-05-30,C00112,P0074,SR008,2,7920.00,0.00,15840.00,EUR,Direct,Completed
OL00003584,O0002010,2023-03-17,C00455,P0041,SR009,10,1237.50,0.00,12375.00,EUR,Partner,Completed
OL00003585,O0002010,2023-03-17,C00455,P0003,SR009,2,8640.00,0.15,14688.00,EUR,Partner,Completed
OL00003586,O0002010,2023-03-17,C00455,P0008,SR009,2,1237.50,0.15,2103.75,EUR,Partner,Completed
OL00003587,O0002011,2023-11-10,C00490,P0033,SR012,1,17550.00,0.10,15795.00,EUR,Online,Completed
OL00003588,O0002012,2025-03-27,C00427,P0062,SR007,4,7920.00,0.00,31680.00,EUR,Partner,Completed
OL00003589,O0002013,2026-09-09,C00266,P0046,SR001,1,3200.00,0.00,3200.00,EUR,Direct,Completed
OL00003590,O0002013,2026-09-09,C00266,P0022,SR001,4,6500.00,0.10,23400.00,EUR,Direct,Completed
OL00003591,O0002013,2026-09-09,C00266,P0045,SR001,3,6480.00,0.10,17496.00,EUR,Direct,Completed
OL00003592,O0002013,2026-09-09,C00266,P0044,SR001,5,14850.00,0.00,74250.00,EUR,Direct,Completed
OL00003593,O0002014,2025-05-13,C00178,P0021,SR011,1,6480.00,0.05,6156.00,EUR,Direct,Completed
OL00003594,O0002014,2025-05-13,C00178,P0033,SR011,4,17550.00,0.10,63180.00,EUR,Direct,Completed
OL00003595,O0002015,2023-12-25,C00485,P0048,SR011,1,17550.00,0.00,17550.00,EUR,Direct,Completed
OL00003596,O0002016,2026-03-27,C00313,P0047,SR012,5,3960.00,0.10,17820.00,EUR,Partner,Completed
OL00003597,O0002017,2024-12-13,C00224,P0006,SR012,1,3375.00,0.00,3375.00,EUR,Direct,Completed
OL00003598,O0002017,2024-12-13,C00224,P0048,SR012,2,17550.00,0.00,35100.00,EUR,Direct,Completed
OL00003599,O0002018,2023-10-26,C00489,P0016,SR005,4,490.00,0.05,1862.00,EUR,Direct,Completed
OL00003600,O0002019,2023-09-04,C00168,P0026,SR008,1,2970.00,0.15,2524.50,EUR,Online,Completed
OL00003601,O0002019,2023-09-04,C00168,P0054,SR008,3,17550.00,0.10,47385.00,EUR,Online,Completed
OL00003602,O0002019,2023-09-04,C00168,P0018,SR008,2,1323.00,0.00,2646.00,EUR,Online,Completed
OL00003603,O0002020,2024-07-20,C00254,P0044,SR003,10,14850.00,0.00,148500.00,EUR,Partner,Completed
OL00003604,O0002020,2024-07-20,C00254,P0026,SR003,20,2970.00,0.10,53460.00,EUR,Partner,Completed
OL00003605,O0002020,2024-07-20,C00254,P0073,SR003,4,9000.00,0.00,36000.00,EUR,Partner,Completed
OL00003606,O0002021,2023-05-29,C00324,P0040,SR008,5,4800.00,0.10,21600.00,EUR,Partner,Completed
OL00003607,O0002022,2024-12-25,C00056,P0066,SR009,3,3375.00,0.00,10125.00,EUR,Partner,Completed
OL00003608,O0002022,2024-12-25,C00056,P0065,SR009,1,5280.00,0.20,4224.00,EUR,Partner,Completed
OL00003609,O0002023,2024-08-10,C00326,P0039,SR010,4,12960.00,0.00,51840.00,EUR,Partner,Completed
OL00003610,O0002023,2024-08-10,C00326,P0056,SR010,20,7920.00,0.10,142560.00,EUR,Partner,Completed
OL00003611,O0002023,2024-08-10,C00326,P0040,SR010,1,4800.00,0.05,4560.00,EUR,Partner,Completed
OL00003612,O0002023,2024-08-10,C00326,P0047,SR010,1,3960.00,0.00,3960.00,EUR,Partner,Completed
OL00003613,O0002024,2025-09-11,C00496,P0042,SR002,5,4860.00,0.00,24300.00,EUR,Partner,Completed
OL00003614,O0002025,2025-04-25,C00036,P0020,SR006,3,14850.00,0.10,40095.00,EUR,Online,Completed
OL00003615,O0002025,2025-04-25,C00036,P0021,SR006,2,6480.00,0.10,11664.00,EUR,Online,Completed
OL00003616,O0002025,2025-04-25,C00036,P0006,SR006,4,3375.00,0.15,11475.00,EUR,Online,Completed
OL00003617,O0002026,2023-05-16,C00474,P0041,SR006,2,1237.50,0.00,2475.00,EUR,Direct,Completed
OL00003618,O0002027,2024-11-21,C00425,P0064,SR010,5,490.00,0.05,2327.50,EUR,Partner,Completed
OL00003619,O0002027,2024-11-21,C00425,P0058,SR010,1,2400.00,0.00,2400.00,EUR,Partner,Completed
OL00003620,O0002028,2026-07-16,C00023,P0030,SR003,2,6480.00,0.00,12960.00,EUR,Direct,Completed
OL00003621,O0002029,2025-03-18,C00429,P0049,SR005,1,1250.00,0.00,1250.00,EUR,Direct,Returned
OL00003622,O0002029,2025-03-18,C00429,P0055,SR005,3,490.00,0.00,1470.00,EUR,Direct,Returned
OL00003623,O0002030,2023-09-09,C00003,P0015,SR003,1,17550.00,0.00,17550.00,EUR,Online,Completed
OL00003624,O0002030,2023-09-09,C00003,P0073,SR003,1,9000.00,0.00,9000.00,EUR,Online,Completed
OL00003625,O0002031,2024-05-23,C00387,P0005,SR009,20,10725.00,0.10,193050.00,EUR,Partner,Completed
OL00003626,O0002032,2024-07-14,C00067,P0009,SR003,2,24300.00,0.00,0.00,EUR,Direct,Cancelled
OL00003627,O0002032,2024-07-14,C00067,P0043,SR003,2,490.00,0.00,0.00,EUR,Direct,Cancelled
OL00003628,O0002032,2024-07-14,C00067,P0014,SR003,1,7920.00,0.00,0.00,EUR,Direct,Cancelled
OL00003629,O0002032,2024-07-14,C00067,P0072,SR003,20,2673.00,0.00,0.00,EUR,Direct,Cancelled
OL00003630,O0002033,2024-07-08,C00431,P0019,SR012,4,3200.00,0.20,10240.00,EUR,Partner,Completed
OL00003631,O0002033,2024-07-08,C00431,P0044,SR012,4,14850.00,0.05,56430.00,EUR,Partner,Completed
OL00003632,O0002033,2024-07-08,C00431,P0030,SR012,1,6480.00,0.00,6480.00,EUR,Partner,Completed
OL00003633,O0002034,2024-08-13,C00430,P0068,SR001,1,1237.50,0.00,1237.50,EUR,Partner,Completed
OL00003634,O0002034,2024-08-13,C00430,P0051,SR001,1,12960.00,0.10,11664.00,EUR,Partner,Completed
OL00003635,O0002034,2024-08-13,C00430,P0030,SR001,3,6480.00,0.00,19440.00,EUR,Partner,Completed
OL00003636,O0002035,2024-09-13,C00425,P0004,SR007,1,6500.00,0.20,0.00,EUR,Partner,Cancelled
OL00003637,O0002036,2025-11-19,C00333,P0052,SR008,2,2400.00,0.10,4320.00,EUR,Direct,Returned
OL00003638,O0002037,2024-08-21,C00308,P0053,SR007,1,2062.50,0.00,2062.50,EUR,Partner,Completed
OL00003639,O0002038,2023-09-20,C00439,P0046,SR009,3,3200.00,0.05,9120.00,EUR,Direct,Completed
OL00003640,O0002039,2025-02-04,C00460,P0056,SR007,5,7920.00,0.00,39600.00,EUR,Direct,Completed
OL00003641,O0002040,2023-01-20,C00301,P0031,SR009,1,6500.00,0.00,6500.00,EUR,Partner,Returned
OL00003642,O0002041,2023-01-21,C00334,P0070,SR007,3,750.00,0.05,2137.50,EUR,Partner,Completed
OL00003643,O0002041,2023-01-21,C00334,P0008,SR007,1,1237.50,0.00,1237.50,EUR,Partner,Completed
OL00003644,O0002041,2023-01-21,C00334,P0007,SR007,3,9000.00,0.05,25650.00,EUR,Partner,Completed
OL00003645,O0002042,2025-01-07,C00173,P0069,SR004,3,12960.00,0.10,34992.00,EUR,Direct,Completed
OL00003646,O0002043,2026-08-26,C00256,P0008,SR002,1,1237.50,0.05,1175.62,EUR,Direct,Completed
OL00003647,O0002043,2026-08-26,C00256,P0042,SR002,1,4860.00,0.00,4860.00,EUR,Direct,Completed
OL00003648,O0002044,2023-05-10,C00233,P0009,SR008,2,24300.00,0.00,0.00,EUR,Direct,Cancelled
OL00003649,O0002044,2023-05-10,C00233,P0064,SR008,3,490.00,0.10,0.00,EUR,Direct,Cancelled
OL00003650,O0002045,2023-10-15,C00035,P0026,SR008,4,2970.00,0.00,11880.00,EUR,Direct,Completed
OL00003651,O0002045,2023-10-15,C00035,P0074,SR008,1,7920.00,0.10,7128.00,EUR,Direct,Completed
OL00003652,O0002046,2024-09-04,C00214,P0038,SR001,2,2970.00,0.10,5346.00,EUR,Direct,Completed
OL00003653,O0002047,2024-04-30,C00177,P0059,SR010,3,14850.00,0.00,44550.00,EUR,Direct,Completed
OL00003654,O0002047,2024-04-30,C00177,P0036,SR010,1,8640.00,0.15,7344.00,EUR,Direct,Completed
OL00003655,O0002048,2024-01-09,C00413,P0028,SR005,2,750.00,0.00,1500.00,EUR,Online,Returned
OL00003656,O0002048,2024-01-09,C00413,P0066,SR005,2,3375.00,0.00,6750.00,EUR,Online,Returned
OL00003657,O0002048,2024-01-09,C00413,P0003,SR005,2,8640.00,0.00,17280.00,EUR,Online,Returned
OL00003658,O0002048,2024-01-09,C00413,P0010,SR005,2,3200.00,0.10,5760.00,EUR,Online,Returned
OL00003659,O0002049,2025-10-08,C00138,P0013,SR009,5,3200.00,0.05,15200.00,EUR,Direct,Completed
OL00003660,O0002050,2024-04-24,C00299,P0011,SR005,1,808.50,0.00,808.50,EUR,Partner,Completed
OL00003661,O0002051,2024-02-03,C00146,P0019,SR008,5,3200.00,0.15,0.00,EUR,Direct,Cancelled
OL00003662,O0002051,2024-02-03,C00146,P0073,SR008,2,9000.00,0.10,0.00,EUR,Direct,Cancelled
OL00003663,O0002052,2024-10-23,C00453,P0045,SR011,2,6480.00,0.10,0.00,EUR,Direct,Cancelled
OL00003664,O0002052,2024-10-23,C00453,P0049,SR011,10,1250.00,0.00,0.00,EUR,Direct,Cancelled
OL00003665,O0002053,2025-10-17,C00080,P0005,SR008,10,10725.00,0.00,107250.00,EUR,Direct,Completed
OL00003666,O0002053,2025-10-17,C00080,P0055,SR008,1,490.00,0.00,490.00,EUR,Direct,Completed
OL00003667,O0002054,2026-03-05,C00155,P0044,SR009,1,14850.00,0.00,14850.00,EUR,Partner,Completed
OL00003668,O0002055,2023-08-06,C00485,P0072,SR002,1,2673.00,0.15,2272.05,EUR,Direct,Completed
OL00003669,O0002055,2023-08-06,C00485,P0067,SR002,1,2400.00,0.10,2160.00,EUR,Direct,Completed
OL00003670,O0002055,2023-08-06,C00485,P0012,SR002,1,17550.00,0.00,17550.00,EUR,Direct,Completed
OL00003671,O0002056,2025-12-02,C00403,P0049,SR001,1,1250.00,0.00,1250.00,EUR,Partner,Completed
OL00003672,O0002057,2024-02-23,C00313,P0067,SR010,1,2400.00,0.15,2040.00,EUR,Partner,Completed
OL00003673,O0002057,2024-02-23,C00313,P0028,SR010,20,750.00,0.00,15000.00,EUR,Partner,Completed
OL00003674,O0002058,2026-03-31,C00041,P0015,SR002,2,17550.00,0.00,35100.00,EUR,Online,Completed
OL00003675,O0002058,2026-03-31,C00041,P0040,SR002,1,4800.00,0.10,4320.00,EUR,Online,Completed
OL00003676,O0002059,2023-06-15,C00159,P0016,SR002,3,490.00,0.00,1470.00,EUR,Direct,Completed
OL00003677,O0002059,2023-06-15,C00159,P0003,SR002,1,8640.00,0.05,8208.00,EUR,Direct,Completed
OL00003678,O0002060,2026-02-16,C00148,P0040,SR004,1,4800.00,0.10,4320.00,EUR,Direct,Completed
OL00003679,O0002060,2026-02-16,C00148,P0021,SR004,1,6480.00,0.10,5832.00,EUR,Direct,Completed
OL00003680,O0002060,2026-02-16,C00148,P0067,SR004,2,2400.00,0.00,4800.00,EUR,Direct,Completed
OL00003681,O0002061,2023-02-21,C00466,P0051,SR012,1,12960.00,0.00,12960.00,EUR,Direct,Completed
OL00003682,O0002061,2023-02-21,C00466,P0026,SR012,1,2970.00,0.15,2524.50,EUR,Direct,Completed
OL00003683,O0002062,2024-03-22,C00075,P0075,SR012,1,6480.00,0.00,0.00,EUR,Online,Cancelled
OL00003684,O0002063,2024-11-22,C00412,P0054,SR012,4,17550.00,0.10,63180.00,EUR,Direct,Completed
OL00003685,O0002063,2024-11-22,C00412,P0031,SR012,3,6500.00,0.05,18525.00,EUR,Direct,Completed
OL00003686,O0002063,2024-11-22,C00412,P0041,SR012,2,1237.50,0.00,2475.00,EUR,Direct,Completed
OL00003687,O0002064,2024-10-09,C00474,P0065,SR010,1,5280.00,0.05,5016.00,EUR,Direct,Completed
OL00003688,O0002064,2024-10-09,C00474,P0055,SR010,1,490.00,0.10,441.00,EUR,Direct,Completed
OL00003689,O0002065,2023-07-20,C00401,P0030,SR002,1,6480.00,0.15,5508.00,EUR,Online,Completed
OL00003690,O0002066,2023-01-20,C00181,P0021,SR004,3,6480.00,0.15,16524.00,EUR,Direct,Completed
OL00003691,O0002066,2023-01-20,C00181,P0063,SR004,1,12960.00,0.00,12960.00,EUR,Direct,Completed
OL00003692,O0002067,2025-07-08,C00091,P0029,SR004,10,14850.00,0.00,148500.00,EUR,Direct,Completed
OL00003693,O0002068,2024-01-24,C00007,P0012,SR005,5,17550.00,0.10,78975.00,EUR,Partner,Completed
OL00003694,O0002069,2024-12-15,C00400,P0015,SR007,2,17550.00,0.00,35100.00,EUR,Online,Completed
OL00003695,O0002069,2024-12-15,C00400,P0049,SR007,5,1250.00,0.00,6250.00,EUR,Online,Completed
OL00003696,O0002070,2023-09-18,C00118,P0016,SR003,1,490.00,0.10,441.00,EUR,Direct,Returned
OL00003697,O0002070,2023-09-18,C00118,P0064,SR003,3,490.00,0.05,1396.50,EUR,Direct,Returned
OL00003698,O0002071,2026-01-12,C00168,P0063,SR006,3,12960.00,0.00,38880.00,EUR,Direct,Returned
OL00003699,O0002071,2026-01-12,C00168,P0011,SR006,3,808.50,0.00,2425.50,EUR,Direct,Returned
OL00003700,O0002072,2025-07-22,C00060,P0036,SR005,2,8640.00,0.00,17280.00,EUR,Partner,Completed
OL00003701,O0002072,2025-07-22,C00060,P0025,SR005,1,3200.00,0.05,3040.00,EUR,Partner,Completed
OL00003702,O0002072,2025-07-22,C00060,P0066,SR005,3,3375.00,0.00,10125.00,EUR,Partner,Completed
OL00003703,O0002073,2025-12-11,C00334,P0068,SR001,3,1237.50,0.00,3712.50,EUR,Online,Completed
OL00003704,O0002073,2025-12-11,C00334,P0012,SR001,1,17550.00,0.20,14040.00,EUR,Online,Completed
OL00003705,O0002073,2025-12-11,C00334,P0019,SR001,1,3200.00,0.00,3200.00,EUR,Online,Completed
OL00003706,O0002074,2025-08-04,C00309,P0043,SR007,1,490.00,0.10,441.00,EUR,Direct,Completed
OL00003707,O0002074,2025-08-04,C00309,P0002,SR007,5,1633.50,0.05,7759.12,EUR,Direct,Completed
OL00003708,O0002074,2025-08-04,C00309,P0041,SR007,1,1237.50,0.00,1237.50,EUR,Direct,Completed
OL00003709,O0002075,2026-08-29,C00375,P0004,SR012,4,6500.00,0.10,23400.00,EUR,Direct,Completed
OL00003710,O0002076,2023-11-21,C00297,P0064,SR006,1,490.00,0.00,0.00,EUR,Online,Cancelled
OL00003711,O0002077,2024-09-30,C00259,P0048,SR007,5,17550.00,0.10,78975.00,EUR,Direct,Completed
OL00003712,O0002078,2024-04-20,C00225,P0006,SR011,1,3375.00,0.10,3037.50,EUR,Direct,Completed
OL00003713,O0002079,2025-06-20,C00062,P0016,SR011,1,490.00,0.00,490.00,EUR,Partner,Completed
OL00003714,O0002079,2025-06-20,C00062,P0008,SR011,1,1237.50,0.00,1237.50,EUR,Partner,Completed
OL00003715,O0002080,2023-04-08,C00420,P0001,SR009,1,490.00,0.15,416.50,EUR,Direct,Completed
OL00003716,O0002081,2026-08-08,C00177,P0056,SR007,3,7920.00,0.00,23760.00,EUR,Direct,Returned
OL00003717,O0002081,2026-08-08,C00177,P0060,SR007,1,17550.00,0.10,15795.00,EUR,Direct,Returned
OL00003718,O0002082,2026-08-21,C00427,P0043,SR004,2,490.00,0.10,882.00,EUR,Direct,Completed
OL00003719,O0002083,2025-01-23,C00105,P0003,SR010,3,8640.00,0.10,23328.00,EUR,Partner,Completed
OL00003720,O0002084,2024-03-17,C00057,P0049,SR004,2,1250.00,0.00,2500.00,EUR,Direct,Completed
OL00003721,O0002085,2023-03-22,C00104,P0016,SR010,2,490.00,0.05,931.00,EUR,Direct,Completed
OL00003722,O0002086,2024-09-04,C00032,P0043,SR010,3,490.00,0.10,1323.00,EUR,Partner,Completed
OL00003723,O0002086,2024-09-04,C00032,P0003,SR010,1,8640.00,0.20,6912.00,EUR,Partner,Completed
OL00003724,O0002087,2025-12-01,C00373,P0015,SR008,2,17550.00,0.10,31590.00,EUR,Direct,Completed
OL00003725,O0002088,2026-01-21,C00467,P0017,SR004,1,5280.00,0.00,5280.00,EUR,Direct,Completed
OL00003726,O0002089,2023-03-06,C00094,P0069,SR008,1,12960.00,0.05,12312.00,EUR,Direct,Returned
OL00003727,O0002089,2023-03-06,C00094,P0041,SR008,2,1237.50,0.05,2351.25,EUR,Direct,Returned
OL00003728,O0002089,2023-03-06,C00094,P0040,SR008,1,4800.00,0.15,4080.00,EUR,Direct,Returned
OL00003729,O0002090,2024-05-29,C00198,P0063,SR004,1,12960.00,0.00,12960.00,EUR,Direct,Completed
OL00003730,O0002090,2024-05-29,C00198,P0002,SR004,1,1633.50,0.05,1551.82,EUR,Direct,Completed
OL00003731,O0002090,2024-05-29,C00198,P0047,SR004,5,3960.00,0.05,18810.00,EUR,Direct,Completed
OL00003732,O0002091,2023-05-25,C00486,P0003,SR002,1,8640.00,0.00,8640.00,EUR,Direct,Completed
OL00003733,O0002092,2023-09-12,C00330,P0025,SR010,2,3200.00,0.15,5440.00,EUR,Direct,Completed
OL00003734,O0002092,2023-09-12,C00330,P0043,SR010,1,490.00,0.00,490.00,EUR,Direct,Completed
OL00003735,O0002092,2023-09-12,C00330,P0005,SR010,2,10725.00,0.00,21450.00,EUR,Direct,Completed
OL00003736,O0002093,2026-09-05,C00181,P0026,SR006,1,2970.00,0.05,2821.50,EUR,Partner,Completed
OL00003737,O0002093,2026-09-05,C00181,P0012,SR006,20,17550.00,0.05,333450.00,EUR,Partner,Completed
OL00003738,O0002094,2025-09-04,C00086,P0016,SR004,4,490.00,0.05,1862.00,EUR,Direct,Completed
OL00003739,O0002095,2026-05-07,C00481,P0034,SR011,3,490.00,0.00,1470.00,EUR,Direct,Completed
OL00003740,O0002096,2026-03-19,C00464,P0050,SR007,2,2062.50,0.00,4125.00,EUR,Direct,Completed
OL00003741,O0002097,2024-06-28,C00147,P0041,SR001,2,1237.50,0.05,2351.25,EUR,Direct,Completed
OL00003742,O0002097,2024-06-28,C00147,P0040,SR001,2,4800.00,0.00,9600.00,EUR,Direct,Completed
OL00003743,O0002097,2024-06-28,C00147,P0065,SR001,1,5280.00,0.10,4752.00,EUR,Direct,Completed
OL00003744,O0002098,2023-11-14,C00159,P0048,SR003,1,17550.00,0.10,15795.00,EUR,Online,Completed
OL00003745,O0002099,2024-07-11,C00416,P0071,SR002,10,808.50,0.10,7276.50,EUR,Online,Completed
OL00003746,O0002100,2024-01-11,C00236,P0014,SR009,1,7920.00,0.10,7128.00,EUR,Direct,Completed
OL00003747,O0002100,2024-01-11,C00236,P0002,SR009,10,1633.50,0.00,16335.00,EUR,Direct,Completed
OL00003748,O0002100,2024-01-11,C00236,P0020,SR009,10,14850.00,0.10,133650.00,EUR,Direct,Completed
OL00003749,O0002101,2026-08-08,C00117,P0018,SR006,2,1323.00,0.05,2513.70,EUR,Direct,Completed
OL00003750,O0002102,2023-05-31,C00302,P0013,SR010,2,3200.00,0.15,5440.00,EUR,Direct,Completed
OL00003751,O0002103,2026-01-25,C00031,P0014,SR012,4,7920.00,0.15,26928.00,EUR,Partner,Completed
OL00003752,O0002104,2025-01-05,C00242,P0068,SR007,1,1237.50,0.15,1051.88,EUR,Partner,Completed
OL00003753,O0002105,2023-03-18,C00172,P0032,SR009,10,2970.00,0.15,25245.00,EUR,Direct,Completed
OL00003754,O0002105,2023-03-18,C00172,P0065,SR009,2,5280.00,0.10,9504.00,EUR,Direct,Completed
OL00003755,O0002106,2024-10-30,C00199,P0034,SR008,1,490.00,0.00,490.00,EUR,Online,Completed
OL00003756,O0002107,2023-01-23,C00460,P0006,SR010,4,3375.00,0.05,12825.00,EUR,Online,Completed
OL00003757,O0002108,2026-05-05,C00106,P0048,SR005,2,17550.00,0.00,35100.00,EUR,Partner,Completed
OL00003758,O0002108,2026-05-05,C00106,P0015,SR005,10,17550.00,0.05,166725.00,EUR,Partner,Completed
OL00003759,O0002109,2026-04-20,C00443,P0059,SR010,2,14850.00,0.05,28215.00,EUR,Direct,Completed
OL00003760,O0002109,2026-04-20,C00443,P0042,SR010,3,4860.00,0.05,13851.00,EUR,Direct,Completed
OL00003761,O0002109,2026-04-20,C00443,P0026,SR010,3,2970.00,0.10,8019.00,EUR,Direct,Completed
OL00003762,O0002110,2025-06-06,C00183,P0058,SR011,2,2400.00,0.00,4800.00,EUR,Online,Completed
OL00003763,O0002111,2025-02-11,C00279,P0072,SR009,2,2673.00,0.10,4811.40,EUR,Direct,Completed
OL00003764,O0002112,2024-01-24,C00050,P0072,SR001,2,2673.00,0.00,5346.00,EUR,Partner,Returned
OL00003765,O0002113,2026-03-04,C00477,P0052,SR002,5,2400.00,0.10,10800.00,EUR,Online,Completed
OL00003766,O0002114,2025-07-09,C00363,P0052,SR002,4,2400.00,0.05,9120.00,EUR,Partner,Completed
OL00003767,O0002114,2025-07-09,C00363,P0008,SR002,1,1237.50,0.10,1113.75,EUR,Partner,Completed
OL00003768,O0002114,2025-07-09,C00363,P0075,SR002,1,6480.00,0.15,5508.00,EUR,Partner,Completed
OL00003769,O0002115,2026-01-13,C00058,P0066,SR009,1,3375.00,0.05,3206.25,EUR,Direct,Returned
OL00003770,O0002116,2023-01-22,C00129,P0064,SR007,4,490.00,0.20,1568.00,EUR,Direct,Completed
OL00003771,O0002117,2025-03-27,C00184,P0043,SR010,20,490.00,0.10,8820.00,EUR,Partner,Completed
OL00003772,O0002118,2023-05-22,C00453,P0071,SR006,4,808.50,0.10,2910.60,EUR,Direct,Returned
OL00003773,O0002119,2025-02-14,C00183,P0001,SR005,4,490.00,0.05,1862.00,EUR,Partner,Completed
OL00003774,O0002120,2025-02-17,C00132,P0035,SR002,1,1237.50,0.00,1237.50,EUR,Direct,Completed
OL00003775,O0002120,2025-02-17,C00132,P0065,SR002,2,5280.00,0.15,8976.00,EUR,Direct,Completed
OL00003776,O0002120,2025-02-17,C00132,P0017,SR002,1,5280.00,0.00,5280.00,EUR,Direct,Completed
OL00003777,O0002120,2025-02-17,C00132,P0061,SR002,10,3200.00,0.00,32000.00,EUR,Direct,Completed
OL00003778,O0002121,2023-07-03,C00175,P0066,SR010,1,3375.00,0.10,3037.50,EUR,Online,Returned
OL00003779,O0002122,2023-10-01,C00485,P0030,SR001,2,6480.00,0.00,12960.00,EUR,Partner,Completed
OL00003780,O0002123,2023-05-28,C00466,P0031,SR010,1,6500.00,0.15,5525.00,EUR,Direct,Completed
OL00003781,O0002123,2023-05-28,C00466,P0018,SR010,2,1323.00,0.00,2646.00,EUR,Direct,Completed
OL00003782,O0002124,2025-01-15,C00403,P0058,SR012,3,2400.00,0.00,7200.00,EUR,Online,Completed
OL00003783,O0002124,2025-01-15,C00403,P0029,SR012,3,14850.00,0.20,35640.00,EUR,Online,Completed
OL00003784,O0002125,2023-05-19,C00215,P0062,SR007,2,7920.00,0.00,15840.00,EUR,Direct,Completed
OL00003785,O0002125,2023-05-19,C00215,P0038,SR007,1,2970.00,0.00,2970.00,EUR,Direct,Completed
OL00003786,O0002125,2023-05-19,C00215,P0025,SR007,1,3200.00,0.05,3040.00,EUR,Direct,Completed
OL00003787,O0002126,2024-12-31,C00158,P0069,SR007,2,12960.00,0.00,25920.00,EUR,Direct,Completed
OL00003788,O0002126,2024-12-31,C00158,P0052,SR007,2,2400.00,0.05,4560.00,EUR,Direct,Completed
OL00003789,O0002127,2023-09-20,C00196,P0070,SR008,1,750.00,0.00,0.00,EUR,Partner,Cancelled
OL00003790,O0002128,2023-07-04,C00258,P0063,SR005,1,12960.00,0.00,12960.00,EUR,Direct,Completed
OL00003791,O0002128,2023-07-04,C00258,P0055,SR005,4,490.00,0.00,1960.00,EUR,Direct,Completed
OL00003792,O0002129,2023-06-30,C00175,P0008,SR012,1,1237.50,0.00,1237.50,EUR,Direct,Completed
OL00003793,O0002130,2026-05-27,C00477,P0075,SR009,2,6480.00,0.05,12312.00,EUR,Direct,Completed
OL00003794,O0002130,2026-05-27,C00477,P0031,SR009,1,6500.00,0.10,5850.00,EUR,Direct,Completed
OL00003795,O0002131,2023-12-01,C00382,P0043,SR006,4,490.00,0.20,0.00,EUR,Direct,Cancelled
OL00003796,O0002132,2025-03-23,C00272,P0032,SR008,1,2970.00,0.15,2524.50,EUR,Online,Completed
OL00003797,O0002132,2025-03-23,C00272,P0063,SR008,3,12960.00,0.05,36936.00,EUR,Online,Completed
OL00003798,O0002132,2025-03-23,C00272,P0067,SR008,4,2400.00,0.10,8640.00,EUR,Online,Completed
OL00003799,O0002133,2025-09-25,C00142,P0028,SR011,2,750.00,0.10,1350.00,EUR,Direct,Completed
OL00003800,O0002133,2025-09-25,C00142,P0020,SR011,1,14850.00,0.00,14850.00,EUR,Direct,Completed
OL00003801,O0002133,2025-09-25,C00142,P0015,SR011,1,17550.00,0.05,16672.50,EUR,Direct,Completed
OL00003802,O0002134,2026-06-16,C00075,P0048,SR009,2,17550.00,0.15,0.00,EUR,Partner,Cancelled
OL00003803,O0002135,2024-06-03,C00157,P0073,SR005,1,9000.00,0.10,0.00,EUR,Direct,Cancelled
OL00003804,O0002136,2023-11-04,C00377,P0006,SR003,2,3375.00,0.00,6750.00,EUR,Online,Completed
OL00003805,O0002137,2024-02-01,C00077,P0058,SR004,1,2400.00,0.10,0.00,EUR,Direct,Cancelled
OL00003806,O0002138,2026-05-09,C00192,P0010,SR001,3,3200.00,0.05,9120.00,EUR,Direct,Completed
OL00003807,O0002138,2026-05-09,C00192,P0057,SR001,4,6480.00,0.00,25920.00,EUR,Direct,Completed
OL00003808,O0002139,2025-01-15,C00006,P0034,SR010,2,490.00,0.10,882.00,EUR,Direct,Completed
OL00003809,O0002139,2025-01-15,C00006,P0071,SR010,3,808.50,0.00,2425.50,EUR,Direct,Completed
OL00003810,O0002139,2025-01-15,C00006,P0074,SR010,1,7920.00,0.05,7524.00,EUR,Direct,Completed
OL00003811,O0002140,2026-04-21,C00096,P0055,SR008,2,490.00,0.00,980.00,EUR,Online,Completed
OL00003812,O0002141,2024-11-06,C00476,P0051,SR003,1,12960.00,0.00,12960.00,EUR,Partner,Completed
OL00003813,O0002141,2024-11-06,C00476,P0022,SR003,2,6500.00,0.05,12350.00,EUR,Partner,Completed
OL00003814,O0002141,2024-11-06,C00476,P0019,SR003,3,3200.00,0.20,7680.00,EUR,Partner,Completed
OL00003815,O0002141,2024-11-06,C00476,P0062,SR003,2,7920.00,0.15,13464.00,EUR,Partner,Completed
OL00003816,O0002142,2024-12-04,C00327,P0050,SR009,4,2062.50,0.10,7425.00,EUR,Online,Completed
OL00003817,O0002143,2025-02-15,C00220,P0052,SR003,1,2400.00,0.10,2160.00,EUR,Direct,Completed
OL00003818,O0002143,2025-02-15,C00220,P0059,SR003,3,14850.00,0.10,40095.00,EUR,Direct,Completed
OL00003819,O0002143,2025-02-15,C00220,P0072,SR003,3,2673.00,0.10,7217.10,EUR,Direct,Completed
OL00003820,O0002143,2025-02-15,C00220,P0056,SR003,2,7920.00,0.00,15840.00,EUR,Direct,Completed
OL00003821,O0002144,2023-03-04,C00366,P0015,SR012,5,17550.00,0.10,78975.00,EUR,Direct,Completed
OL00003822,O0002145,2023-12-29,C00067,P0061,SR010,5,3200.00,0.05,15200.00,EUR,Partner,Completed
OL00003823,O0002145,2023-12-29,C00067,P0027,SR010,2,24300.00,0.00,48600.00,EUR,Partner,Completed
OL00003824,O0002146,2024-04-05,C00246,P0008,SR002,1,1237.50,0.00,1237.50,EUR,Online,Completed
OL00003825,O0002147,2025-07-23,C00038,P0029,SR007,1,14850.00,0.15,12622.50,EUR,Partner,Completed
OL00003826,O0002148,2023-11-23,C00439,P0075,SR008,4,6480.00,0.00,25920.00,EUR,Partner,Completed
OL00003827,O0002148,2023-11-23,C00439,P0006,SR008,2,3375.00,0.00,6750.00,EUR,Partner,Completed
OL00003828,O0002148,2023-11-23,C00439,P0062,SR008,2,7920.00,0.15,13464.00,EUR,Partner,Completed
OL00003829,O0002149,2025-12-12,C00408,P0073,SR007,3,9000.00,0.05,25650.00,EUR,Online,Completed
OL00003830,O0002149,2025-12-12,C00408,P0045,SR007,3,6480.00,0.10,17496.00,EUR,Online,Completed
OL00003831,O0002149,2025-12-12,C00408,P0066,SR007,2,3375.00,0.05,6412.50,EUR,Online,Completed
OL00003832,O0002150,2023-12-03,C00153,P0002,SR005,10,1633.50,0.20,13068.00,EUR,Partner,Completed
OL00003833,O0002151,2024-04-01,C00192,P0015,SR008,2,17550.00,0.10,31590.00,EUR,Direct,Completed
OL00003834,O0002151,2024-04-01,C00192,P0040,SR008,3,4800.00,0.10,12960.00,EUR,Direct,Completed
OL00003835,O0002152,2024-12-21,C00175,P0069,SR011,2,12960.00,0.00,25920.00,EUR,Direct,Completed
OL00003836,O0002152,2024-12-21,C00175,P0035,SR011,3,1237.50,0.10,3341.25,EUR,Direct,Completed
OL00003837,O0002153,2023-04-21,C00379,P0063,SR011,10,12960.00,0.00,129600.00,EUR,Online,Completed
OL00003838,O0002153,2023-04-21,C00379,P0044,SR011,3,14850.00,0.10,40095.00,EUR,Online,Completed
OL00003839,O0002154,2023-06-18,C00049,P0024,SR009,1,3375.00,0.15,2868.75,EUR,Direct,Completed
OL00003840,O0002154,2023-06-18,C00049,P0013,SR009,2,3200.00,0.05,6080.00,EUR,Direct,Completed
OL00003841,O0002154,2023-06-18,C00049,P0062,SR009,3,7920.00,0.00,23760.00,EUR,Direct,Completed
OL00003842,O0002155,2023-01-17,C00441,P0068,SR006,4,1237.50,0.05,4702.50,EUR,Online,Completed
OL00003843,O0002155,2023-01-17,C00441,P0005,SR006,10,10725.00,0.10,96525.00,EUR,Online,Completed
OL00003844,O0002156,2025-07-30,C00030,P0046,SR003,3,3200.00,0.05,9120.00,EUR,Online,Completed
OL00003845,O0002156,2025-07-30,C00030,P0066,SR003,1,3375.00,0.00,3375.00,EUR,Online,Completed
OL00003846,O0002157,2024-01-06,C00436,P0031,SR004,2,6500.00,0.00,13000.00,EUR,Direct,Completed
OL00003847,O0002158,2024-12-02,C00200,P0058,SR012,1,2400.00,0.05,2280.00,EUR,Partner,Completed
OL00003848,O0002159,2025-05-25,C00343,P0007,SR007,1,9000.00,0.00,0.00,EUR,Partner,Cancelled
OL00003849,O0002160,2026-09-15,C00021,P0053,SR006,3,2062.50,0.15,5259.38,EUR,Direct,Returned
OL00003850,O0002161,2024-11-06,C00118,P0058,SR006,2,2400.00,0.05,4560.00,EUR,Online,Completed
OL00003851,O0002161,2024-11-06,C00118,P0061,SR006,3,3200.00,0.00,9600.00,EUR,Online,Completed
OL00003852,O0002162,2025-12-18,C00151,P0013,SR012,1,3200.00,0.15,2720.00,EUR,Partner,Completed
OL00003853,O0002163,2023-03-27,C00160,P0027,SR001,10,24300.00,0.05,230850.00,EUR,Online,Completed
OL00003854,O0002163,2023-03-27,C00160,P0029,SR001,3,14850.00,0.15,37867.50,EUR,Online,Completed
OL00003855,O0002164,2025-04-24,C00381,P0041,SR009,1,1237.50,0.10,1113.75,EUR,Online,Completed
OL00003856,O0002165,2025-05-04,C00202,P0008,SR003,1,1237.50,0.15,1051.88,EUR,Direct,Completed
OL00003857,O0002166,2023-06-28,C00137,P0066,SR007,1,3375.00,0.00,3375.00,EUR,Online,Completed
OL00003858,O0002167,2025-01-11,C00278,P0049,SR010,1,1250.00,0.05,1187.50,EUR,Partner,Completed
OL00003859,O0002168,2025-09-11,C00247,P0013,SR012,1,3200.00,0.05,3040.00,EUR,Partner,Returned
OL00003860,O0002169,2025-10-10,C00418,P0029,SR007,4,14850.00,0.00,59400.00,EUR,Online,Completed
OL00003861,O0002170,2025-07-30,C00477,P0044,SR008,4,14850.00,0.15,50490.00,EUR,Partner,Completed
OL00003862,O0002170,2025-07-30,C00477,P0007,SR008,2,9000.00,0.15,15300.00,EUR,Partner,Completed
OL00003863,O0002170,2025-07-30,C00477,P0025,SR008,4,3200.00,0.00,12800.00,EUR,Partner,Completed
OL00003864,O0002170,2025-07-30,C00477,P0043,SR008,20,490.00,0.10,8820.00,EUR,Partner,Completed
OL00003865,O0002171,2025-11-14,C00331,P0065,SR012,2,5280.00,0.00,10560.00,EUR,Partner,Completed
OL00003866,O0002171,2025-11-14,C00331,P0063,SR012,4,12960.00,0.05,49248.00,EUR,Partner,Completed
OL00003867,O0002171,2025-11-14,C00331,P0012,SR012,3,17550.00,0.10,47385.00,EUR,Partner,Completed
OL00003868,O0002172,2026-04-15,C00109,P0061,SR010,1,3200.00,0.10,2880.00,EUR,Direct,Completed
OL00003869,O0002173,2026-08-04,C00285,P0007,SR012,1,9000.00,0.00,9000.00,EUR,Partner,Returned
OL00003870,O0002173,2026-08-04,C00285,P0041,SR012,3,1237.50,0.00,3712.50,EUR,Partner,Returned
OL00003871,O0002174,2023-05-05,C00109,P0023,SR010,1,808.50,0.15,687.23,EUR,Online,Completed
OL00003872,O0002174,2023-05-05,C00109,P0008,SR010,2,1237.50,0.00,2475.00,EUR,Online,Completed
OL00003873,O0002175,2024-06-24,C00209,P0075,SR012,4,6480.00,0.05,24624.00,EUR,Partner,Completed
OL00003874,O0002175,2024-06-24,C00209,P0062,SR012,5,7920.00,0.20,31680.00,EUR,Partner,Completed
OL00003875,O0002176,2023-12-20,C00032,P0045,SR012,1,6480.00,0.10,5832.00,EUR,Direct,Completed
OL00003876,O0002176,2023-12-20,C00032,P0002,SR012,3,1633.50,0.00,4900.50,EUR,Direct,Completed
OL00003877,O0002176,2023-12-20,C00032,P0030,SR012,2,6480.00,0.20,10368.00,EUR,Direct,Completed
OL00003878,O0002177,2024-10-20,C00053,P0073,SR001,1,9000.00,0.00,0.00,EUR,Direct,Cancelled
OL00003879,O0002177,2024-10-20,C00053,P0030,SR001,1,6480.00,0.15,0.00,EUR,Direct,Cancelled
OL00003880,O0002177,2024-10-20,C00053,P0075,SR001,1,6480.00,0.20,0.00,EUR,Direct,Cancelled
OL00003881,O0002177,2024-10-20,C00053,P0002,SR001,4,1633.50,0.10,0.00,EUR,Direct,Cancelled
OL00003882,O0002178,2023-03-17,C00317,P0034,SR007,2,490.00,0.05,0.00,EUR,Online,Cancelled
OL00003883,O0002178,2023-03-17,C00317,P0030,SR007,10,6480.00,0.05,0.00,EUR,Online,Cancelled
OL00003884,O0002179,2026-01-05,C00476,P0027,SR005,4,24300.00,0.20,77760.00,EUR,Online,Completed
OL00003885,O0002180,2026-09-17,C00138,P0028,SR010,1,750.00,0.10,675.00,EUR,Direct,Completed
OL00003886,O0002180,2026-09-17,C00138,P0069,SR010,2,12960.00,0.00,25920.00,EUR,Direct,Completed
OL00003887,O0002180,2026-09-17,C00138,P0001,SR010,2,490.00,0.00,980.00,EUR,Direct,Completed
OL00003888,O0002181,2024-09-02,C00353,P0054,SR001,3,17550.00,0.10,47385.00,EUR,Direct,Completed
OL00003889,O0002181,2024-09-02,C00353,P0017,SR001,1,5280.00,0.15,4488.00,EUR,Direct,Completed
OL00003890,O0002182,2023-07-01,C00491,P0025,SR011,2,3200.00,0.10,5760.00,EUR,Direct,Completed
OL00003891,O0002182,2023-07-01,C00491,P0027,SR011,1,24300.00,0.00,24300.00,EUR,Direct,Completed
OL00003892,O0002182,2023-07-01,C00491,P0042,SR011,5,4860.00,0.00,24300.00,EUR,Direct,Completed
OL00003893,O0002183,2026-06-09,C00083,P0027,SR003,1,24300.00,0.00,24300.00,EUR,Direct,Completed
OL00003894,O0002183,2026-06-09,C00083,P0026,SR003,2,2970.00,0.10,5346.00,EUR,Direct,Completed
OL00003895,O0002183,2026-06-09,C00083,P0041,SR003,1,1237.50,0.00,1237.50,EUR,Direct,Completed
OL00003896,O0002184,2024-12-27,C00358,P0070,SR011,2,750.00,0.00,1500.00,EUR,Partner,Returned
OL00003897,O0002184,2024-12-27,C00358,P0022,SR011,1,6500.00,0.05,6175.00,EUR,Partner,Returned
OL00003898,O0002185,2025-03-30,C00467,P0070,SR009,1,750.00,0.05,712.50,EUR,Online,Completed
OL00003899,O0002186,2025-01-04,C00176,P0054,SR004,2,17550.00,0.05,33345.00,EUR,Direct,Completed
OL00003900,O0002186,2025-01-04,C00176,P0001,SR004,20,490.00,0.10,8820.00,EUR,Direct,Completed
OL00003901,O0002186,2025-01-04,C00176,P0033,SR004,2,17550.00,0.05,33345.00,EUR,Direct,Completed
OL00003902,O0002187,2026-02-21,C00421,P0068,SR003,1,1237.50,0.10,1113.75,EUR,Partner,Completed
OL00003903,O0002187,2026-02-21,C00421,P0062,SR003,1,7920.00,0.05,7524.00,EUR,Partner,Completed
OL00003904,O0002188,2025-04-12,C00251,P0040,SR009,3,4800.00,0.10,12960.00,EUR,Direct,Completed
OL00003905,O0002188,2025-04-12,C00251,P0017,SR009,3,5280.00,0.05,15048.00,EUR,Direct,Completed
OL00003906,O0002189,2023-05-17,C00219,P0003,SR003,1,8640.00,0.10,7776.00,EUR,Partner,Completed
OL00003907,O0002189,2023-05-17,C00219,P0012,SR003,2,17550.00,0.15,29835.00,EUR,Partner,Completed
OL00003908,O0002189,2023-05-17,C00219,P0069,SR003,5,12960.00,0.15,55080.00,EUR,Partner,Completed
OL00003909,O0002189,2023-05-17,C00219,P0075,SR003,2,6480.00,0.00,12960.00,EUR,Partner,Completed
OL00003910,O0002190,2023-05-09,C00478,P0047,SR001,4,3960.00,0.20,12672.00,EUR,Direct,Completed
OL00003911,O0002191,2023-11-27,C00372,P0033,SR012,10,17550.00,0.05,166725.00,EUR,Partner,Completed
OL00003912,O0002192,2024-10-23,C00231,P0039,SR001,5,12960.00,0.15,0.00,EUR,Direct,Cancelled
OL00003913,O0002193,2025-09-06,C00422,P0054,SR007,1,17550.00,0.00,17550.00,EUR,Online,Completed
OL00003914,O0002193,2025-09-06,C00422,P0025,SR007,1,3200.00,0.00,3200.00,EUR,Online,Completed
OL00003915,O0002193,2025-09-06,C00422,P0011,SR007,1,808.50,0.00,808.50,EUR,Online,Completed
OL00003916,O0002194,2024-08-01,C00007,P0045,SR002,1,6480.00,0.20,5184.00,EUR,Direct,Completed
OL00003917,O0002194,2024-08-01,C00007,P0043,SR002,2,490.00,0.05,931.00,EUR,Direct,Completed
OL00003918,O0002195,2026-04-26,C00185,P0010,SR005,1,3200.00,0.20,2560.00,EUR,Partner,Completed
OL00003919,O0002195,2026-04-26,C00185,P0052,SR005,1,2400.00,0.00,2400.00,EUR,Partner,Completed
OL00003920,O0002195,2026-04-26,C00185,P0072,SR005,1,2673.00,0.15,2272.05,EUR,Partner,Completed
OL00003921,O0002195,2026-04-26,C00185,P0066,SR005,20,3375.00,0.00,67500.00,EUR,Partner,Completed
OL00003922,O0002196,2024-01-27,C00195,P0007,SR001,5,9000.00,0.00,45000.00,EUR,Online,Completed
OL00003923,O0002196,2024-01-27,C00195,P0013,SR001,2,3200.00,0.05,6080.00,EUR,Online,Completed
OL00003924,O0002196,2024-01-27,C00195,P0066,SR001,3,3375.00,0.00,10125.00,EUR,Online,Completed
OL00003925,O0002197,2025-03-21,C00356,P0020,SR004,2,14850.00,0.20,23760.00,EUR,Direct,Completed
OL00003926,O0002197,2025-03-21,C00356,P0007,SR004,1,9000.00,0.15,7650.00,EUR,Direct,Completed
OL00003927,O0002197,2025-03-21,C00356,P0041,SR004,1,1237.50,0.10,1113.75,EUR,Direct,Completed
OL00003928,O0002198,2025-05-24,C00331,P0030,SR010,1,6480.00,0.00,0.00,EUR,Direct,Cancelled
OL00003929,O0002199,2023-07-20,C00257,P0056,SR006,1,7920.00,0.15,0.00,EUR,Online,Cancelled
OL00003930,O0002200,2025-12-04,C00291,P0062,SR003,2,7920.00,0.00,15840.00,EUR,Partner,Completed
OL00003931,O0002200,2025-12-04,C00291,P0015,SR003,3,17550.00,0.20,42120.00,EUR,Partner,Completed
OL00003932,O0002200,2025-12-04,C00291,P0012,SR003,2,17550.00,0.05,33345.00,EUR,Partner,Completed
OL00003933,O0002201,2024-04-21,C00087,P0049,SR010,4,1250.00,0.05,4750.00,EUR,Online,Completed
OL00003934,O0002201,2024-04-21,C00087,P0040,SR010,1,4800.00,0.00,4800.00,EUR,Online,Completed
OL00003935,O0002202,2023-02-24,C00028,P0054,SR012,1,17550.00,0.00,17550.00,EUR,Direct,Returned
OL00003936,O0002203,2023-10-08,C00175,P0013,SR008,1,3200.00,0.15,2720.00,EUR,Partner,Completed
OL00003937,O0002204,2025-04-09,C00384,P0045,SR008,4,6480.00,0.20,20736.00,EUR,Direct,Completed
OL00003938,O0002204,2025-04-09,C00384,P0021,SR008,1,6480.00,0.15,5508.00,EUR,Direct,Completed
OL00003939,O0002205,2024-07-16,C00448,P0043,SR004,20,490.00,0.15,8330.00,EUR,Direct,Completed
OL00003940,O0002206,2024-02-25,C00176,P0011,SR007,2,808.50,0.00,1617.00,EUR,Direct,Completed
OL00003941,O0002206,2024-02-25,C00176,P0021,SR007,2,6480.00,0.05,12312.00,EUR,Direct,Completed
OL00003942,O0002206,2024-02-25,C00176,P0027,SR007,5,24300.00,0.05,115425.00,EUR,Direct,Completed
OL00003943,O0002207,2024-04-08,C00388,P0030,SR006,4,6480.00,0.10,23328.00,EUR,Direct,Completed
OL00003944,O0002207,2024-04-08,C00388,P0033,SR006,2,17550.00,0.00,35100.00,EUR,Direct,Completed
OL00003945,O0002208,2023-08-08,C00369,P0068,SR005,1,1237.50,0.05,1175.62,EUR,Direct,Completed
OL00003946,O0002208,2023-08-08,C00369,P0072,SR005,5,2673.00,0.05,12696.75,EUR,Direct,Completed
OL00003947,O0002208,2023-08-08,C00369,P0057,SR005,2,6480.00,0.00,12960.00,EUR,Direct,Completed
OL00003948,O0002209,2025-05-15,C00269,P0059,SR002,1,14850.00,0.10,13365.00,EUR,Direct,Completed
OL00003949,O0002210,2026-06-12,C00257,P0018,SR010,1,1323.00,0.00,1323.00,EUR,Direct,Completed
OL00003950,O0002211,2025-08-23,C00228,P0074,SR004,2,7920.00,0.15,13464.00,EUR,Direct,Completed
OL00003951,O0002211,2025-08-23,C00228,P0034,SR004,1,490.00,0.10,441.00,EUR,Direct,Completed
OL00003952,O0002212,2024-11-01,C00096,P0045,SR007,4,6480.00,0.10,0.00,EUR,Direct,Cancelled
OL00003953,O0002212,2024-11-01,C00096,P0073,SR007,2,9000.00,0.00,0.00,EUR,Direct,Cancelled
OL00003954,O0002213,2025-08-31,C00042,P0074,SR011,1,7920.00,0.05,7524.00,EUR,Partner,Completed
OL00003955,O0002213,2025-08-31,C00042,P0052,SR011,1,2400.00,0.15,2040.00,EUR,Partner,Completed
OL00003956,O0002213,2025-08-31,C00042,P0029,SR011,2,14850.00,0.00,29700.00,EUR,Partner,Completed
OL00003957,O0002213,2025-08-31,C00042,P0051,SR011,1,12960.00,0.00,12960.00,EUR,Partner,Completed
OL00003958,O0002214,2025-11-28,C00146,P0001,SR006,5,490.00,0.00,2450.00,EUR,Partner,Completed
OL00003959,O0002214,2025-11-28,C00146,P0068,SR006,2,1237.50,0.05,2351.25,EUR,Partner,Completed
OL00003960,O0002214,2025-11-28,C00146,P0048,SR006,5,17550.00,0.00,87750.00,EUR,Partner,Completed
OL00003961,O0002214,2025-11-28,C00146,P0021,SR006,1,6480.00,0.00,6480.00,EUR,Partner,Completed
OL00003962,O0002215,2024-09-10,C00444,P0032,SR006,1,2970.00,0.05,2821.50,EUR,Direct,Completed
OL00003963,O0002215,2024-09-10,C00444,P0050,SR006,20,2062.50,0.10,37125.00,EUR,Direct,Completed
OL00003964,O0002215,2024-09-10,C00444,P0002,SR006,3,1633.50,0.00,4900.50,EUR,Direct,Completed
OL00003965,O0002216,2026-08-03,C00304,P0036,SR006,3,8640.00,0.10,0.00,EUR,Direct,Cancelled
OL00003966,O0002217,2024-09-26,C00494,P0007,SR012,10,9000.00,0.00,90000.00,EUR,Partner,Completed
OL00003967,O0002217,2024-09-26,C00494,P0061,SR012,1,3200.00,0.00,3200.00,EUR,Partner,Completed
OL00003968,O0002217,2024-09-26,C00494,P0001,SR012,1,490.00,0.15,416.50,EUR,Partner,Completed
OL00003969,O0002218,2025-03-20,C00198,P0050,SR002,3,2062.50,0.00,6187.50,EUR,Direct,Completed
OL00003970,O0002219,2023-02-07,C00482,P0011,SR011,1,808.50,0.00,808.50,EUR,Direct,Completed
OL00003971,O0002220,2025-03-15,C00213,P0030,SR003,1,6480.00,0.05,6156.00,EUR,Direct,Completed
OL00003972,O0002220,2025-03-15,C00213,P0008,SR003,1,1237.50,0.10,1113.75,EUR,Direct,Completed
OL00003973,O0002221,2025-03-25,C00369,P0011,SR005,3,808.50,0.00,2425.50,EUR,Direct,Completed
OL00003974,O0002221,2025-03-25,C00369,P0039,SR005,2,12960.00,0.00,25920.00,EUR,Direct,Completed
OL00003975,O0002222,2024-03-08,C00372,P0010,SR004,1,3200.00,0.00,3200.00,EUR,Direct,Completed
OL00003976,O0002222,2024-03-08,C00372,P0043,SR004,1,490.00,0.05,465.50,EUR,Direct,Completed
OL00003977,O0002223,2026-04-01,C00395,P0072,SR007,2,2673.00,0.10,4811.40,EUR,Direct,Completed
OL00003978,O0002224,2024-01-24,C00222,P0008,SR008,1,1237.50,0.10,1113.75,EUR,Direct,Completed
OL00003979,O0002225,2025-12-14,C00353,P0009,SR009,1,24300.00,0.10,0.00,EUR,Online,Cancelled
OL00003980,O0002225,2025-12-14,C00353,P0034,SR009,1,490.00,0.05,0.00,EUR,Online,Cancelled
OL00003981,O0002226,2025-12-01,C00449,P0011,SR002,10,808.50,0.10,7276.50,EUR,Online,Completed
OL00003982,O0002227,2025-07-12,C00257,P0013,SR002,2,3200.00,0.00,6400.00,EUR,Partner,Completed
OL00003983,O0002227,2025-07-12,C00257,P0030,SR002,1,6480.00,0.00,6480.00,EUR,Partner,Completed
OL00003984,O0002227,2025-07-12,C00257,P0024,SR002,10,3375.00,0.10,30375.00,EUR,Partner,Completed
OL00003985,O0002228,2023-03-05,C00391,P0025,SR006,1,3200.00,0.15,2720.00,EUR,Direct,Completed
OL00003986,O0002228,2023-03-05,C00391,P0058,SR006,3,2400.00,0.15,6120.00,EUR,Direct,Completed
OL00003987,O0002229,2025-07-13,C00022,P0029,SR006,2,14850.00,0.00,29700.00,EUR,Direct,Completed
OL00003988,O0002229,2025-07-13,C00022,P0041,SR006,2,1237.50,0.05,2351.25,EUR,Direct,Completed
OL00003989,O0002230,2023-03-20,C00069,P0020,SR001,3,14850.00,0.00,44550.00,EUR,Direct,Completed
OL00003990,O0002231,2025-09-21,C00261,P0002,SR007,10,1633.50,0.00,0.00,EUR,Online,Cancelled
OL00003991,O0002232,2026-02-02,C00404,P0070,SR009,2,750.00,0.10,1350.00,EUR,Direct,Completed
OL00003992,O0002232,2026-02-02,C00404,P0019,SR009,1,3200.00,0.00,3200.00,EUR,Direct,Completed
OL00003993,O0002233,2025-07-02,C00353,P0036,SR011,10,8640.00,0.05,82080.00,EUR,Direct,Completed
OL00003994,O0002234,2024-12-31,C00189,P0068,SR012,2,1237.50,0.00,2475.00,EUR,Partner,Completed
OL00003995,O0002234,2024-12-31,C00189,P0032,SR012,2,2970.00,0.05,5643.00,EUR,Partner,Completed
OL00003996,O0002234,2024-12-31,C00189,P0021,SR012,1,6480.00,0.05,6156.00,EUR,Partner,Completed
OL00003997,O0002235,2025-02-15,C00012,P0026,SR009,1,2970.00,0.00,2970.00,EUR,Partner,Completed
OL00003998,O0002236,2026-01-09,C00420,P0073,SR002,20,9000.00,0.00,180000.00,EUR,Online,Completed
OL00003999,O0002237,2025-10-28,C00030,P0055,SR004,1,490.00,0.15,416.50,EUR,Direct,Completed
OL00004000,O0002238,2024-04-23,C00353,P0053,SR008,1,2062.50,0.00,0.00,EUR,Online,Cancelled
OL00004001,O0002239,2023-09-21,C00266,P0011,SR012,4,808.50,0.20,2587.20,EUR,Partner,Completed
OL00004002,O0002239,2023-09-21,C00266,P0050,SR012,1,2062.50,0.05,1959.38,EUR,Partner,Completed
OL00004003,O0002240,2026-08-14,C00404,P0060,SR006,3,17550.00,0.00,0.00,EUR,Online,Cancelled
OL00004004,O0002241,2024-03-26,C00339,P0015,SR005,1,17550.00,0.05,16672.50,EUR,Direct,Completed
OL00004005,O0002241,2024-03-26,C00339,P0055,SR005,3,490.00,0.05,1396.50,EUR,Direct,Completed
OL00004006,O0002241,2024-03-26,C00339,P0057,SR005,1,6480.00,0.10,5832.00,EUR,Direct,Completed
OL00004007,O0002241,2024-03-26,C00339,P0016,SR005,2,490.00,0.00,980.00,EUR,Direct,Completed
OL00004008,O0002242,2025-03-01,C00119,P0067,SR001,1,2400.00,0.20,0.00,EUR,Partner,Cancelled
OL00004009,O0002243,2026-02-17,C00138,P0052,SR007,2,2400.00,0.20,3840.00,EUR,Online,Completed
OL00004010,O0002244,2025-12-20,C00340,P0052,SR011,3,2400.00,0.05,6840.00,EUR,Partner,Completed
OL00004011,O0002244,2025-12-20,C00340,P0041,SR011,1,1237.50,0.00,1237.50,EUR,Partner,Completed
OL00004012,O0002245,2025-05-05,C00336,P0036,SR009,1,8640.00,0.05,0.00,EUR,Online,Cancelled
OL00004013,O0002246,2023-07-06,C00165,P0039,SR012,1,12960.00,0.05,12312.00,EUR,Direct,Completed
OL00004014,O0002246,2023-07-06,C00165,P0047,SR012,3,3960.00,0.05,11286.00,EUR,Direct,Completed
OL00004015,O0002246,2023-07-06,C00165,P0051,SR012,1,12960.00,0.05,12312.00,EUR,Direct,Completed
OL00004016,O0002246,2023-07-06,C00165,P0014,SR012,1,7920.00,0.10,7128.00,EUR,Direct,Completed
OL00004017,O0002247,2026-04-04,C00033,P0025,SR011,3,3200.00,0.00,9600.00,EUR,Partner,Completed
OL00004018,O0002247,2026-04-04,C00033,P0027,SR011,1,24300.00,0.00,24300.00,EUR,Partner,Completed
OL00004019,O0002248,2026-04-14,C00096,P0005,SR007,3,10725.00,0.00,32175.00,EUR,Direct,Completed
OL00004020,O0002249,2025-02-11,C00028,P0038,SR006,2,2970.00,0.05,0.00,EUR,Direct,Cancelled
OL00004021,O0002250,2026-02-13,C00208,P0016,SR002,1,490.00,0.05,465.50,EUR,Partner,Completed
OL00004022,O0002250,2026-02-13,C00208,P0074,SR002,3,7920.00,0.00,23760.00,EUR,Partner,Completed
OL00004023,O0002251,2025-10-09,C00205,P0045,SR004,20,6480.00,0.00,0.00,EUR,Partner,Cancelled
OL00004024,O0002252,2023-07-08,C00136,P0028,SR012,1,750.00,0.00,750.00,EUR,Direct,Completed
OL00004025,O0002253,2025-02-27,C00289,P0017,SR011,2,5280.00,0.05,10032.00,EUR,Direct,Completed
OL00004026,O0002253,2025-02-27,C00289,P0031,SR011,3,6500.00,0.15,16575.00,EUR,Direct,Completed
OL00004027,O0002253,2025-02-27,C00289,P0063,SR011,2,12960.00,0.05,24624.00,EUR,Direct,Completed
OL00004028,O0002254,2025-11-29,C00146,P0065,SR004,2,5280.00,0.15,8976.00,EUR,Direct,Completed
OL00004029,O0002255,2025-07-22,C00354,P0043,SR007,2,490.00,0.05,931.00,EUR,Online,Completed
OL00004030,O0002255,2025-07-22,C00354,P0011,SR007,1,808.50,0.10,727.65,EUR,Online,Completed
OL00004031,O0002256,2026-04-24,C00123,P0003,SR005,1,8640.00,0.05,8208.00,EUR,Direct,Completed
OL00004032,O0002256,2026-04-24,C00123,P0042,SR005,10,4860.00,0.00,48600.00,EUR,Direct,Completed
OL00004033,O0002257,2023-08-02,C00069,P0033,SR012,1,17550.00,0.05,16672.50,EUR,Direct,Completed
OL00004034,O0002257,2023-08-02,C00069,P0075,SR012,2,6480.00,0.00,12960.00,EUR,Direct,Completed
OL00004035,O0002257,2023-08-02,C00069,P0064,SR012,1,490.00,0.20,392.00,EUR,Direct,Completed
OL00004036,O0002258,2023-05-31,C00357,P0072,SR001,1,2673.00,0.00,2673.00,EUR,Direct,Completed
OL00004037,O0002258,2023-05-31,C00357,P0003,SR001,2,8640.00,0.05,16416.00,EUR,Direct,Completed
OL00004038,O0002259,2023-08-23,C00064,P0047,SR001,2,3960.00,0.00,7920.00,EUR,Partner,Completed
OL00004039,O0002260,2024-08-27,C00163,P0014,SR001,5,7920.00,0.05,37620.00,EUR,Direct,Completed
OL00004040,O0002261,2025-05-20,C00172,P0046,SR010,3,3200.00,0.00,9600.00,EUR,Direct,Completed
OL00004041,O0002261,2025-05-20,C00172,P0057,SR010,1,6480.00,0.05,6156.00,EUR,Direct,Completed
OL00004042,O0002262,2024-05-21,C00167,P0052,SR009,10,2400.00,0.10,21600.00,EUR,Online,Completed
OL00004043,O0002262,2024-05-21,C00167,P0068,SR009,1,1237.50,0.10,1113.75,EUR,Online,Completed
OL00004044,O0002263,2026-06-26,C00370,P0017,SR005,1,5280.00,0.00,5280.00,EUR,Online,Completed
OL00004045,O0002264,2026-04-21,C00039,P0051,SR002,3,12960.00,0.05,36936.00,EUR,Direct,Completed
OL00004046,O0002265,2026-06-22,C00112,P0009,SR007,2,24300.00,0.05,0.00,EUR,Direct,Cancelled
OL00004047,O0002265,2026-06-22,C00112,P0028,SR007,4,750.00,0.05,0.00,EUR,Direct,Cancelled
OL00004048,O0002265,2026-06-22,C00112,P0061,SR007,1,3200.00,0.05,0.00,EUR,Direct,Cancelled
OL00004049,O0002266,2026-01-27,C00108,P0040,SR007,2,4800.00,0.05,9120.00,EUR,Partner,Completed
OL00004050,O0002267,2024-05-24,C00160,P0062,SR002,2,7920.00,0.00,15840.00,EUR,Online,Completed
OL00004051,O0002268,2025-02-21,C00006,P0009,SR003,2,24300.00,0.10,43740.00,EUR,Online,Completed
OL00004052,O0002269,2026-03-26,C00328,P0060,SR009,4,17550.00,0.00,0.00,EUR,Direct,Cancelled
OL00004053,O0002269,2026-03-26,C00328,P0072,SR009,10,2673.00,0.05,0.00,EUR,Direct,Cancelled
OL00004054,O0002270,2025-10-31,C00100,P0056,SR006,1,7920.00,0.10,7128.00,EUR,Partner,Completed
OL00004055,O0002270,2025-10-31,C00100,P0023,SR006,1,808.50,0.00,808.50,EUR,Partner,Completed
OL00004056,O0002271,2024-03-15,C00179,P0041,SR004,2,1237.50,0.10,2227.50,EUR,Online,Completed
OL00004057,O0002271,2024-03-15,C00179,P0021,SR004,20,6480.00,0.05,123120.00,EUR,Online,Completed
OL00004058,O0002272,2026-04-11,C00499,P0052,SR011,5,2400.00,0.00,12000.00,EUR,Direct,Returned
OL00004059,O0002272,2026-04-11,C00499,P0010,SR011,1,3200.00,0.00,3200.00,EUR,Direct,Returned
OL00004060,O0002272,2026-04-11,C00499,P0013,SR011,2,3200.00,0.00,6400.00,EUR,Direct,Returned
OL00004061,O0002273,2023-07-26,C00221,P0071,SR009,3,808.50,0.10,2182.95,EUR,Partner,Completed
OL00004062,O0002273,2023-07-26,C00221,P0048,SR009,1,17550.00,0.10,15795.00,EUR,Partner,Completed
OL00004063,O0002273,2023-07-26,C00221,P0044,SR009,2,14850.00,0.00,29700.00,EUR,Partner,Completed
OL00004064,O0002274,2025-12-19,C00495,P0033,SR005,1,17550.00,0.20,14040.00,EUR,Direct,Completed
OL00004065,O0002274,2025-12-19,C00495,P0036,SR005,3,8640.00,0.10,23328.00,EUR,Direct,Completed
OL00004066,O0002275,2024-02-21,C00040,P0015,SR002,3,17550.00,0.05,50017.50,EUR,Direct,Completed
OL00004067,O0002276,2026-07-03,C00360,P0038,SR011,3,2970.00,0.20,7128.00,EUR,Partner,Completed
OL00004068,O0002277,2023-10-16,C00096,P0068,SR006,4,1237.50,0.15,4207.50,EUR,Direct,Completed
OL00004069,O0002277,2023-10-16,C00096,P0005,SR006,1,10725.00,0.10,9652.50,EUR,Direct,Completed
OL00004070,O0002278,2026-07-06,C00088,P0075,SR012,1,6480.00,0.05,6156.00,EUR,Direct,Returned
OL00004071,O0002278,2026-07-06,C00088,P0065,SR012,10,5280.00,0.15,44880.00,EUR,Direct,Returned
OL00004072,O0002279,2025-06-29,C00081,P0028,SR006,3,750.00,0.00,2250.00,EUR,Direct,Completed
OL00004073,O0002279,2025-06-29,C00081,P0063,SR006,1,12960.00,0.00,12960.00,EUR,Direct,Completed
OL00004074,O0002279,2025-06-29,C00081,P0032,SR006,4,2970.00,0.00,11880.00,EUR,Direct,Completed
OL00004075,O0002280,2026-05-15,C00131,P0033,SR005,2,17550.00,0.10,0.00,EUR,Direct,Cancelled
OL00004076,O0002281,2023-10-25,C00234,P0048,SR007,1,17550.00,0.05,16672.50,EUR,Direct,Completed
OL00004077,O0002281,2023-10-25,C00234,P0050,SR007,3,2062.50,0.15,5259.38,EUR,Direct,Completed
OL00004078,O0002281,2023-10-25,C00234,P0068,SR007,2,1237.50,0.00,2475.00,EUR,Direct,Completed
OL00004079,O0002282,2025-08-18,C00217,P0055,SR003,5,490.00,0.00,2450.00,EUR,Partner,Completed
OL00004080,O0002283,2024-05-14,C00311,P0031,SR007,1,6500.00,0.05,6175.00,EUR,Online,Completed
OL00004081,O0002283,2024-05-14,C00311,P0038,SR007,1,2970.00,0.15,2524.50,EUR,Online,Completed
OL00004082,O0002283,2024-05-14,C00311,P0042,SR007,1,4860.00,0.20,3888.00,EUR,Online,Completed
OL00004083,O0002284,2026-06-08,C00341,P0014,SR010,4,7920.00,0.00,31680.00,EUR,Partner,Completed
OL00004084,O0002284,2026-06-08,C00341,P0057,SR010,2,6480.00,0.00,12960.00,EUR,Partner,Completed
OL00004085,O0002284,2026-06-08,C00341,P0045,SR010,3,6480.00,0.15,16524.00,EUR,Partner,Completed
OL00004086,O0002285,2024-10-24,C00229,P0002,SR002,3,1633.50,0.00,0.00,EUR,Online,Cancelled
OL00004087,O0002285,2024-10-24,C00229,P0011,SR002,2,808.50,0.20,0.00,EUR,Online,Cancelled
OL00004088,O0002286,2024-12-14,C00274,P0005,SR003,2,10725.00,0.00,21450.00,EUR,Direct,Completed
OL00004089,O0002287,2026-06-22,C00228,P0010,SR008,3,3200.00,0.00,0.00,EUR,Partner,Cancelled
OL00004090,O0002287,2026-06-22,C00228,P0026,SR008,4,2970.00,0.20,0.00,EUR,Partner,Cancelled
OL00004091,O0002287,2026-06-22,C00228,P0008,SR008,2,1237.50,0.10,0.00,EUR,Partner,Cancelled
OL00004092,O0002287,2026-06-22,C00228,P0047,SR008,5,3960.00,0.20,0.00,EUR,Partner,Cancelled
OL00004093,O0002288,2023-09-12,C00179,P0016,SR004,1,490.00,0.00,490.00,EUR,Online,Completed
OL00004094,O0002289,2024-04-19,C00442,P0001,SR003,1,490.00,0.00,490.00,EUR,Partner,Completed
OL00004095,O0002290,2024-10-17,C00320,P0024,SR006,2,3375.00,0.15,5737.50,EUR,Direct,Completed
OL00004096,O0002290,2024-10-17,C00320,P0002,SR006,3,1633.50,0.20,3920.40,EUR,Direct,Completed
OL00004097,O0002291,2026-05-27,C00390,P0007,SR009,1,9000.00,0.05,8550.00,EUR,Direct,Completed
OL00004098,O0002291,2026-05-27,C00390,P0005,SR009,1,10725.00,0.15,9116.25,EUR,Direct,Completed
OL00004099,O0002292,2023-05-12,C00063,P0021,SR007,2,6480.00,0.15,0.00,EUR,Direct,Cancelled
OL00004100,O0002293,2025-02-12,C00123,P0045,SR003,2,6480.00,0.15,11016.00,EUR,Direct,Completed
OL00004101,O0002293,2025-02-12,C00123,P0049,SR003,1,1250.00,0.15,1062.50,EUR,Direct,Completed
OL00004102,O0002294,2026-05-17,C00379,P0024,SR010,2,3375.00,0.05,6412.50,EUR,Direct,Completed
OL00004103,O0002295,2026-08-17,C00018,P0038,SR001,2,2970.00,0.00,5940.00,EUR,Direct,Completed
OL00004104,O0002296,2025-03-18,C00250,P0038,SR011,1,2970.00,0.00,2970.00,EUR,Direct,Completed
OL00004105,O0002297,2026-03-21,C00075,P0044,SR009,2,14850.00,0.00,0.00,EUR,Partner,Cancelled
OL00004106,O0002298,2024-07-19,C00075,P0063,SR003,2,12960.00,0.10,23328.00,EUR,Direct,Completed
OL00004107,O0002298,2024-07-19,C00075,P0009,SR003,2,24300.00,0.00,48600.00,EUR,Direct,Completed
OL00004108,O0002298,2024-07-19,C00075,P0051,SR003,3,12960.00,0.00,38880.00,EUR,Direct,Completed
OL00004109,O0002298,2024-07-19,C00075,P0071,SR003,1,808.50,0.00,808.50,EUR,Direct,Completed
OL00004110,O0002299,2025-05-22,C00038,P0070,SR003,5,750.00,0.00,3750.00,EUR,Online,Completed
OL00004111,O0002299,2025-05-22,C00038,P0015,SR003,4,17550.00,0.00,70200.00,EUR,Online,Completed
OL00004112,O0002299,2025-05-22,C00038,P0036,SR003,10,8640.00,0.05,82080.00,EUR,Online,Completed
OL00004113,O0002299,2025-05-22,C00038,P0068,SR003,3,1237.50,0.10,3341.25,EUR,Online,Completed
OL00004114,O0002300,2023-09-29,C00317,P0046,SR003,5,3200.00,0.10,14400.00,EUR,Direct,Completed
OL00004115,O0002301,2026-06-15,C00480,P0066,SR005,4,3375.00,0.05,12825.00,EUR,Partner,Completed
OL00004116,O0002302,2023-03-04,C00376,P0014,SR008,1,7920.00,0.10,7128.00,EUR,Direct,Completed
OL00004117,O0002302,2023-03-04,C00376,P0032,SR008,2,2970.00,0.00,5940.00,EUR,Direct,Completed
OL00004118,O0002303,2023-02-10,C00253,P0064,SR005,2,490.00,0.00,980.00,EUR,Online,Completed
OL00004119,O0002303,2023-02-10,C00253,P0003,SR005,4,8640.00,0.10,31104.00,EUR,Online,Completed
OL00004120,O0002304,2026-05-02,C00484,P0041,SR012,2,1237.50,0.10,2227.50,EUR,Direct,Completed
OL00004121,O0002305,2025-01-06,C00347,P0031,SR009,4,6500.00,0.10,23400.00,EUR,Direct,Completed
OL00004122,O0002306,2025-10-06,C00328,P0049,SR009,2,1250.00,0.00,2500.00,EUR,Direct,Completed
OL00004123,O0002306,2025-10-06,C00328,P0006,SR009,4,3375.00,0.00,13500.00,EUR,Direct,Completed
OL00004124,O0002307,2025-10-11,C00031,P0064,SR002,2,490.00,0.10,0.00,EUR,Direct,Cancelled
OL00004125,O0002308,2023-02-15,C00269,P0037,SR002,3,4800.00,0.05,13680.00,EUR,Direct,Completed
OL00004126,O0002308,2023-02-15,C00269,P0056,SR002,2,7920.00,0.05,15048.00,EUR,Direct,Completed
OL00004127,O0002309,2024-01-17,C00172,P0005,SR002,2,10725.00,0.00,21450.00,EUR,Online,Completed
OL00004128,O0002309,2024-01-17,C00172,P0023,SR002,3,808.50,0.15,2061.67,EUR,Online,Completed
OL00004129,O0002310,2026-06-20,C00078,P0055,SR004,2,490.00,0.05,931.00,EUR,Partner,Completed
OL00004130,O0002310,2026-06-20,C00078,P0065,SR004,1,5280.00,0.10,4752.00,EUR,Partner,Completed
OL00004131,O0002311,2026-05-09,C00305,P0002,SR011,2,1633.50,0.00,3267.00,EUR,Direct,Completed
OL00004132,O0002312,2026-03-02,C00061,P0011,SR007,3,808.50,0.00,2425.50,EUR,Direct,Completed
OL00004133,O0002312,2026-03-02,C00061,P0061,SR007,2,3200.00,0.00,6400.00,EUR,Direct,Completed
OL00004134,O0002312,2026-03-02,C00061,P0073,SR007,3,9000.00,0.20,21600.00,EUR,Direct,Completed
OL00004135,O0002313,2023-10-02,C00316,P0063,SR012,20,12960.00,0.00,259200.00,EUR,Partner,Completed
OL00004136,O0002313,2023-10-02,C00316,P0016,SR012,1,490.00,0.10,441.00,EUR,Partner,Completed
OL00004137,O0002313,2023-10-02,C00316,P0050,SR012,1,2062.50,0.10,1856.25,EUR,Partner,Completed
OL00004138,O0002314,2023-09-16,C00187,P0026,SR006,2,2970.00,0.05,5643.00,EUR,Direct,Returned
OL00004139,O0002315,2025-12-02,C00353,P0065,SR004,10,5280.00,0.00,52800.00,EUR,Partner,Completed
OL00004140,O0002315,2025-12-02,C00353,P0037,SR004,3,4800.00,0.00,14400.00,EUR,Partner,Completed
OL00004141,O0002315,2025-12-02,C00353,P0060,SR004,1,17550.00,0.00,17550.00,EUR,Partner,Completed
OL00004142,O0002315,2025-12-02,C00353,P0011,SR004,3,808.50,0.15,2061.67,EUR,Partner,Completed
OL00004143,O0002316,2023-12-18,C00486,P0058,SR012,3,2400.00,0.05,6840.00,EUR,Partner,Completed
OL00004144,O0002317,2026-05-27,C00051,P0001,SR007,10,490.00,0.00,4900.00,EUR,Direct,Completed
OL00004145,O0002318,2024-01-03,C00140,P0047,SR002,2,3960.00,0.00,7920.00,EUR,Direct,Completed
OL00004146,O0002318,2024-01-03,C00140,P0020,SR002,3,14850.00,0.10,40095.00,EUR,Direct,Completed
OL00004147,O0002319,2025-02-09,C00112,P0024,SR004,5,3375.00,0.05,16031.25,EUR,Online,Returned
OL00004148,O0002320,2025-01-07,C00030,P0055,SR001,1,490.00,0.10,441.00,EUR,Partner,Completed
OL00004149,O0002321,2023-04-08,C00090,P0012,SR006,2,17550.00,0.00,35100.00,EUR,Direct,Completed
OL00004150,O0002321,2023-04-08,C00090,P0044,SR006,3,14850.00,0.20,35640.00,EUR,Direct,Completed
OL00004151,O0002322,2024-07-24,C00468,P0037,SR011,2,4800.00,0.05,9120.00,EUR,Partner,Returned
OL00004152,O0002322,2024-07-24,C00468,P0018,SR011,1,1323.00,0.00,1323.00,EUR,Partner,Returned
OL00004153,O0002323,2023-05-23,C00380,P0026,SR001,4,2970.00,0.15,10098.00,EUR,Partner,Completed
OL00004154,O0002324,2024-04-01,C00325,P0071,SR012,2,808.50,0.00,1617.00,EUR,Direct,Completed
OL00004155,O0002325,2025-04-15,C00183,P0032,SR012,1,2970.00,0.10,2673.00,EUR,Direct,Completed
OL00004156,O0002325,2025-04-15,C00183,P0028,SR012,3,750.00,0.15,1912.50,EUR,Direct,Completed
OL00004157,O0002326,2026-06-08,C00272,P0027,SR004,10,24300.00,0.00,243000.00,EUR,Partner,Completed
OL00004158,O0002326,2026-06-08,C00272,P0075,SR004,5,6480.00,0.20,25920.00,EUR,Partner,Completed
OL00004159,O0002327,2024-09-10,C00448,P0027,SR010,1,24300.00,0.00,24300.00,EUR,Partner,Completed
OL00004160,O0002328,2025-08-27,C00130,P0025,SR003,2,3200.00,0.05,6080.00,EUR,Direct,Completed
OL00004161,O0002328,2025-08-27,C00130,P0069,SR003,1,12960.00,0.15,11016.00,EUR,Direct,Completed
OL00004162,O0002328,2025-08-27,C00130,P0052,SR003,10,2400.00,0.05,22800.00,EUR,Direct,Completed
OL00004163,O0002329,2024-06-19,C00162,P0067,SR001,1,2400.00,0.10,0.00,EUR,Partner,Cancelled
OL00004164,O0002330,2023-09-29,C00321,P0005,SR004,2,10725.00,0.10,19305.00,EUR,Partner,Returned
OL00004165,O0002330,2023-09-29,C00321,P0031,SR004,2,6500.00,0.05,12350.00,EUR,Partner,Returned
OL00004166,O0002330,2023-09-29,C00321,P0013,SR004,1,3200.00,0.00,3200.00,EUR,Partner,Returned
OL00004167,O0002330,2023-09-29,C00321,P0049,SR004,3,1250.00,0.20,3000.00,EUR,Partner,Returned
OL00004168,O0002331,2025-11-22,C00056,P0006,SR001,1,3375.00,0.00,3375.00,EUR,Direct,Returned
OL00004169,O0002332,2023-01-04,C00270,P0004,SR011,1,6500.00,0.00,6500.00,EUR,Direct,Completed
OL00004170,O0002333,2025-05-26,C00428,P0064,SR012,1,490.00,0.05,465.50,EUR,Online,Returned
OL00004171,O0002334,2026-05-28,C00246,P0017,SR008,5,5280.00,0.00,26400.00,EUR,Online,Completed
OL00004172,O0002335,2024-07-01,C00419,P0013,SR003,1,3200.00,0.15,2720.00,EUR,Online,Completed
OL00004173,O0002335,2024-07-01,C00419,P0041,SR003,1,1237.50,0.00,1237.50,EUR,Online,Completed
OL00004174,O0002336,2025-11-26,C00315,P0012,SR011,1,17550.00,0.05,16672.50,EUR,Online,Completed
OL00004175,O0002337,2026-03-31,C00356,P0035,SR009,20,1237.50,0.00,24750.00,EUR,Direct,Completed
OL00004176,O0002337,2026-03-31,C00356,P0002,SR009,1,1633.50,0.05,1551.82,EUR,Direct,Completed
OL00004177,O0002337,2026-03-31,C00356,P0043,SR009,1,490.00,0.05,465.50,EUR,Direct,Completed
OL00004178,O0002337,2026-03-31,C00356,P0022,SR009,1,6500.00,0.00,6500.00,EUR,Direct,Completed
OL00004179,O0002338,2024-02-10,C00126,P0034,SR011,4,490.00,0.05,1862.00,EUR,Online,Completed
OL00004180,O0002338,2024-02-10,C00126,P0038,SR011,3,2970.00,0.00,8910.00,EUR,Online,Completed
OL00004181,O0002339,2024-04-23,C00141,P0016,SR010,2,490.00,0.00,980.00,EUR,Direct,Completed
OL00004182,O0002340,2024-04-15,C00137,P0031,SR011,3,6500.00,0.10,17550.00,EUR,Partner,Completed
OL00004183,O0002340,2024-04-15,C00137,P0070,SR011,3,750.00,0.00,2250.00,EUR,Partner,Completed
OL00004184,O0002341,2024-06-24,C00167,P0019,SR004,10,3200.00,0.15,27200.00,EUR,Online,Completed
OL00004185,O0002342,2024-05-14,C00013,P0001,SR010,2,490.00,0.00,980.00,EUR,Partner,Completed
OL00004186,O0002342,2024-05-14,C00013,P0023,SR010,1,808.50,0.10,727.65,EUR,Partner,Completed
OL00004187,O0002343,2024-02-10,C00013,P0020,SR008,1,14850.00,0.05,14107.50,EUR,Online,Completed
OL00004188,O0002343,2024-02-10,C00013,P0035,SR008,1,1237.50,0.05,1175.62,EUR,Online,Completed
OL00004189,O0002343,2024-02-10,C00013,P0057,SR008,4,6480.00,0.00,25920.00,EUR,Online,Completed
OL00004190,O0002344,2024-03-03,C00431,P0047,SR010,4,3960.00,0.10,14256.00,EUR,Direct,Completed
OL00004191,O0002344,2024-03-03,C00431,P0063,SR010,3,12960.00,0.15,33048.00,EUR,Direct,Completed
OL00004192,O0002345,2024-04-24,C00403,P0010,SR003,1,3200.00,0.00,3200.00,EUR,Direct,Completed
OL00004193,O0002346,2023-06-16,C00359,P0052,SR006,2,2400.00,0.00,0.00,EUR,Online,Cancelled
OL00004194,O0002346,2023-06-16,C00359,P0040,SR006,3,4800.00,0.15,0.00,EUR,Online,Cancelled
OL00004195,O0002347,2024-09-27,C00352,P0070,SR008,3,750.00,0.10,0.00,EUR,Partner,Cancelled
OL00004196,O0002348,2024-01-10,C00372,P0017,SR002,2,5280.00,0.05,10032.00,EUR,Online,Completed
OL00004197,O0002348,2024-01-10,C00372,P0015,SR002,1,17550.00,0.00,17550.00,EUR,Online,Completed
OL00004198,O0002348,2024-01-10,C00372,P0039,SR002,1,12960.00,0.15,11016.00,EUR,Online,Completed
OL00004199,O0002349,2024-12-14,C00193,P0015,SR006,1,17550.00,0.00,17550.00,EUR,Direct,Completed
OL00004200,O0002350,2023-06-03,C00463,P0006,SR009,1,3375.00,0.10,3037.50,EUR,Direct,Completed
OL00004201,O0002350,2023-06-03,C00463,P0046,SR009,10,3200.00,0.15,27200.00,EUR,Direct,Completed
OL00004202,O0002350,2023-06-03,C00463,P0055,SR009,3,490.00,0.00,1470.00,EUR,Direct,Completed
OL00004203,O0002351,2026-04-15,C00181,P0003,SR003,2,8640.00,0.15,14688.00,EUR,Direct,Completed
OL00004204,O0002352,2024-06-09,C00449,P0029,SR003,10,14850.00,0.05,141075.00,EUR,Direct,Completed
OL00004205,O0002353,2023-08-05,C00165,P0045,SR007,10,6480.00,0.15,0.00,EUR,Online,Cancelled
OL00004206,O0002353,2023-08-05,C00165,P0012,SR007,3,17550.00,0.00,0.00,EUR,Online,Cancelled
OL00004207,O0002354,2024-05-27,C00239,P0048,SR001,2,17550.00,0.00,35100.00,EUR,Direct,Completed
OL00004208,O0002354,2024-05-27,C00239,P0072,SR001,3,2673.00,0.10,7217.10,EUR,Direct,Completed
OL00004209,O0002354,2024-05-27,C00239,P0042,SR001,1,4860.00,0.00,4860.00,EUR,Direct,Completed
OL00004210,O0002355,2023-03-17,C00297,P0013,SR004,2,3200.00,0.00,6400.00,EUR,Online,Completed
OL00004211,O0002355,2023-03-17,C00297,P0062,SR004,1,7920.00,0.15,6732.00,EUR,Online,Completed
OL00004212,O0002356,2025-05-07,C00432,P0052,SR010,4,2400.00,0.00,9600.00,EUR,Direct,Completed
OL00004213,O0002356,2025-05-07,C00432,P0024,SR010,1,3375.00,0.20,2700.00,EUR,Direct,Completed
OL00004214,O0002357,2024-11-19,C00307,P0041,SR006,2,1237.50,0.15,2103.75,EUR,Direct,Completed
OL00004215,O0002358,2025-10-13,C00297,P0045,SR004,5,6480.00,0.05,30780.00,EUR,Partner,Completed
OL00004216,O0002358,2025-10-13,C00297,P0042,SR004,1,4860.00,0.00,4860.00,EUR,Partner,Completed
OL00004217,O0002359,2023-03-05,C00464,P0066,SR012,1,3375.00,0.05,3206.25,EUR,Direct,Completed
OL00004218,O0002359,2023-03-05,C00464,P0029,SR012,2,14850.00,0.05,28215.00,EUR,Direct,Completed
OL00004219,O0002359,2023-03-05,C00464,P0010,SR012,4,3200.00,0.10,11520.00,EUR,Direct,Completed
OL00004220,O0002360,2023-11-29,C00044,P0029,SR009,1,14850.00,0.05,14107.50,EUR,Direct,Completed
OL00004221,O0002360,2023-11-29,C00044,P0032,SR009,2,2970.00,0.00,5940.00,EUR,Direct,Completed
OL00004222,O0002360,2023-11-29,C00044,P0060,SR009,1,17550.00,0.20,14040.00,EUR,Direct,Completed
OL00004223,O0002361,2025-03-30,C00269,P0004,SR001,10,6500.00,0.20,52000.00,EUR,Direct,Completed
OL00004224,O0002361,2025-03-30,C00269,P0059,SR001,1,14850.00,0.15,12622.50,EUR,Direct,Completed
OL00004225,O0002362,2023-01-22,C00030,P0064,SR008,1,490.00,0.00,490.00,EUR,Direct,Completed
OL00004226,O0002363,2023-11-15,C00123,P0049,SR001,3,1250.00,0.00,3750.00,EUR,Direct,Completed
OL00004227,O0002364,2024-05-11,C00274,P0013,SR007,1,3200.00,0.10,2880.00,EUR,Partner,Completed
OL00004228,O0002364,2024-05-11,C00274,P0018,SR007,1,1323.00,0.10,1190.70,EUR,Partner,Completed
OL00004229,O0002364,2024-05-11,C00274,P0062,SR007,2,7920.00,0.15,13464.00,EUR,Partner,Completed
OL00004230,O0002365,2023-01-18,C00480,P0073,SR011,2,9000.00,0.00,18000.00,EUR,Direct,Completed
OL00004231,O0002366,2025-10-26,C00011,P0005,SR006,2,10725.00,0.10,19305.00,EUR,Partner,Completed
OL00004232,O0002367,2023-12-10,C00249,P0050,SR006,1,2062.50,0.00,2062.50,EUR,Partner,Completed
OL00004233,O0002367,2023-12-10,C00249,P0057,SR006,2,6480.00,0.00,12960.00,EUR,Partner,Completed
OL00004234,O0002367,2023-12-10,C00249,P0033,SR006,2,17550.00,0.00,35100.00,EUR,Partner,Completed
OL00004235,O0002368,2024-02-24,C00429,P0075,SR011,2,6480.00,0.00,12960.00,EUR,Partner,Completed
OL00004236,O0002368,2024-02-24,C00429,P0062,SR011,2,7920.00,0.05,15048.00,EUR,Partner,Completed
OL00004237,O0002369,2024-09-16,C00066,P0032,SR011,1,2970.00,0.05,2821.50,EUR,Online,Completed
OL00004238,O0002370,2023-07-03,C00385,P0048,SR006,3,17550.00,0.00,52650.00,EUR,Direct,Completed
OL00004239,O0002370,2023-07-03,C00385,P0004,SR006,3,6500.00,0.00,19500.00,EUR,Direct,Completed
OL00004240,O0002371,2023-02-27,C00143,P0044,SR007,2,14850.00,0.15,25245.00,EUR,Direct,Completed
OL00004241,O0002372,2024-06-21,C00242,P0022,SR001,2,6500.00,0.00,13000.00,EUR,Direct,Completed
OL00004242,O0002373,2023-09-22,C00258,P0013,SR011,1,3200.00,0.00,3200.00,EUR,Direct,Completed
OL00004243,O0002373,2023-09-22,C00258,P0055,SR011,1,490.00,0.00,490.00,EUR,Direct,Completed
OL00004244,O0002374,2025-02-05,C00003,P0057,SR009,3,6480.00,0.05,18468.00,EUR,Direct,Completed
OL00004245,O0002375,2024-03-19,C00070,P0047,SR007,20,3960.00,0.00,79200.00,EUR,Direct,Completed
OL00004246,O0002376,2024-10-29,C00313,P0011,SR005,1,808.50,0.00,808.50,EUR,Partner,Completed
OL00004247,O0002377,2026-04-29,C00054,P0017,SR010,3,5280.00,0.15,13464.00,EUR,Direct,Completed
OL00004248,O0002377,2026-04-29,C00054,P0033,SR010,3,17550.00,0.05,50017.50,EUR,Direct,Completed
OL00004249,O0002378,2024-01-27,C00070,P0002,SR007,1,1633.50,0.05,1551.82,EUR,Online,Completed
OL00004250,O0002379,2023-03-27,C00386,P0002,SR010,1,1633.50,0.15,0.00,EUR,Direct,Cancelled
OL00004251,O0002379,2023-03-27,C00386,P0071,SR010,5,808.50,0.15,0.00,EUR,Direct,Cancelled
OL00004252,O0002380,2025-07-02,C00407,P0028,SR012,1,750.00,0.15,637.50,EUR,Direct,Completed
OL00004253,O0002381,2023-02-20,C00082,P0052,SR003,20,2400.00,0.10,43200.00,EUR,Partner,Completed
OL00004254,O0002381,2023-02-20,C00082,P0041,SR003,1,1237.50,0.15,1051.88,EUR,Partner,Completed
OL00004255,O0002382,2023-03-11,C00442,P0033,SR007,1,17550.00,0.00,17550.00,EUR,Partner,Completed
OL00004256,O0002382,2023-03-11,C00442,P0067,SR007,10,2400.00,0.00,24000.00,EUR,Partner,Completed
OL00004257,O0002383,2025-09-12,C00360,P0070,SR006,2,750.00,0.00,1500.00,EUR,Direct,Completed
OL00004258,O0002383,2025-09-12,C00360,P0060,SR006,5,17550.00,0.05,83362.50,EUR,Direct,Completed
OL00004259,O0002384,2023-07-10,C00347,P0012,SR007,1,17550.00,0.00,17550.00,EUR,Direct,Completed
OL00004260,O0002384,2023-07-10,C00347,P0024,SR007,2,3375.00,0.00,6750.00,EUR,Direct,Completed
OL00004261,O0002385,2024-11-20,C00233,P0012,SR009,1,17550.00,0.20,14040.00,EUR,Direct,Completed
OL00004262,O0002386,2025-01-30,C00459,P0036,SR007,3,8640.00,0.00,25920.00,EUR,Direct,Completed
OL00004263,O0002386,2025-01-30,C00459,P0052,SR007,20,2400.00,0.00,48000.00,EUR,Direct,Completed
OL00004264,O0002386,2025-01-30,C00459,P0021,SR007,2,6480.00,0.20,10368.00,EUR,Direct,Completed
OL00004265,O0002387,2026-08-02,C00258,P0039,SR012,2,12960.00,0.10,23328.00,EUR,Direct,Completed
OL00004266,O0002388,2026-07-20,C00078,P0020,SR002,5,14850.00,0.00,74250.00,EUR,Online,Completed
OL00004267,O0002388,2026-07-20,C00078,P0031,SR002,2,6500.00,0.15,11050.00,EUR,Online,Completed
OL00004268,O0002388,2026-07-20,C00078,P0059,SR002,1,14850.00,0.10,13365.00,EUR,Online,Completed
OL00004269,O0002389,2024-11-09,C00085,P0074,SR007,4,7920.00,0.00,0.00,EUR,Direct,Cancelled
OL00004270,O0002390,2025-09-12,C00477,P0037,SR012,2,4800.00,0.00,9600.00,EUR,Partner,Completed
OL00004271,O0002391,2023-11-11,C00287,P0035,SR004,4,1237.50,0.00,4950.00,EUR,Direct,Completed
OL00004272,O0002392,2025-11-30,C00436,P0028,SR008,1,750.00,0.00,750.00,EUR,Online,Completed
OL00004273,O0002392,2025-11-30,C00436,P0012,SR008,2,17550.00,0.05,33345.00,EUR,Online,Completed
OL00004274,O0002393,2026-07-11,C00150,P0058,SR002,3,2400.00,0.10,6480.00,EUR,Partner,Completed
OL00004275,O0002393,2026-07-11,C00150,P0005,SR002,1,10725.00,0.00,10725.00,EUR,Partner,Completed
OL00004276,O0002394,2023-03-08,C00131,P0031,SR004,1,6500.00,0.05,6175.00,EUR,Online,Completed
OL00004277,O0002395,2023-03-24,C00475,P0012,SR008,1,17550.00,0.15,14917.50,EUR,Direct,Completed
OL00004278,O0002396,2025-08-15,C00092,P0047,SR011,1,3960.00,0.05,3762.00,EUR,Direct,Completed
OL00004279,O0002397,2025-11-07,C00377,P0050,SR002,1,2062.50,0.00,2062.50,EUR,Partner,Completed
OL00004280,O0002397,2025-11-07,C00377,P0028,SR002,3,750.00,0.20,1800.00,EUR,Partner,Completed
OL00004281,O0002398,2025-10-27,C00158,P0034,SR012,3,490.00,0.00,1470.00,EUR,Online,Completed
OL00004282,O0002398,2025-10-27,C00158,P0063,SR012,1,12960.00,0.00,12960.00,EUR,Online,Completed
OL00004283,O0002399,2025-04-26,C00426,P0034,SR006,2,490.00,0.10,0.00,EUR,Partner,Cancelled
OL00004284,O0002400,2025-02-03,C00211,P0006,SR001,1,3375.00,0.10,3037.50,EUR,Direct,Completed
